scope,policy,baseline,comparisons,full_deadline_service,original_joint,direction_all_five,statuses
primary,RESERVED_THERMAL_REQUEST_V1_NUMERIC_R2,SHARED_EFT,6,6,0,0,"{""numerical_tie"": 3, ""sign_sensitive"": 3}"
primary,RESERVED_THERMAL_REQUEST_V1_NUMERIC_R2,EFT_REFERENCE,6,6,0,0,"{""heat_energy_tradeoff_all_five"": 1, ""no_joint_direction"": 1, ""numerical_tie"": 4}"
primary,RESERVED_THERMAL_REQUEST_V1_NUMERIC_R2,BAND_HEFT_WHOLE_REQUEST_ADAPT_V1,6,6,0,0,"{""numerical_tie"": 3, ""sign_sensitive"": 3}"
primary,RESERVED_THERMAL_REQUEST_V1_NUMERIC_R2,TRITON_RATE_OFF_FIXED_REQUEST_ADAPT_V1,6,6,6,6,"{""joint_direction_all_five"": 6}"
primary,IE_EDD_ECT_LANE_PC_V1,SHARED_EFT,6,6,0,0,"{""numerical_tie"": 3, ""sign_sensitive"": 3}"
primary,IE_EDD_ECT_LANE_PC_V1,EFT_REFERENCE,6,6,0,0,"{""numerical_tie"": 6}"
primary,IE_EDD_ECT_LANE_PC_V1,BAND_HEFT_WHOLE_REQUEST_ADAPT_V1,6,6,0,0,"{""numerical_tie"": 3, ""sign_sensitive"": 3}"
primary,IE_EDD_ECT_LANE_PC_V1,TRITON_RATE_OFF_FIXED_REQUEST_ADAPT_V1,6,6,6,6,"{""joint_direction_all_five"": 6}"
all,RESERVED_THERMAL_REQUEST_V1_NUMERIC_R2,SHARED_EFT,12,6,0,0,"{""deadline_ineligible"": 3, ""numerical_tie"": 3, ""service_ineligible"": 3, ""sign_sensitive"": 3}"
all,RESERVED_THERMAL_REQUEST_V1_NUMERIC_R2,EFT_REFERENCE,12,6,0,0,"{""deadline_ineligible"": 6, ""heat_energy_tradeoff_all_five"": 1, ""no_joint_direction"": 1, ""numerical_tie"": 4}"
all,RESERVED_THERMAL_REQUEST_V1_NUMERIC_R2,BAND_HEFT_WHOLE_REQUEST_ADAPT_V1,12,6,0,0,"{""deadline_ineligible"": 3, ""numerical_tie"": 3, ""service_ineligible"": 3, ""sign_sensitive"": 3}"
all,RESERVED_THERMAL_REQUEST_V1_NUMERIC_R2,TRITON_RATE_OFF_FIXED_REQUEST_ADAPT_V1,12,6,6,6,"{""deadline_ineligible"": 3, ""joint_direction_all_five"": 6, ""service_ineligible"": 3}"
all,IE_EDD_ECT_LANE_PC_V1,SHARED_EFT,12,6,0,0,"{""deadline_ineligible"": 3, ""numerical_tie"": 3, ""service_ineligible"": 3, ""sign_sensitive"": 3}"
all,IE_EDD_ECT_LANE_PC_V1,EFT_REFERENCE,12,6,0,0,"{""deadline_ineligible"": 6, ""numerical_tie"": 6}"
all,IE_EDD_ECT_LANE_PC_V1,BAND_HEFT_WHOLE_REQUEST_ADAPT_V1,12,6,0,0,"{""deadline_ineligible"": 3, ""numerical_tie"": 3, ""service_ineligible"": 3, ""sign_sensitive"": 3}"
all,IE_EDD_ECT_LANE_PC_V1,TRITON_RATE_OFF_FIXED_REQUEST_ADAPT_V1,12,6,6,6,"{""deadline_ineligible"": 3, ""joint_direction_all_five"": 6, ""service_ineligible"": 3}"
