stage,seed,pattern,context,policy,planned,completed,deadline_met,incomplete,delta_energy_j,delta_peak_ap_c,delta_thermal_degree_seconds,delta_urgent_p95_ms,delta_normal_mean_ms,decision_host_total_s,decision_host_max_ms,projections,raw_missed_counter_not_used
development,610710001,CCD,mean,PREFIX3_IMMEDIATE,3,3,3,0,0.0,0.0,0.0,0.0,0.0,0.03885919996537268,13.088200008496642,83,5
development,610710001,CCD,mean,COMPLETE3_IMMEDIATE,3,3,3,0,-0.08649369917372951,9.643697875461044e-05,0.0,277.48790299999996,-330.432552,0.03540790011174977,19.85479996073991,61,12
development,610710001,CCD,short_context,PREFIX3_IMMEDIATE,3,3,3,0,0.0,0.0,0.0,0.0,0.0,0.054214200121350586,18.426100024953485,83,5
development,610710001,CCD,short_context,COMPLETE3_IMMEDIATE,3,3,3,0,-0.08919511795980384,9.381498210814243e-05,0.0,262.31837800000005,-330.432551,0.037935900036245584,18.29180005006492,61,12
development,610710001,CCD,long_context,PREFIX3_IMMEDIATE,3,3,3,0,0.0,0.0,0.0,0.0,0.0,0.05032109981402755,17.101400066167116,83,5
development,610710001,CCD,long_context,COMPLETE3_IMMEDIATE,3,3,3,0,-0.08299240755789583,9.88187376940175e-05,0.0,292.657428,-330.432552,0.030023000086657703,14.33749997522682,57,10
development,610710001,CDD,mean,PREFIX3_IMMEDIATE,3,3,3,0,0.0,0.0,0.0,0.0,0.0,0.03072030027396977,8.460800047032535,48,4
development,610710001,CDD,mean,COMPLETE3_IMMEDIATE,3,3,3,0,-0.04324684916613819,4.6989357315396774e-05,0.0,137.874704,-165.2162760000001,0.02921359962783754,9.914299938827753,36,16
development,610710001,CDD,short_context,PREFIX3_IMMEDIATE,3,3,3,0,0.0,0.0,0.0,0.0,0.0,0.030456599895842373,7.631200016476214,48,4
development,610710001,CDD,short_context,COMPLETE3_IMMEDIATE,3,3,3,0,-0.044597559272119724,4.569743799720527e-05,0.0,130.42854999999997,-165.2162760000001,0.026674999971874058,9.778799954801798,36,16
development,610710001,CDD,long_context,PREFIX3_IMMEDIATE,3,3,3,0,0.0,0.0,0.0,0.0,0.0,0.033259900053963065,9.982499992474914,48,4
development,610710001,CDD,long_context,COMPLETE3_IMMEDIATE,3,3,3,0,-0.0418961404860454,4.828184605543129e-05,0.0,145.320858,-165.2162760000001,0.024179999832995236,10.035199928097427,34,14
development,610710002,CCD,mean,PREFIX3_IMMEDIATE,3,3,3,0,0.0,0.0,0.0,0.0,0.0,0.04382139991503209,19.288099952973425,83,5
development,610710002,CCD,mean,COMPLETE3_IMMEDIATE,3,3,3,0,-0.08649369917372951,9.655769146377224e-05,0.0,277.48790299999996,-330.432552,0.0388600000878796,19.691099994815886,61,12
development,610710002,CCD,short_context,PREFIX3_IMMEDIATE,3,3,3,0,0.0,0.0,0.0,0.0,0.0,0.055997399846091866,20.054299966432154,83,5
development,610710002,CCD,short_context,COMPLETE3_IMMEDIATE,3,3,3,0,-0.08919511795980384,9.393241279198605e-05,0.0,262.31837800000005,-330.432551,0.03885290015023202,19.39460006542504,61,12
development,610710002,CCD,long_context,PREFIX3_IMMEDIATE,3,3,3,0,0.0,0.0,0.0,0.0,0.0,0.058941499912180007,20.529999979771674,83,5
development,610710002,CCD,long_context,COMPLETE3_IMMEDIATE,3,3,3,0,-0.08299240755789583,9.894243170904815e-05,0.0,292.657428,-330.432552,0.035311599960550666,18.600599956698716,57,10
development,610710002,CDD,mean,PREFIX3_IMMEDIATE,3,3,3,0,0.0,0.0,0.0,0.0,0.0,0.040054600103758276,11.887600063346326,48,4
development,610710002,CDD,mean,COMPLETE3_IMMEDIATE,3,3,3,0,-0.04324684916616661,4.704817513356829e-05,0.0,137.874704,-165.2162760000001,0.03197739983443171,10.985599947161973,36,16
development,610710002,CDD,short_context,PREFIX3_IMMEDIATE,3,3,3,0,0.0,0.0,0.0,0.0,0.0,0.04187180020380765,8.84220004081726,48,4
development,610710002,CDD,short_context,COMPLETE3_IMMEDIATE,3,3,3,0,-0.044597559272119724,4.575463868761176e-05,0.0,130.42854999999997,-165.2162760000001,0.04230090032797307,19.0817000111565,36,16
development,610710002,CDD,long_context,PREFIX3_IMMEDIATE,3,3,3,0,0.0,0.0,0.0,0.0,0.0,0.06805000000167638,23.334300029091537,48,4
development,610710002,CDD,long_context,COMPLETE3_IMMEDIATE,3,3,3,0,-0.0418961404860454,4.834228170835786e-05,0.0,145.320858,-165.2162760000001,0.049414899898692966,24.14270001463592,34,14
confirmation,610720001,CCD,mean,PREFIX3_IMMEDIATE,3,3,3,0,0.0,0.0,0.0,0.0,0.0,0.09038549987599254,32.14250004384667,83,5
confirmation,610720001,CCD,mean,COMPLETE3_IMMEDIATE,3,3,3,0,-0.08649369917372951,9.626672965978855e-05,0.0,277.48790299999996,-330.432552,0.054874899913556874,32.85149997100234,61,12
confirmation,610720001,CCD,short_context,PREFIX3_IMMEDIATE,3,3,3,0,0.0,0.0,0.0,0.0,0.0,0.09516410005744547,41.980599984526634,83,5
confirmation,610720001,CCD,short_context,COMPLETE3_IMMEDIATE,3,3,3,0,-0.08919511795980384,9.364936187239437e-05,0.0,262.31837800000005,-330.432551,0.06747560040093958,33.716400037519634,61,12
confirmation,610720001,CCD,long_context,PREFIX3_IMMEDIATE,3,3,3,0,0.0,0.0,0.0,0.0,0.0,0.07835659990087152,34.56619998905808,83,5
confirmation,610720001,CCD,long_context,COMPLETE3_IMMEDIATE,3,3,3,0,-0.08299240755789583,9.864428385952806e-05,0.0,292.657428,-330.432552,0.06764349981676787,41.69230000115931,57,10
confirmation,610720001,CDD,mean,PREFIX3_IMMEDIATE,3,3,3,0,0.0,0.0,0.0,0.0,0.0,0.07003900001291186,22.590800072066486,48,4
confirmation,610720001,CDD,mean,COMPLETE3_IMMEDIATE,3,3,3,0,-0.04324684916613819,4.690640266602486e-05,0.0,137.874704,-165.2162760000001,0.044584100134670734,15.076300012879074,36,16
confirmation,610720001,CDD,short_context,PREFIX3_IMMEDIATE,3,3,3,0,0.0,0.0,0.0,0.0,0.0,0.05234819988254458,20.800699945539236,48,4
confirmation,610720001,CDD,short_context,COMPLETE3_IMMEDIATE,3,3,3,0,-0.044597559272119724,4.561676409764459e-05,0.0,130.42854999999997,-165.2162760000001,0.038685700041241944,13.784600072540343,36,16
confirmation,610720001,CDD,long_context,PREFIX3_IMMEDIATE,3,3,3,0,0.0,0.0,0.0,0.0,0.0,0.052625399897806346,20.631999941542745,48,4
confirmation,610720001,CDD,long_context,COMPLETE3_IMMEDIATE,3,3,3,0,-0.0418961404860454,4.8196609665041024e-05,0.0,145.320858,-165.2162760000001,0.05256379989441484,23.053199984133244,34,14
confirmation,610720002,CCD,mean,PREFIX3_IMMEDIATE,3,3,3,0,0.0,0.0,0.0,0.0,0.0,0.09915560018271208,33.44099991954863,83,5
confirmation,610720002,CCD,mean,COMPLETE3_IMMEDIATE,3,3,3,0,-0.08649369917372951,9.632678337823108e-05,0.0,277.48790299999996,-330.432552,0.06252900010440499,34.57340004388243,61,12
confirmation,610720002,CCD,short_context,PREFIX3_IMMEDIATE,3,3,3,0,0.0,0.0,0.0,0.0,0.0,0.08620780007913709,36.36620007455349,83,5
confirmation,610720002,CCD,short_context,COMPLETE3_IMMEDIATE,3,3,3,0,-0.08919511795980384,9.370778280270997e-05,0.0,262.31837800000005,-330.432551,0.057236600085161626,28.117600013501942,61,12
confirmation,610720002,CCD,long_context,PREFIX3_IMMEDIATE,3,3,3,0,0.0,0.0,0.0,0.0,0.0,0.08194970001932234,16.52860001195222,83,5
confirmation,610720002,CCD,long_context,COMPLETE3_IMMEDIATE,3,3,3,0,-0.08299240755789583,9.870582076487722e-05,0.0,292.657428,-330.432552,0.05889130011200905,35.699800006113946,57,10
confirmation,610720002,CDD,mean,PREFIX3_IMMEDIATE,3,3,3,0,0.0,0.0,0.0,0.0,0.0,0.07468030008021742,26.30719996523112,48,4
confirmation,610720002,CDD,mean,COMPLETE3_IMMEDIATE,3,3,3,0,-0.04324684916616661,4.6935664112623954e-05,0.0,137.874704,-165.2162760000001,0.03346669988241047,11.744000017642975,36,16
confirmation,610720002,CDD,short_context,PREFIX3_IMMEDIATE,3,3,3,0,0.0,0.0,0.0,0.0,0.0,0.05590639973524958,20.826400024816394,48,4
confirmation,610720002,CDD,short_context,COMPLETE3_IMMEDIATE,3,3,3,0,-0.044597559272119724,4.564522103223112e-05,0.0,130.42854999999997,-165.2162760000001,0.05254970001988113,22.05220004543662,36,16
confirmation,610720002,CDD,long_context,PREFIX3_IMMEDIATE,3,3,3,0,0.0,0.0,0.0,0.0,0.0,0.04046099993865937,11.369600077159703,48,4
confirmation,610720002,CDD,long_context,COMPLETE3_IMMEDIATE,3,3,3,0,-0.0418961404860454,4.822667597181862e-05,0.0,145.320858,-165.2162760000001,0.03020390006713569,12.357600033283234,34,14
