seed,family,context,policy,baseline,service_preserved,both_all_deadlines,policy_deadline_failures,baseline_deadline_failures,frozen_delta_energy_j,frozen_delta_peak_ap_c,original_joint_direction,status,energy_min_j,energy_max_j,ap_min_c,ap_max_c,joint_direction_all_five,all_deadline_joint_direction,physical_saving_verified
610880001,low,mean,RESERVED_THERMAL_REQUEST_V1_NUMERIC_R2,SHARED_EFT,True,True,0,0,0.0,0.0,False,numerical_tie,0.0,0.0,0.0,0.0,False,False,False
610880001,low,mean,RESERVED_THERMAL_REQUEST_V1_NUMERIC_R2,EFT_REFERENCE,True,True,0,0,0.0,0.0,False,numerical_tie,0.0,0.0,0.0,0.0,False,False,False
610880001,low,mean,RESERVED_THERMAL_REQUEST_V1_NUMERIC_R2,BAND_HEFT_WHOLE_REQUEST_ADAPT_V1,True,True,0,0,0.0,0.0,False,numerical_tie,0.0,0.0,0.0,0.0,False,False,False
610880001,low,mean,RESERVED_THERMAL_REQUEST_V1_NUMERIC_R2,TRITON_RATE_OFF_FIXED_REQUEST_ADAPT_V1,True,True,0,0,-0.2855510426356034,-0.04988778662035642,True,joint_direction_all_five,-4.3783062904279575,-0.2855510426356034,-0.051252135769782825,-0.04832312386819382,True,True,False
610880001,low,mean,IE_EDD_ECT_LANE_PC_V1,SHARED_EFT,True,True,0,0,0.0,0.0,False,numerical_tie,0.0,0.0,0.0,0.0,False,False,False
610880001,low,mean,IE_EDD_ECT_LANE_PC_V1,EFT_REFERENCE,True,True,0,0,0.0,0.0,False,numerical_tie,0.0,0.0,0.0,0.0,False,False,False
610880001,low,mean,IE_EDD_ECT_LANE_PC_V1,BAND_HEFT_WHOLE_REQUEST_ADAPT_V1,True,True,0,0,0.0,0.0,False,numerical_tie,0.0,0.0,0.0,0.0,False,False,False
610880001,low,mean,IE_EDD_ECT_LANE_PC_V1,TRITON_RATE_OFF_FIXED_REQUEST_ADAPT_V1,True,True,0,0,-0.2855510426356034,-0.04988778662035642,True,joint_direction_all_five,-4.3783062904279575,-0.2855510426356034,-0.051252135769782825,-0.04832312386819382,True,True,False
610880001,low,short_context,RESERVED_THERMAL_REQUEST_V1_NUMERIC_R2,SHARED_EFT,True,True,0,0,0.0,0.0,False,numerical_tie,0.0,0.0,0.0,0.0,False,False,False
610880001,low,short_context,RESERVED_THERMAL_REQUEST_V1_NUMERIC_R2,EFT_REFERENCE,True,True,0,0,0.0,0.0,False,numerical_tie,0.0,0.0,0.0,0.0,False,False,False
610880001,low,short_context,RESERVED_THERMAL_REQUEST_V1_NUMERIC_R2,BAND_HEFT_WHOLE_REQUEST_ADAPT_V1,True,True,0,0,0.0,0.0,False,numerical_tie,0.0,0.0,0.0,0.0,False,False,False
610880001,low,short_context,RESERVED_THERMAL_REQUEST_V1_NUMERIC_R2,TRITON_RATE_OFF_FIXED_REQUEST_ADAPT_V1,True,True,0,0,-0.2636374739105918,-0.04849868788124567,True,joint_direction_all_five,-4.2430874165128785,-0.2636374739105918,-0.049825532876127454,-0.04697489466398608,True,True,False
610880001,low,short_context,IE_EDD_ECT_LANE_PC_V1,SHARED_EFT,True,True,0,0,0.0,0.0,False,numerical_tie,0.0,0.0,0.0,0.0,False,False,False
610880001,low,short_context,IE_EDD_ECT_LANE_PC_V1,EFT_REFERENCE,True,True,0,0,0.0,0.0,False,numerical_tie,0.0,0.0,0.0,0.0,False,False,False
610880001,low,short_context,IE_EDD_ECT_LANE_PC_V1,BAND_HEFT_WHOLE_REQUEST_ADAPT_V1,True,True,0,0,0.0,0.0,False,numerical_tie,0.0,0.0,0.0,0.0,False,False,False
610880001,low,short_context,IE_EDD_ECT_LANE_PC_V1,TRITON_RATE_OFF_FIXED_REQUEST_ADAPT_V1,True,True,0,0,-0.2636374739105918,-0.04849868788124567,True,joint_direction_all_five,-4.2430874165128785,-0.2636374739105918,-0.049825532876127454,-0.04697489466398608,True,True,False
610880001,low,long_context,RESERVED_THERMAL_REQUEST_V1_NUMERIC_R2,SHARED_EFT,True,True,0,0,0.0,0.0,False,numerical_tie,0.0,0.0,0.0,0.0,False,False,False
610880001,low,long_context,RESERVED_THERMAL_REQUEST_V1_NUMERIC_R2,EFT_REFERENCE,True,True,0,0,0.0,0.0,False,numerical_tie,0.0,0.0,0.0,0.0,False,False,False
610880001,low,long_context,RESERVED_THERMAL_REQUEST_V1_NUMERIC_R2,BAND_HEFT_WHOLE_REQUEST_ADAPT_V1,True,True,0,0,0.0,0.0,False,numerical_tie,0.0,0.0,0.0,0.0,False,False,False
610880001,low,long_context,RESERVED_THERMAL_REQUEST_V1_NUMERIC_R2,TRITON_RATE_OFF_FIXED_REQUEST_ADAPT_V1,True,True,0,0,-0.30746461136070025,-0.05127737823507772,True,joint_direction_all_five,-4.51352516434315,-0.30746461136070025,-0.05267921840165357,-0.049671978657887195,True,True,False
610880001,low,long_context,IE_EDD_ECT_LANE_PC_V1,SHARED_EFT,True,True,0,0,0.0,0.0,False,numerical_tie,0.0,0.0,0.0,0.0,False,False,False
610880001,low,long_context,IE_EDD_ECT_LANE_PC_V1,EFT_REFERENCE,True,True,0,0,0.0,0.0,False,numerical_tie,0.0,0.0,0.0,0.0,False,False,False
610880001,low,long_context,IE_EDD_ECT_LANE_PC_V1,BAND_HEFT_WHOLE_REQUEST_ADAPT_V1,True,True,0,0,0.0,0.0,False,numerical_tie,0.0,0.0,0.0,0.0,False,False,False
610880001,low,long_context,IE_EDD_ECT_LANE_PC_V1,TRITON_RATE_OFF_FIXED_REQUEST_ADAPT_V1,True,True,0,0,-0.30746461136070025,-0.05127737823507772,True,joint_direction_all_five,-4.51352516434315,-0.30746461136070025,-0.05267921840165357,-0.049671978657887195,True,True,False
610880001,queue,mean,RESERVED_THERMAL_REQUEST_V1_NUMERIC_R2,SHARED_EFT,False,False,4,3,0.08649369988665967,-0.04972117818311261,False,service_ineligible,-0.16913692298896876,0.08649369988665967,-0.07299631320891109,-0.048264474263366,False,False,False
610880001,queue,mean,RESERVED_THERMAL_REQUEST_V1_NUMERIC_R2,EFT_REFERENCE,True,False,4,4,0.0,0.0,False,deadline_ineligible,0.0,0.0,0.0,0.0,False,False,False
610880001,queue,mean,RESERVED_THERMAL_REQUEST_V1_NUMERIC_R2,BAND_HEFT_WHOLE_REQUEST_ADAPT_V1,False,False,4,3,0.08649369988665967,-0.04972117818311261,False,service_ineligible,-0.16913692298896876,0.08649369988665967,-0.07299631320891109,-0.048264474263366,False,False,False
610880001,queue,mean,RESERVED_THERMAL_REQUEST_V1_NUMERIC_R2,TRITON_RATE_OFF_FIXED_REQUEST_ADAPT_V1,False,False,4,3,0.08649369988665967,-0.04972117818311261,False,service_ineligible,-0.16913692298896876,0.08649369988665967,-0.07299631320891109,-0.048264474263366,False,False,False
610880001,queue,mean,IE_EDD_ECT_LANE_PC_V1,SHARED_EFT,False,False,4,3,0.08649369988665967,-0.04972117818311261,False,service_ineligible,-0.16913692298896876,0.08649369988665967,-0.07299631320891109,-0.048264474263366,False,False,False
610880001,queue,mean,IE_EDD_ECT_LANE_PC_V1,EFT_REFERENCE,True,False,4,4,0.0,0.0,False,deadline_ineligible,0.0,0.0,0.0,0.0,False,False,False
610880001,queue,mean,IE_EDD_ECT_LANE_PC_V1,BAND_HEFT_WHOLE_REQUEST_ADAPT_V1,False,False,4,3,0.08649369988665967,-0.04972117818311261,False,service_ineligible,-0.16913692298896876,0.08649369988665967,-0.07299631320891109,-0.048264474263366,False,False,False
610880001,queue,mean,IE_EDD_ECT_LANE_PC_V1,TRITON_RATE_OFF_FIXED_REQUEST_ADAPT_V1,False,False,4,3,0.08649369988665967,-0.04972117818311261,False,service_ineligible,-0.16913692298896876,0.08649369988665967,-0.07299631320891109,-0.048264474263366,False,False,False
610880001,queue,short_context,RESERVED_THERMAL_REQUEST_V1_NUMERIC_R2,SHARED_EFT,False,False,4,3,0.08919511795980384,-0.04999174913481852,False,service_ineligible,-0.156755863495448,0.08919511795980384,-0.07349159315775111,-0.04851544598749413,False,False,False
610880001,queue,short_context,RESERVED_THERMAL_REQUEST_V1_NUMERIC_R2,EFT_REFERENCE,True,False,4,4,0.0,0.0,False,deadline_ineligible,0.0,0.0,0.0,0.0,False,False,False
610880001,queue,short_context,RESERVED_THERMAL_REQUEST_V1_NUMERIC_R2,BAND_HEFT_WHOLE_REQUEST_ADAPT_V1,False,False,4,3,0.08919511795980384,-0.04999174913481852,False,service_ineligible,-0.156755863495448,0.08919511795980384,-0.07349159315775111,-0.04851544598749413,False,False,False
610880001,queue,short_context,RESERVED_THERMAL_REQUEST_V1_NUMERIC_R2,TRITON_RATE_OFF_FIXED_REQUEST_ADAPT_V1,False,False,4,3,0.08919511795980384,-0.04999174913481852,False,service_ineligible,-0.156755863495448,0.08919511795980384,-0.07349159315775111,-0.04851544598749413,False,False,False
610880001,queue,short_context,IE_EDD_ECT_LANE_PC_V1,SHARED_EFT,False,False,4,3,0.08919511795980384,-0.04999174913481852,False,service_ineligible,-0.156755863495448,0.08919511795980384,-0.07349159315775111,-0.04851544598749413,False,False,False
610880001,queue,short_context,IE_EDD_ECT_LANE_PC_V1,EFT_REFERENCE,True,False,4,4,0.0,0.0,False,deadline_ineligible,0.0,0.0,0.0,0.0,False,False,False
610880001,queue,short_context,IE_EDD_ECT_LANE_PC_V1,BAND_HEFT_WHOLE_REQUEST_ADAPT_V1,False,False,4,3,0.08919511795980384,-0.04999174913481852,False,service_ineligible,-0.156755863495448,0.08919511795980384,-0.07349159315775111,-0.04851544598749413,False,False,False
610880001,queue,short_context,IE_EDD_ECT_LANE_PC_V1,TRITON_RATE_OFF_FIXED_REQUEST_ADAPT_V1,False,False,4,3,0.08919511795980384,-0.04999174913481852,False,service_ineligible,-0.156755863495448,0.08919511795980384,-0.07349159315775111,-0.04851544598749413,False,False,False
610880001,queue,long_context,RESERVED_THERMAL_REQUEST_V1_NUMERIC_R2,SHARED_EFT,False,False,4,3,0.0837922802127764,-0.04953503282568761,False,service_ineligible,-0.18151798443440725,0.0837922802127764,-0.07260412478298406,-0.04809794161553782,False,False,False
610880001,queue,long_context,RESERVED_THERMAL_REQUEST_V1_NUMERIC_R2,EFT_REFERENCE,True,False,4,4,0.0,0.0,False,deadline_ineligible,0.0,0.0,0.0,0.0,False,False,False
610880001,queue,long_context,RESERVED_THERMAL_REQUEST_V1_NUMERIC_R2,BAND_HEFT_WHOLE_REQUEST_ADAPT_V1,False,False,4,3,0.0837922802127764,-0.04953503282568761,False,service_ineligible,-0.18151798443440725,0.0837922802127764,-0.07260412478298406,-0.04809794161553782,False,False,False
610880001,queue,long_context,RESERVED_THERMAL_REQUEST_V1_NUMERIC_R2,TRITON_RATE_OFF_FIXED_REQUEST_ADAPT_V1,False,False,4,3,0.0837922802127764,-0.04953503282568761,False,service_ineligible,-0.18151798443440725,0.0837922802127764,-0.07260412478298406,-0.04809794161553782,False,False,False
610880001,queue,long_context,IE_EDD_ECT_LANE_PC_V1,SHARED_EFT,False,False,4,3,0.0837922802127764,-0.04953503282568761,False,service_ineligible,-0.18151798443440725,0.0837922802127764,-0.07260412478298406,-0.04809794161553782,False,False,False
610880001,queue,long_context,IE_EDD_ECT_LANE_PC_V1,EFT_REFERENCE,True,False,4,4,0.0,0.0,False,deadline_ineligible,0.0,0.0,0.0,0.0,False,False,False
610880001,queue,long_context,IE_EDD_ECT_LANE_PC_V1,BAND_HEFT_WHOLE_REQUEST_ADAPT_V1,False,False,4,3,0.0837922802127764,-0.04953503282568761,False,service_ineligible,-0.18151798443440725,0.0837922802127764,-0.07260412478298406,-0.04809794161553782,False,False,False
610880001,queue,long_context,IE_EDD_ECT_LANE_PC_V1,TRITON_RATE_OFF_FIXED_REQUEST_ADAPT_V1,False,False,4,3,0.0837922802127764,-0.04953503282568761,False,service_ineligible,-0.18151798443440725,0.0837922802127764,-0.07260412478298406,-0.04809794161553782,False,False,False
610880001,burst,mean,RESERVED_THERMAL_REQUEST_V1_NUMERIC_R2,SHARED_EFT,True,False,1,1,0.0,0.0,False,deadline_ineligible,0.0,0.0,0.0,0.0,False,False,False
610880001,burst,mean,RESERVED_THERMAL_REQUEST_V1_NUMERIC_R2,EFT_REFERENCE,True,False,1,1,0.0,0.0,False,deadline_ineligible,0.0,0.0,0.0,0.0,False,False,False
610880001,burst,mean,RESERVED_THERMAL_REQUEST_V1_NUMERIC_R2,BAND_HEFT_WHOLE_REQUEST_ADAPT_V1,True,False,1,1,0.0,0.0,False,deadline_ineligible,0.0,0.0,0.0,0.0,False,False,False
610880001,burst,mean,RESERVED_THERMAL_REQUEST_V1_NUMERIC_R2,TRITON_RATE_OFF_FIXED_REQUEST_ADAPT_V1,True,False,1,1,0.0,0.0,False,deadline_ineligible,0.0,0.0,0.0,0.0,False,False,False
610880001,burst,mean,IE_EDD_ECT_LANE_PC_V1,SHARED_EFT,True,False,1,1,0.0,0.0,False,deadline_ineligible,0.0,0.0,0.0,0.0,False,False,False
610880001,burst,mean,IE_EDD_ECT_LANE_PC_V1,EFT_REFERENCE,True,False,1,1,0.0,0.0,False,deadline_ineligible,0.0,0.0,0.0,0.0,False,False,False
610880001,burst,mean,IE_EDD_ECT_LANE_PC_V1,BAND_HEFT_WHOLE_REQUEST_ADAPT_V1,True,False,1,1,0.0,0.0,False,deadline_ineligible,0.0,0.0,0.0,0.0,False,False,False
610880001,burst,mean,IE_EDD_ECT_LANE_PC_V1,TRITON_RATE_OFF_FIXED_REQUEST_ADAPT_V1,True,False,1,1,0.0,0.0,False,deadline_ineligible,0.0,0.0,0.0,0.0,False,False,False
610880001,burst,short_context,RESERVED_THERMAL_REQUEST_V1_NUMERIC_R2,SHARED_EFT,True,False,1,1,0.0004309838527944976,-0.00023815584699349301,False,deadline_ineligible,2.003337587552778e-05,0.003060903920442115,-0.0002514784200506881,-0.00023815584699349301,False,False,False
610880001,burst,short_context,RESERVED_THERMAL_REQUEST_V1_NUMERIC_R2,EFT_REFERENCE,True,False,1,1,0.0004309838527944976,-0.00023815584699349301,False,deadline_ineligible,2.003337587552778e-05,0.003060903920442115,-0.0002514784200506881,-0.00023815584699349301,False,False,False
610880001,burst,short_context,RESERVED_THERMAL_REQUEST_V1_NUMERIC_R2,BAND_HEFT_WHOLE_REQUEST_ADAPT_V1,True,False,1,1,0.0004309838527944976,-0.00023815584699349301,False,deadline_ineligible,2.003337587552778e-05,0.003060903920442115,-0.0002514784200506881,-0.00023815584699349301,False,False,False
610880001,burst,short_context,RESERVED_THERMAL_REQUEST_V1_NUMERIC_R2,TRITON_RATE_OFF_FIXED_REQUEST_ADAPT_V1,True,False,1,1,0.0004309838527944976,-0.00023815584699349301,False,deadline_ineligible,2.003337587552778e-05,0.003060903920442115,-0.0002514784200506881,-0.00023815584699349301,False,False,False
610880001,burst,short_context,IE_EDD_ECT_LANE_PC_V1,SHARED_EFT,True,False,1,1,0.0,0.0,False,deadline_ineligible,0.0,0.0,0.0,0.0,False,False,False
610880001,burst,short_context,IE_EDD_ECT_LANE_PC_V1,EFT_REFERENCE,True,False,1,1,0.0,0.0,False,deadline_ineligible,0.0,0.0,0.0,0.0,False,False,False
610880001,burst,short_context,IE_EDD_ECT_LANE_PC_V1,BAND_HEFT_WHOLE_REQUEST_ADAPT_V1,True,False,1,1,0.0,0.0,False,deadline_ineligible,0.0,0.0,0.0,0.0,False,False,False
610880001,burst,short_context,IE_EDD_ECT_LANE_PC_V1,TRITON_RATE_OFF_FIXED_REQUEST_ADAPT_V1,True,False,1,1,0.0,0.0,False,deadline_ineligible,0.0,0.0,0.0,0.0,False,False,False
610880001,burst,long_context,RESERVED_THERMAL_REQUEST_V1_NUMERIC_R2,SHARED_EFT,True,False,1,1,0.0,0.0,False,deadline_ineligible,0.0,0.0,0.0,0.0,False,False,False
610880001,burst,long_context,RESERVED_THERMAL_REQUEST_V1_NUMERIC_R2,EFT_REFERENCE,True,False,1,1,0.0,0.0,False,deadline_ineligible,0.0,0.0,0.0,0.0,False,False,False
610880001,burst,long_context,RESERVED_THERMAL_REQUEST_V1_NUMERIC_R2,BAND_HEFT_WHOLE_REQUEST_ADAPT_V1,True,False,1,1,0.0,0.0,False,deadline_ineligible,0.0,0.0,0.0,0.0,False,False,False
610880001,burst,long_context,RESERVED_THERMAL_REQUEST_V1_NUMERIC_R2,TRITON_RATE_OFF_FIXED_REQUEST_ADAPT_V1,True,False,1,1,0.0,0.0,False,deadline_ineligible,0.0,0.0,0.0,0.0,False,False,False
610880001,burst,long_context,IE_EDD_ECT_LANE_PC_V1,SHARED_EFT,True,False,1,1,0.0,0.0,False,deadline_ineligible,0.0,0.0,0.0,0.0,False,False,False
610880001,burst,long_context,IE_EDD_ECT_LANE_PC_V1,EFT_REFERENCE,True,False,1,1,0.0,0.0,False,deadline_ineligible,0.0,0.0,0.0,0.0,False,False,False
610880001,burst,long_context,IE_EDD_ECT_LANE_PC_V1,BAND_HEFT_WHOLE_REQUEST_ADAPT_V1,True,False,1,1,0.0,0.0,False,deadline_ineligible,0.0,0.0,0.0,0.0,False,False,False
610880001,burst,long_context,IE_EDD_ECT_LANE_PC_V1,TRITON_RATE_OFF_FIXED_REQUEST_ADAPT_V1,True,False,1,1,0.0,0.0,False,deadline_ineligible,0.0,0.0,0.0,0.0,False,False,False
610880001,sustained,mean,RESERVED_THERMAL_REQUEST_V1_NUMERIC_R2,SHARED_EFT,True,True,0,0,0.09947468135922577,-0.1936943555249968,False,sign_sensitive,-5.952649896832867,0.09947468135922577,-0.19926513693513215,-0.18895871416177812,False,False,False
610880001,sustained,mean,RESERVED_THERMAL_REQUEST_V1_NUMERIC_R2,EFT_REFERENCE,True,True,0,0,-0.005280491605446969,0.0,False,no_joint_direction,-0.4292165186032264,-0.005280491605446969,0.0,0.0,False,False,False
610880001,sustained,mean,RESERVED_THERMAL_REQUEST_V1_NUMERIC_R2,BAND_HEFT_WHOLE_REQUEST_ADAPT_V1,True,True,0,0,0.3304214791654374,-0.1581643527048513,False,sign_sensitive,-1.1787232741155833,0.3304214791654374,-0.16811430073494193,-0.1581643527048513,False,False,False
610880001,sustained,mean,RESERVED_THERMAL_REQUEST_V1_NUMERIC_R2,TRITON_RATE_OFF_FIXED_REQUEST_ADAPT_V1,True,True,0,0,-1.3758723722582147,-0.2720685023454905,True,joint_direction_all_five,-28.57389906404424,-1.3758723722582147,-0.28404243955762354,-0.24537912112590732,True,True,False
610880001,sustained,mean,IE_EDD_ECT_LANE_PC_V1,SHARED_EFT,True,True,0,0,0.10475517296467274,-0.1936943555249968,False,sign_sensitive,-5.52343337822964,0.10475517296467274,-0.19926513693513215,-0.18895871416177812,False,False,False
610880001,sustained,mean,IE_EDD_ECT_LANE_PC_V1,EFT_REFERENCE,True,True,0,0,0.0,0.0,False,numerical_tie,0.0,0.0,0.0,0.0,False,False,False
610880001,sustained,mean,IE_EDD_ECT_LANE_PC_V1,BAND_HEFT_WHOLE_REQUEST_ADAPT_V1,True,True,0,0,0.3357019707708844,-0.1581643527048513,False,sign_sensitive,-0.7495067555123569,0.3357019707708844,-0.16811430073494193,-0.1581643527048513,False,False,False
610880001,sustained,mean,IE_EDD_ECT_LANE_PC_V1,TRITON_RATE_OFF_FIXED_REQUEST_ADAPT_V1,True,True,0,0,-1.3705918806527677,-0.2720685023454905,True,joint_direction_all_five,-28.144682545441015,-1.3705918806527677,-0.28404243955762354,-0.24537912112590732,True,True,False
610880001,sustained,short_context,RESERVED_THERMAL_REQUEST_V1_NUMERIC_R2,SHARED_EFT,True,True,0,0,0.13734137210724384,-0.1880055430247154,False,sign_sensitive,-5.741556183931749,0.13734137210724384,-0.19344603393866322,-0.18322485580421954,False,False,False
610880001,sustained,short_context,RESERVED_THERMAL_REQUEST_V1_NUMERIC_R2,EFT_REFERENCE,True,True,0,0,0.00043099582003947035,-0.00011266402187004587,False,heat_energy_tradeoff_all_five,2.0046196880230127e-05,0.0030609053640660022,-0.00011837262278646676,-9.587712875358534e-05,False,False,False
610880001,sustained,short_context,RESERVED_THERMAL_REQUEST_V1_NUMERIC_R2,BAND_HEFT_WHOLE_REQUEST_ADAPT_V1,True,True,0,0,0.3446728588697283,-0.15330055786397168,False,sign_sensitive,-1.1081296321341654,0.3446728588697283,-0.16266573563049747,-0.15330055786397168,False,False,False
610880001,sustained,short_context,RESERVED_THERMAL_REQUEST_V1_NUMERIC_R2,TRITON_RATE_OFF_FIXED_REQUEST_ADAPT_V1,True,True,0,0,-1.2247855764307474,-0.26419740364043065,True,joint_direction_all_five,-27.66417450258149,-1.2247855764307474,-0.2758635608479878,-0.2380711170117209,True,True,False
610880001,sustained,short_context,IE_EDD_ECT_LANE_PC_V1,SHARED_EFT,True,True,0,0,0.13691037628720437,-0.18789287900284535,False,sign_sensitive,-5.744617089295815,0.13691037628720437,-0.19332766131587675,-0.18312897867546596,False,False,False
610880001,sustained,short_context,IE_EDD_ECT_LANE_PC_V1,EFT_REFERENCE,True,True,0,0,0.0,0.0,False,numerical_tie,0.0,0.0,0.0,0.0,False,False,False
610880001,sustained,short_context,IE_EDD_ECT_LANE_PC_V1,BAND_HEFT_WHOLE_REQUEST_ADAPT_V1,True,True,0,0,0.34424186304968885,-0.15318789384210163,False,sign_sensitive,-1.1111905374982314,0.34424186304968885,-0.16256817667273538,-0.15318789384210163,False,False,False
610880001,sustained,short_context,IE_EDD_ECT_LANE_PC_V1,TRITON_RATE_OFF_FIXED_REQUEST_ADAPT_V1,True,True,0,0,-1.2252165722507868,-0.2640847396185606,True,joint_direction_all_five,-27.667235407945554,-1.2252165722507868,-0.27574518822520133,-0.23797523988296732,True,True,False
610880001,sustained,long_context,RESERVED_THERMAL_REQUEST_V1_NUMERIC_R2,SHARED_EFT,True,True,0,0,0.06618330893761026,-0.19929196538798521,False,sign_sensitive,-5.742937849067175,0.06618330893761026,-0.2049942160141356,-0.19458546887506856,False,False,False
610880001,sustained,long_context,RESERVED_THERMAL_REQUEST_V1_NUMERIC_R2,EFT_REFERENCE,True,True,0,0,0.0,0.0,False,numerical_tie,0.0,0.0,0.0,0.0,False,False,False
610880001,sustained,long_context,RESERVED_THERMAL_REQUEST_V1_NUMERIC_R2,BAND_HEFT_WHOLE_REQUEST_ADAPT_V1,True,True,0,0,0.3210435816858421,-0.16295039792234434,False,sign_sensitive,-0.8263935181431066,0.3210435816858421,-0.17345836759900735,-0.16295039792234434,False,False,False
610880001,sustained,long_context,RESERVED_THERMAL_REQUEST_V1_NUMERIC_R2,TRITON_RATE_OFF_FIXED_REQUEST_ADAPT_V1,True,True,0,0,-1.522383849759251,-0.27984917272511467,True,joint_direction_all_five,-29.062817864840184,-1.522383849759251,-0.29213208789551004,-0.25258075200770946,True,True,False
610880001,sustained,long_context,IE_EDD_ECT_LANE_PC_V1,SHARED_EFT,True,True,0,0,0.06618330893761026,-0.19929196538798521,False,sign_sensitive,-5.742937849067175,0.06618330893761026,-0.2049942160141356,-0.19458546887506856,False,False,False
610880001,sustained,long_context,IE_EDD_ECT_LANE_PC_V1,EFT_REFERENCE,True,True,0,0,0.0,0.0,False,numerical_tie,0.0,0.0,0.0,0.0,False,False,False
610880001,sustained,long_context,IE_EDD_ECT_LANE_PC_V1,BAND_HEFT_WHOLE_REQUEST_ADAPT_V1,True,True,0,0,0.3210435816858421,-0.16295039792234434,False,sign_sensitive,-0.8263935181431066,0.3210435816858421,-0.17345836759900735,-0.16295039792234434,False,False,False
610880001,sustained,long_context,IE_EDD_ECT_LANE_PC_V1,TRITON_RATE_OFF_FIXED_REQUEST_ADAPT_V1,True,True,0,0,-1.522383849759251,-0.27984917272511467,True,joint_direction_all_five,-29.062817864840184,-1.522383849759251,-0.29213208789551004,-0.25258075200770946,True,True,False
