pair,mode,candidate,difference_error_j,peak_difference_error_c
0,A_conditional,FROZEN,9.266798733196168,0.8093629244766056
0,A_conditional,ROBUST_LOAD_GAIN_V1,9.337050901909521,0.7391115537160324
0,B_arrival,FROZEN,10.208701636708042,0.7895405463318284
0,B_arrival,ROBUST_LOAD_GAIN_V1,10.257134686612716,0.7211212369854643
1,A_conditional,FROZEN,-1.993068403020544,0.24798031784915509
1,A_conditional,ROBUST_LOAD_GAIN_V1,-1.9240365861381008,0.17791379241270988
1,B_arrival,FROZEN,-1.1038464965226638,0.22932924294416068
1,B_arrival,ROBUST_LOAD_GAIN_V1,-1.0554134466179903,0.16098652251321965
2,A_conditional,FROZEN,-13.979413550221722,1.4003230635118271
2,A_conditional,ROBUST_LOAD_GAIN_V1,-13.905814637159153,1.3310119724813063
2,B_arrival,FROZEN,-12.893036057821092,1.3964699548107475
2,B_arrival,ROBUST_LOAD_GAIN_V1,-12.844603007916419,1.3275149830977142
3,A_conditional,FROZEN,-0.04971617168163789,1.0754421819467694
3,A_conditional,ROBUST_LOAD_GAIN_V1,0.021109948531488953,1.004144925636922
3,B_arrival,FROZEN,0.9169634695530817,1.0559920288625122
3,B_arrival,ROBUST_LOAD_GAIN_V1,0.9653965194577552,0.986492431476627
