experiment_id,session_id,split,terminal_status,planned_request_count,completed_count,on_time_count,failed_count,unfinished_count,reason,device_profile_id,model_sha256,input_sha256,apk_sha256,source_commit,engine_version,precision,requested_backend,observed_backend_or_unknown,cpu_threads_or_unknown,fallback_status,policy_id,policy_sha256,registration_commit,registration_time,start_time,end_time,raw_relative_path,filename,bytes,sha256,validation_status,session_index,block,pair,attempt,rejected_expired_cancelled_counts
S26-MIXREQ-01,20b64aab-fe48-54ea-b5c8-476ec1972d7d,confirmation,not_attempted,192,0,0,0,192,not_attempted,S26-anon,unknown,3e8b925feafbfe5fdd4efb9d7911f445a3212100fa73744f6fd855cf6160f1ab,fb2407911a5ee036b52e9bdb259d5e1bb1e8b16082ed9afad92eb576dd8fb230,280d7639a444ee4eaf56b6a168c8243140278e7f,litert-compiled-model 2.2.0,FP32 io; GPU FP32 requested; NPU AOT FP16 weights [E],classification_CPU;detection_CPU,unknown,1 (configured) / unknown (observed),unknown,CPU_URGENT_ONLINE_V1,70d122d31b1bd04bbbc6c73feefde9935c526aac8bf856d589f8a00eed4546fc,20967fb98478c451bd36d9c6c83e0e33154b9109,2026-10-08T03:41:26+09:00,missing,missing,missing,missing,missing,missing,not_attempted,0,A,0,0,0/0/0
S26-MIXREQ-01,74855171-414c-56cb-8096-e2315d480937,confirmation,not_attempted,192,0,0,0,192,not_attempted,S26-anon,unknown,3e8b925feafbfe5fdd4efb9d7911f445a3212100fa73744f6fd855cf6160f1ab,fb2407911a5ee036b52e9bdb259d5e1bb1e8b16082ed9afad92eb576dd8fb230,280d7639a444ee4eaf56b6a168c8243140278e7f,litert-compiled-model 2.2.0,FP32 io; GPU FP32 requested; NPU AOT FP16 weights [E],classification_GPU;detection_CPU,unknown,1 (configured) / unknown (observed),unknown,B2_PARALLEL_ONLINE_V1,e6871ea8c72e6f48ee30be24202cb94b9d77fe6cffe1d7a96b6717cf3ea8de8e,20967fb98478c451bd36d9c6c83e0e33154b9109,2026-10-08T03:41:26+09:00,missing,missing,missing,missing,missing,missing,not_attempted,1,A,0,0,0/0/0
S26-MIXREQ-01,0c71ed62-39df-5e5c-a3a7-b854b3c1b392,confirmation,not_attempted,192,0,0,0,192,not_attempted,S26-anon,unknown,3e8b925feafbfe5fdd4efb9d7911f445a3212100fa73744f6fd855cf6160f1ab,fb2407911a5ee036b52e9bdb259d5e1bb1e8b16082ed9afad92eb576dd8fb230,280d7639a444ee4eaf56b6a168c8243140278e7f,litert-compiled-model 2.2.0,FP32 io; GPU FP32 requested; NPU AOT FP16 weights [E],classification_GPU;detection_CPU,unknown,1 (configured) / unknown (observed),unknown,B2_PARALLEL_ONLINE_V1,e6871ea8c72e6f48ee30be24202cb94b9d77fe6cffe1d7a96b6717cf3ea8de8e,20967fb98478c451bd36d9c6c83e0e33154b9109,2026-10-08T03:41:26+09:00,missing,missing,missing,missing,missing,missing,not_attempted,2,A,1,0,0/0/0
S26-MIXREQ-01,b56c3734-4d6a-5525-8541-079cc8b8fa36,confirmation,not_attempted,192,0,0,0,192,not_attempted,S26-anon,unknown,3e8b925feafbfe5fdd4efb9d7911f445a3212100fa73744f6fd855cf6160f1ab,fb2407911a5ee036b52e9bdb259d5e1bb1e8b16082ed9afad92eb576dd8fb230,280d7639a444ee4eaf56b6a168c8243140278e7f,litert-compiled-model 2.2.0,FP32 io; GPU FP32 requested; NPU AOT FP16 weights [E],classification_CPU;detection_CPU,unknown,1 (configured) / unknown (observed),unknown,CPU_URGENT_ONLINE_V1,70d122d31b1bd04bbbc6c73feefde9935c526aac8bf856d589f8a00eed4546fc,20967fb98478c451bd36d9c6c83e0e33154b9109,2026-10-08T03:41:26+09:00,missing,missing,missing,missing,missing,missing,not_attempted,3,A,1,0,0/0/0
S26-MIXREQ-01,be4c9caa-dd74-54fe-a9c3-5f1b3a6f5118,confirmation,not_attempted,192,0,0,0,192,not_attempted,S26-anon,unknown,3e8b925feafbfe5fdd4efb9d7911f445a3212100fa73744f6fd855cf6160f1ab,fb2407911a5ee036b52e9bdb259d5e1bb1e8b16082ed9afad92eb576dd8fb230,280d7639a444ee4eaf56b6a168c8243140278e7f,litert-compiled-model 2.2.0,FP32 io; GPU FP32 requested; NPU AOT FP16 weights [E],classification_GPU;detection_CPU,unknown,1 (configured) / unknown (observed),unknown,B2_PARALLEL_ONLINE_V1,e6871ea8c72e6f48ee30be24202cb94b9d77fe6cffe1d7a96b6717cf3ea8de8e,20967fb98478c451bd36d9c6c83e0e33154b9109,2026-10-08T03:41:26+09:00,missing,missing,missing,missing,missing,missing,not_attempted,4,A,2,0,0/0/0
S26-MIXREQ-01,1ded3291-3a6d-537d-94da-eb3e61dd14dd,confirmation,not_attempted,192,0,0,0,192,not_attempted,S26-anon,unknown,3e8b925feafbfe5fdd4efb9d7911f445a3212100fa73744f6fd855cf6160f1ab,fb2407911a5ee036b52e9bdb259d5e1bb1e8b16082ed9afad92eb576dd8fb230,280d7639a444ee4eaf56b6a168c8243140278e7f,litert-compiled-model 2.2.0,FP32 io; GPU FP32 requested; NPU AOT FP16 weights [E],classification_CPU;detection_CPU,unknown,1 (configured) / unknown (observed),unknown,CPU_URGENT_ONLINE_V1,70d122d31b1bd04bbbc6c73feefde9935c526aac8bf856d589f8a00eed4546fc,20967fb98478c451bd36d9c6c83e0e33154b9109,2026-10-08T03:41:26+09:00,missing,missing,missing,missing,missing,missing,not_attempted,5,A,2,0,0/0/0
S26-MIXREQ-01,4ea32a96-d944-53cf-b0ba-3b1d70e74045,confirmation,not_attempted,192,0,0,0,192,not_attempted,S26-anon,unknown,3e8b925feafbfe5fdd4efb9d7911f445a3212100fa73744f6fd855cf6160f1ab,fb2407911a5ee036b52e9bdb259d5e1bb1e8b16082ed9afad92eb576dd8fb230,280d7639a444ee4eaf56b6a168c8243140278e7f,litert-compiled-model 2.2.0,FP32 io; GPU FP32 requested; NPU AOT FP16 weights [E],classification_CPU;detection_CPU,unknown,1 (configured) / unknown (observed),unknown,CPU_URGENT_ONLINE_V1,70d122d31b1bd04bbbc6c73feefde9935c526aac8bf856d589f8a00eed4546fc,20967fb98478c451bd36d9c6c83e0e33154b9109,2026-10-08T03:41:26+09:00,missing,missing,missing,missing,missing,missing,not_attempted,6,A,3,0,0/0/0
S26-MIXREQ-01,e3c32bd0-1235-593d-8503-d30c0ca43e43,confirmation,not_attempted,192,0,0,0,192,not_attempted,S26-anon,unknown,3e8b925feafbfe5fdd4efb9d7911f445a3212100fa73744f6fd855cf6160f1ab,fb2407911a5ee036b52e9bdb259d5e1bb1e8b16082ed9afad92eb576dd8fb230,280d7639a444ee4eaf56b6a168c8243140278e7f,litert-compiled-model 2.2.0,FP32 io; GPU FP32 requested; NPU AOT FP16 weights [E],classification_GPU;detection_CPU,unknown,1 (configured) / unknown (observed),unknown,B2_PARALLEL_ONLINE_V1,e6871ea8c72e6f48ee30be24202cb94b9d77fe6cffe1d7a96b6717cf3ea8de8e,20967fb98478c451bd36d9c6c83e0e33154b9109,2026-10-08T03:41:26+09:00,missing,missing,missing,missing,missing,missing,not_attempted,7,A,3,0,0/0/0
S26-MIXREQ-01,27de62f3-eedd-561c-b06d-12e0fd55214e,confirmation,not_attempted,192,0,0,0,192,not_attempted,S26-anon,unknown,3e8b925feafbfe5fdd4efb9d7911f445a3212100fa73744f6fd855cf6160f1ab,fb2407911a5ee036b52e9bdb259d5e1bb1e8b16082ed9afad92eb576dd8fb230,280d7639a444ee4eaf56b6a168c8243140278e7f,litert-compiled-model 2.2.0,FP32 io; GPU FP32 requested; NPU AOT FP16 weights [E],classification_CPU;detection_CPU,unknown,1 (configured) / unknown (observed),unknown,CPU_URGENT_ONLINE_V1,70d122d31b1bd04bbbc6c73feefde9935c526aac8bf856d589f8a00eed4546fc,20967fb98478c451bd36d9c6c83e0e33154b9109,2026-10-08T03:41:26+09:00,missing,missing,missing,missing,missing,missing,not_attempted,8,N,0,0,0/0/0
S26-MIXREQ-01,7207c3c2-f884-5775-9ae0-85925e8dfdc1,confirmation,not_attempted,192,0,0,0,192,not_attempted,S26-anon,unknown,3e8b925feafbfe5fdd4efb9d7911f445a3212100fa73744f6fd855cf6160f1ab,fb2407911a5ee036b52e9bdb259d5e1bb1e8b16082ed9afad92eb576dd8fb230,280d7639a444ee4eaf56b6a168c8243140278e7f,litert-compiled-model 2.2.0,FP32 io; GPU FP32 requested; NPU AOT FP16 weights [E],classification_NPU;detection_CPU,unknown,1 (configured) / unknown (observed),unknown,S26_NPU_PARALLEL_V1,05d6e5ec167f97d806614e31fc28f198a5b7391c7e6f920febaf21fb96ccbf25,20967fb98478c451bd36d9c6c83e0e33154b9109,2026-10-08T03:41:26+09:00,missing,missing,missing,missing,missing,missing,not_attempted,9,N,0,0,0/0/0
S26-MIXREQ-01,78bff0a2-7b3f-5e68-9c3a-fb8d331448b6,confirmation,not_attempted,192,0,0,0,192,not_attempted,S26-anon,unknown,3e8b925feafbfe5fdd4efb9d7911f445a3212100fa73744f6fd855cf6160f1ab,fb2407911a5ee036b52e9bdb259d5e1bb1e8b16082ed9afad92eb576dd8fb230,280d7639a444ee4eaf56b6a168c8243140278e7f,litert-compiled-model 2.2.0,FP32 io; GPU FP32 requested; NPU AOT FP16 weights [E],classification_NPU;detection_CPU,unknown,1 (configured) / unknown (observed),unknown,S26_NPU_PARALLEL_V1,05d6e5ec167f97d806614e31fc28f198a5b7391c7e6f920febaf21fb96ccbf25,20967fb98478c451bd36d9c6c83e0e33154b9109,2026-10-08T03:41:26+09:00,missing,missing,missing,missing,missing,missing,not_attempted,10,N,1,0,0/0/0
S26-MIXREQ-01,5fe6f357-75c2-5350-b1e2-bd299a61e0be,confirmation,not_attempted,192,0,0,0,192,not_attempted,S26-anon,unknown,3e8b925feafbfe5fdd4efb9d7911f445a3212100fa73744f6fd855cf6160f1ab,fb2407911a5ee036b52e9bdb259d5e1bb1e8b16082ed9afad92eb576dd8fb230,280d7639a444ee4eaf56b6a168c8243140278e7f,litert-compiled-model 2.2.0,FP32 io; GPU FP32 requested; NPU AOT FP16 weights [E],classification_CPU;detection_CPU,unknown,1 (configured) / unknown (observed),unknown,CPU_URGENT_ONLINE_V1,70d122d31b1bd04bbbc6c73feefde9935c526aac8bf856d589f8a00eed4546fc,20967fb98478c451bd36d9c6c83e0e33154b9109,2026-10-08T03:41:26+09:00,missing,missing,missing,missing,missing,missing,not_attempted,11,N,1,0,0/0/0
S26-MIXREQ-01,2fe7e1c0-c883-5d98-a363-c37c385d280c,confirmation,not_attempted,192,0,0,0,192,not_attempted,S26-anon,unknown,3e8b925feafbfe5fdd4efb9d7911f445a3212100fa73744f6fd855cf6160f1ab,fb2407911a5ee036b52e9bdb259d5e1bb1e8b16082ed9afad92eb576dd8fb230,280d7639a444ee4eaf56b6a168c8243140278e7f,litert-compiled-model 2.2.0,FP32 io; GPU FP32 requested; NPU AOT FP16 weights [E],classification_NPU;detection_CPU,unknown,1 (configured) / unknown (observed),unknown,S26_NPU_PARALLEL_V1,05d6e5ec167f97d806614e31fc28f198a5b7391c7e6f920febaf21fb96ccbf25,20967fb98478c451bd36d9c6c83e0e33154b9109,2026-10-08T03:41:26+09:00,missing,missing,missing,missing,missing,missing,not_attempted,12,N,2,0,0/0/0
S26-MIXREQ-01,ce894096-a50c-52c1-9533-b2ba93a965b7,confirmation,not_attempted,192,0,0,0,192,not_attempted,S26-anon,unknown,3e8b925feafbfe5fdd4efb9d7911f445a3212100fa73744f6fd855cf6160f1ab,fb2407911a5ee036b52e9bdb259d5e1bb1e8b16082ed9afad92eb576dd8fb230,280d7639a444ee4eaf56b6a168c8243140278e7f,litert-compiled-model 2.2.0,FP32 io; GPU FP32 requested; NPU AOT FP16 weights [E],classification_CPU;detection_CPU,unknown,1 (configured) / unknown (observed),unknown,CPU_URGENT_ONLINE_V1,70d122d31b1bd04bbbc6c73feefde9935c526aac8bf856d589f8a00eed4546fc,20967fb98478c451bd36d9c6c83e0e33154b9109,2026-10-08T03:41:26+09:00,missing,missing,missing,missing,missing,missing,not_attempted,13,N,2,0,0/0/0
S26-MIXREQ-01,d68b0c69-03e1-5cb2-ab92-d2fcef68826e,confirmation,not_attempted,192,0,0,0,192,not_attempted,S26-anon,unknown,3e8b925feafbfe5fdd4efb9d7911f445a3212100fa73744f6fd855cf6160f1ab,fb2407911a5ee036b52e9bdb259d5e1bb1e8b16082ed9afad92eb576dd8fb230,280d7639a444ee4eaf56b6a168c8243140278e7f,litert-compiled-model 2.2.0,FP32 io; GPU FP32 requested; NPU AOT FP16 weights [E],classification_CPU;detection_CPU,unknown,1 (configured) / unknown (observed),unknown,CPU_URGENT_ONLINE_V1,70d122d31b1bd04bbbc6c73feefde9935c526aac8bf856d589f8a00eed4546fc,20967fb98478c451bd36d9c6c83e0e33154b9109,2026-10-08T03:41:26+09:00,missing,missing,missing,missing,missing,missing,not_attempted,14,N,3,0,0/0/0
S26-MIXREQ-01,f59209d8-3a86-53c6-aafa-825ea8eb2c25,confirmation,not_attempted,192,0,0,0,192,not_attempted,S26-anon,unknown,3e8b925feafbfe5fdd4efb9d7911f445a3212100fa73744f6fd855cf6160f1ab,fb2407911a5ee036b52e9bdb259d5e1bb1e8b16082ed9afad92eb576dd8fb230,280d7639a444ee4eaf56b6a168c8243140278e7f,litert-compiled-model 2.2.0,FP32 io; GPU FP32 requested; NPU AOT FP16 weights [E],classification_NPU;detection_CPU,unknown,1 (configured) / unknown (observed),unknown,S26_NPU_PARALLEL_V1,05d6e5ec167f97d806614e31fc28f198a5b7391c7e6f920febaf21fb96ccbf25,20967fb98478c451bd36d9c6c83e0e33154b9109,2026-10-08T03:41:26+09:00,missing,missing,missing,missing,missing,missing,not_attempted,15,N,3,0,0/0/0
