scenario,realized,seed,policy,start_s,end_s,state
queue,1.5,201,RECORDED_B2_REPLAY_V1,0.0,0.032412615,idle
queue,1.5,201,RECORDED_B2_REPLAY_V1,0.032412615,0.202517308,detection:CPU
queue,1.5,201,RECORDED_B2_REPLAY_V1,0.202517308,0.567240692,classification:GPU+detection:CPU
queue,1.5,201,RECORDED_B2_REPLAY_V1,0.567240692,0.673116923,detection:CPU
queue,1.5,201,RECORDED_B2_REPLAY_V1,0.673116923,0.757227077,idle
queue,1.5,201,RECORDED_B2_REPLAY_V1,0.757227077,1.007912385,detection:CPU
queue,1.5,201,RECORDED_B2_REPLAY_V1,1.007912385,1.295676,classification:GPU+detection:CPU
queue,1.5,201,RECORDED_B2_REPLAY_V1,1.295676,1.381680692,detection:CPU
queue,1.5,201,RECORDED_B2_REPLAY_V1,1.381680692,1.507480616,idle
queue,1.5,201,RECORDED_B2_REPLAY_V1,1.507480616,1.806428616,detection:CPU
queue,1.5,201,RECORDED_B2_REPLAY_V1,1.806428616,2.097887077,classification:GPU+detection:CPU
queue,1.5,201,RECORDED_B2_REPLAY_V1,2.097887077,2.128282154,detection:CPU
queue,1.5,201,RECORDED_B2_REPLAY_V1,2.128282154,2.261388693,idle
queue,1.5,201,RECORDED_B2_REPLAY_V1,2.261388693,2.604029846,detection:CPU
queue,1.5,201,RECORDED_B2_REPLAY_V1,2.604029846,2.867436923,classification:GPU+detection:CPU
queue,1.5,201,RECORDED_B2_REPLAY_V1,2.867436923,2.881849231,detection:CPU
queue,1.5,201,RECORDED_B2_REPLAY_V1,2.881849231,2.986666846,idle
queue,1.5,201,RECORDED_B2_REPLAY_V1,2.986666846,3.406489231,detection:CPU
queue,1.5,201,RECORDED_B2_REPLAY_V1,3.406489231,3.601282154,classification:GPU+detection:CPU
queue,1.5,201,RECORDED_B2_REPLAY_V1,3.601282154,3.634429,classification:GPU
queue,1.5,201,RECORDED_B2_REPLAY_V1,3.634429,3.681976077,idle
queue,1.5,201,RECORDED_B2_REPLAY_V1,3.681976077,4.206859154,detection:CPU
queue,1.5,201,RECORDED_B2_REPLAY_V1,4.206859154,4.309349539,classification:GPU+detection:CPU
queue,1.5,201,RECORDED_B2_REPLAY_V1,4.309349539,4.354671154,classification:GPU
queue,1.5,201,RECORDED_B2_REPLAY_V1,4.354671154,4.483912385,classification:GPU+detection:CPU
queue,1.5,201,RECORDED_B2_REPLAY_V1,4.483912385,4.975717539,detection:CPU
queue,1.5,201,RECORDED_B2_REPLAY_V1,4.975717539,5.041245539,idle
queue,1.5,201,RECORDED_B2_REPLAY_V1,5.041245539,5.656685,detection:CPU
queue,1.5,201,RECORDED_B2_REPLAY_V1,5.656685,5.673733,idle
queue,1.5,201,RECORDED_B2_REPLAY_V1,5.673733,6.312000077,detection:CPU
queue,1.5,201,RECORDED_B2_REPLAY_V1,6.312000077,6.315255693,idle
queue,1.5,201,RECORDED_B2_REPLAY_V1,6.315255693,6.942873847,detection:CPU
queue,1.5,201,RECORDED_B2_REPLAY_V1,6.942873847,6.945804385,idle
queue,1.5,201,RECORDED_B2_REPLAY_V1,6.945804385,7.565532924,detection:CPU
queue,1.5,201,RECORDED_B2_REPLAY_V1,7.565532924,7.568532385,idle
queue,1.5,201,RECORDED_B2_REPLAY_V1,7.568532385,8.180278231,detection:CPU
queue,1.5,201,RECORDED_B2_REPLAY_V1,8.180278231,8.183276616,idle
queue,1.5,201,RECORDED_B2_REPLAY_V1,8.183276616,8.80364277,detection:CPU
queue,1.5,201,RECORDED_B2_REPLAY_V1,8.80364277,8.80665877,idle
queue,1.5,201,RECORDED_B2_REPLAY_V1,8.80665877,9.425684616,detection:CPU
queue,1.5,201,RECORDED_B2_REPLAY_V1,9.425684616,9.438820693,idle
queue,1.5,201,RECORDED_B2_REPLAY_V1,9.438820693,10.081364924,detection:CPU
queue,1.5,201,RECORDED_B2_REPLAY_V1,10.081364924,10.084121924,idle
queue,1.5,201,RECORDED_B2_REPLAY_V1,10.084121924,10.695453847,detection:CPU
queue,1.5,201,RECORDED_B2_REPLAY_V1,10.695453847,10.701170231,idle
queue,1.5,201,RECORDED_B2_REPLAY_V1,10.701170231,11.322522847,detection:CPU
queue,1.5,201,RECORDED_B2_REPLAY_V1,11.322522847,11.333081001,idle
queue,1.5,201,RECORDED_B2_REPLAY_V1,11.333081001,11.937027078,detection:CPU
queue,1.5,201,RECORDED_B2_REPLAY_V1,11.937027078,120.0,idle
