case,source_index,family,context,policy,service_preserved,all_deadlines_met,nonworse,heat_gain,joint_gain,absolute_heat_gain,delta_energy_j,delta_peak_ap_c,delta_urgent_p95_ms,delta_normal_mean_ms
0,6,burst,mean,TRITON_RATE_OFF_FIXED_REQUEST_ADAPT_V1,False,True,False,False,False,False,-1.7487877812527586e-10,0.00045061870517315583,151.30814899999996,0.0
0,6,burst,mean,IE_EDD_ECT_LANE_PC_V1,True,True,False,False,False,False,0.08899595644587066,-0.03771041767811667,-137.87470300000007,63.747520500000064
0,6,burst,mean,IE_RESPONSE_SLACK_ECT_MICRO_V1,True,True,False,False,False,False,0.08899595644587066,-0.03771041767811667,-137.87470300000007,63.747520500000064
0,6,burst,mean,IE_RESPONSE_SLACK_CPU_FLEX_MICRO_V1,True,True,False,False,False,False,0.08899595644587066,-0.03771041767811667,-137.87470300000007,63.747520500000064
0,6,burst,mean,IE_ENERGY_AP_LIST_V2,True,True,False,False,False,False,0.08899595644587066,-0.03771041767811667,-137.87470300000007,63.747520500000064
0,6,burst,mean,IE_ROLLING_ENERGY_CPSAT_AP_FILTER_V2,True,True,False,False,False,False,0.08899595644587066,-0.03771041767811667,-137.87470300000007,63.747520500000064
1,7,burst,short_context,TRITON_RATE_OFF_FIXED_REQUEST_ADAPT_V1,False,True,False,False,False,False,0.0,0.0004445315881831391,153.24647700000003,0.0
1,7,burst,short_context,IE_EDD_ECT_LANE_PC_V1,True,True,False,False,False,False,0.08746749445714386,-0.036382093426052364,-130.42854999999997,61.81518049999977
1,7,burst,short_context,IE_RESPONSE_SLACK_ECT_MICRO_V1,True,True,False,False,False,False,0.08746749445714386,-0.036382093426052364,-130.42854999999997,61.81518049999977
1,7,burst,short_context,IE_RESPONSE_SLACK_CPU_FLEX_MICRO_V1,True,True,False,False,False,False,0.08746749445714386,-0.036382093426052364,-130.42854999999997,61.81518049999977
1,7,burst,short_context,IE_ENERGY_AP_LIST_V2,True,True,False,False,False,False,0.08746749445714386,-0.036382093426052364,-130.42854999999997,61.81518049999977
1,7,burst,short_context,IE_ROLLING_ENERGY_CPSAT_AP_FILTER_V2,True,True,False,False,False,False,0.08746749445714386,-0.036382093426052364,-130.42854999999997,61.81518049999977
2,8,burst,long_context,TRITON_RATE_OFF_FIXED_REQUEST_ADAPT_V1,False,True,False,False,False,False,-1.7487877812527586e-10,0.0004554771961018389,149.06195300000002,0.0
2,8,burst,long_context,IE_EDD_ECT_LANE_PC_V1,True,True,False,False,False,False,0.09061616248885684,-0.03905581582208839,-145.32085699999993,65.74143389999972
2,8,burst,long_context,IE_RESPONSE_SLACK_ECT_MICRO_V1,True,True,False,False,False,False,0.09061616248885684,-0.03905581582208839,-145.32085699999993,65.74143389999972
2,8,burst,long_context,IE_RESPONSE_SLACK_CPU_FLEX_MICRO_V1,True,True,False,False,False,False,0.09061616248885684,-0.03905581582208839,-145.32085699999993,65.74143389999972
2,8,burst,long_context,IE_ENERGY_AP_LIST_V2,True,True,False,False,False,False,0.09061616248885684,-0.03905581582208839,-145.32085699999993,65.74143389999972
2,8,burst,long_context,IE_ROLLING_ENERGY_CPSAT_AP_FILTER_V2,True,True,False,False,False,False,0.09061616248885684,-0.03905581582208839,-145.32085699999993,65.74143389999972
3,41,queue,long_context,TRITON_RATE_OFF_FIXED_REQUEST_ADAPT_V1,False,True,False,False,False,False,0.0,0.00163289585784554,529.7011210000001,0.0
3,41,queue,long_context,IE_EDD_ECT_LANE_PC_V1,True,True,True,False,False,False,0.0,0.0,0.0,0.0
3,41,queue,long_context,IE_RESPONSE_SLACK_ECT_MICRO_V1,True,True,True,False,False,False,0.0,0.0,0.0,0.0
3,41,queue,long_context,IE_RESPONSE_SLACK_CPU_FLEX_MICRO_V1,True,True,True,False,False,False,0.0,0.0,0.0,0.0
3,41,queue,long_context,IE_ENERGY_AP_LIST_V2,True,True,True,False,False,False,0.0,0.0,0.0,0.0
3,41,queue,long_context,IE_ROLLING_ENERGY_CPSAT_AP_FILTER_V2,True,True,True,False,False,False,0.0,0.0,0.0,0.0
