condition,arrival_seed,family,context,policy,learning_seed,episodes,planned,completed,incomplete,urgent_failure,normal_failure,urgent_p95_ms,normal_mean_ms,energy_j,peak_ap_c,native_seconds,surface_temperature,thermal_limit_exceed_seconds,phone_control_energy,urgent_planned,normal_planned
0,826020101,low,mean,L0,,,24,24,0,0,0,156.179931,619.471443,142.12345650915358,29.73446150182895,0.16959989999304526,,,,6,18
0,826020101,low,mean,Band,,,24,24,0,0,0,156.179931,619.471443,142.12345650915358,29.73446150182895,0.011310799978673458,,,,6,18
0,826020101,low,mean,Triton,,,24,24,0,0,0,294.054635,619.471443,142.40900755178922,29.745111507139484,0.008716799988178536,,,,6,18
0,826020101,low,mean,OriginalV2,,,24,24,0,0,0,156.179931,758.3603318888889,142.12345650915358,29.73934600411196,0.25569540000287816,,,,6,18
0,826020101,low,mean,Rule,,,24,24,0,0,0,156.179931,744.471443,142.12345650915358,29.73934600411196,0.20493040001019835,,,,6,18
1,826020101,low,short_context,L0,,,24,24,0,0,0,156.179931,618.790912,142.11417682321965,29.733464458687855,0.16569759999401867,,,,6,18
1,826020101,low,short_context,Band,,,24,24,0,0,0,156.179931,618.790912,142.11417682321965,29.733464458687855,0.01273149999906309,,,,6,18
1,826020101,low,short_context,Triton,,,24,24,0,0,0,286.608481,618.790912,142.37781429713024,29.742837286027495,0.009655699977884069,,,,6,18
1,826020101,low,short_context,OriginalV2,,,24,24,0,0,0,156.179931,757.679800888889,142.11417682321965,29.73834319853951,0.25153490001684986,,,,6,18
1,826020101,low,short_context,Rule,,,24,24,0,0,0,156.179931,743.790912,142.11417682321965,29.73834319853951,0.20202910000807606,,,,6,18
2,826020101,low,long_context,L0,,,24,24,0,0,0,156.179931,620.151684,142.13224235559284,29.73540551410324,0.15846209999290295,,,,6,18
2,826020101,low,long_context,Band,,,24,24,0,0,0,156.179931,620.151684,142.13224235559284,29.73540551410324,0.013558600010583177,,,,6,18
2,826020101,low,long_context,Triton,,,24,24,0,0,0,301.500789,620.151684,142.4397069669535,29.747912792942877,0.010533099994063377,,,,6,18
2,826020101,low,long_context,OriginalV2,,,24,24,0,0,0,156.179931,759.040572888889,142.13224235559284,29.740295472333074,0.24813449999783188,,,,6,18
2,826020101,low,long_context,Rule,,,24,24,0,0,0,156.179931,745.151684,142.13224235559284,29.740295472333074,0.20664550000219606,,,,6,18
3,826020101,queue,mean,L0,,,24,24,0,0,2,397.269286,3637.9316250555557,141.86397540774033,30.18183279762565,1.0787750000017695,,,,6,18
3,826020101,queue,mean,Band,,,24,24,0,0,2,397.269286,3637.9316250555557,141.86397540774033,30.18183279762565,0.027186100021936,,,,6,18
3,826020101,queue,mean,Triton,,,24,24,0,0,2,397.269286,3637.9316250555557,141.86397540774033,30.18183279762565,0.017277300008572638,,,,6,18
3,826020101,queue,mean,OriginalV2,,,24,24,0,0,2,397.269286,3651.8205139444444,141.86397540774033,30.14922062504766,1.904450200003339,,,,6,18
3,826020101,queue,mean,Rule,,,24,24,0,0,2,397.269286,3637.9316250555557,141.86397540774033,30.18183279762565,1.0791849000088405,,,,6,18
4,826020101,queue,short_context,L0,,,24,24,0,0,2,382.099761,3631.1044860555558,141.84659146188358,30.179496624218352,1.089546800008975,,,,6,18
4,826020101,queue,short_context,Band,,,24,24,0,0,2,382.099761,3631.1044860555558,141.84659146188358,30.179496624218352,0.025810499995714054,,,,6,18
4,826020101,queue,short_context,Triton,,,24,24,0,0,2,382.099761,3631.1044860555558,141.84659146188358,30.179496624218352,0.017667200008872896,,,,6,18
4,826020101,queue,short_context,OriginalV2,,,24,24,0,0,2,382.099761,3644.9933749444444,141.84659146188358,30.14690230281311,1.8691838000086136,,,,6,18
4,826020101,queue,short_context,Rule,,,24,24,0,0,2,382.099761,3631.1044860555558,141.84659146188358,30.179496624218352,1.0557210000115447,,,,6,18
5,826020101,queue,long_context,L0,,,24,24,0,0,2,412.438811,3644.4313642222223,141.8808655094617,30.184170314570384,1.0770743000030052,,,,6,18
5,826020101,queue,long_context,Band,,,24,24,0,0,2,412.438811,3644.4313642222223,141.8808655094617,30.184170314570384,0.024130499979946762,,,,6,18
5,826020101,queue,long_context,Triton,,,24,24,0,0,2,412.438811,3644.4313642222223,141.8808655094617,30.184170314570384,0.01893180000479333,,,,6,18
5,826020101,queue,long_context,OriginalV2,,,24,24,0,0,2,412.438811,3658.320253111111,141.8808655094617,30.151541231532775,1.8157104999991134,,,,6,18
5,826020101,queue,long_context,Rule,,,24,24,0,0,2,412.438811,3644.4313642222223,141.8808655094617,30.184170314570384,1.0754584999813233,,,,6,18
6,826020101,burst,mean,L0,,,24,24,0,0,1,438.894306,3731.349671111111,141.86397540774033,30.184930622152812,1.1094456000137143,,,,6,18
6,826020101,burst,mean,Band,,,24,24,0,0,1,438.894306,3731.349671111111,141.86397540774033,30.184930622152812,0.029408100002910942,,,,6,18
6,826020101,burst,mean,Triton,,,24,24,0,0,1,438.894306,3731.349671111111,141.86397540774033,30.184930622152812,0.020977700012736022,,,,6,18
6,826020101,burst,mean,OriginalV2,,,24,24,0,0,1,438.894306,3745.23856,141.86397540774033,30.15231844957482,1.7957732000213582,,,,6,18
6,826020101,burst,mean,Rule,,,24,24,0,0,1,438.894306,3731.349671111111,141.86397540774033,30.184930622152812,1.05521730001783,,,,6,18
7,826020101,burst,short_context,L0,,,24,24,0,0,1,423.724781,3724.522532111111,141.84659146188358,30.18251981582685,1.063125199987553,,,,6,18
7,826020101,burst,short_context,Band,,,24,24,0,0,1,423.724781,3724.522532111111,141.84659146188358,30.18251981582685,0.02507629999308847,,,,6,18
7,826020101,burst,short_context,Triton,,,24,24,0,0,1,423.724781,3724.522532111111,141.84659146188358,30.18251981582685,0.019139699987135828,,,,6,18
7,826020101,burst,short_context,OriginalV2,,,24,24,0,0,1,423.724781,3738.4114210000002,141.84659146188358,30.14992549442161,1.7218066999921575,,,,6,18
7,826020101,burst,short_context,Rule,,,24,24,0,0,1,423.724781,3724.522532111111,141.84659146188358,30.18251981582685,1.0864886000053957,,,,6,18
8,826020101,burst,long_context,L0,,,24,24,0,0,1,454.063831,3737.8494102777777,141.8808655094617,30.1873432845563,1.0535365999967325,,,,6,18
8,826020101,burst,long_context,Band,,,24,24,0,0,1,454.063831,3737.8494102777777,141.8808655094617,30.1873432845563,0.028143700008513406,,,,6,18
8,826020101,burst,long_context,Triton,,,24,24,0,0,1,454.063831,3737.8494102777777,141.8808655094617,30.1873432845563,0.017560700012836605,,,,6,18
8,826020101,burst,long_context,OriginalV2,,,24,24,0,0,1,454.063831,3751.738299166667,141.8808655094617,30.15471420151869,1.6782100000127684,,,,6,18
8,826020101,burst,long_context,Rule,,,24,24,0,0,1,454.063831,3737.8494102777777,141.8808655094617,30.1873432845563,1.0693439999886323,,,,6,18
9,826020101,sustained,mean,L0,,,192,192,0,0,0,294.054635,1048.4749821458333,183.59743809569318,31.830418178974405,2.3400232999993023,,,,96,96
9,826020101,sustained,mean,Band,,,192,192,0,0,0,294.054635,1048.4749821458333,183.3554857083626,31.821739583490462,0.1364266000164207,,,,96,96
9,826020101,sustained,mean,Triton,,,192,192,0,0,0,294.054635,1048.4749821458333,184.93000962799277,31.86819939944411,0.10468799999216571,,,,96,96
9,826020101,sustained,mean,OriginalV2,,,192,192,0,0,0,294.054635,1592.3327099270834,182.46020362385806,31.70547974712648,5.647616300004302,,,,96,96
9,826020101,sustained,mean,Rule,,,192,192,0,0,0,294.054635,1176.6526283645833,182.91000879048556,31.817077228535645,2.7224974000127986,,,,96,96
10,826020101,sustained,short_context,L0,,,192,192,0,0,0,286.608481,1044.5564818020835,183.39390832932494,31.81673237561588,2.5055565999937244,,,,96,96
10,826020101,sustained,short_context,Band,,,192,192,0,0,0,286.608481,1044.5564818020835,183.1764332199138,31.8087020251796,0.16482259999611415,,,,96,96
10,826020101,sustained,short_context,Triton,,,192,192,0,0,0,286.608481,1044.5564818020835,184.62421654090764,31.851461650475155,0.1271355000208132,,,,96,96
10,826020101,sustained,short_context,OriginalV2,,,192,192,0,0,0,286.608481,1589.9797384270832,182.3007025088387,31.692351266253493,5.8873401999881025,,,,96,96
10,826020101,sustained,short_context,Rule,,,192,192,0,0,0,286.608481,1173.7585625833333,182.74616083415708,31.804216694671343,3.254644599976018,,,,96,96
11,826020101,sustained,long_context,L0,,,192,192,0,0,0,301.500789,1052.2646609375001,183.79781373257828,31.84471714301327,2.616160999983549,,,,96,96
11,826020101,sustained,long_context,Band,,,192,192,0,0,0,301.500789,1052.2646609375001,183.53113177639534,31.835079333764728,0.16252979999990202,,,,96,96
11,826020101,sustained,long_context,Triton,,,192,192,0,0,0,301.500789,1052.2646609375001,185.23264858559477,31.88551496507116,0.1089683000172954,,,,96,96
11,826020101,sustained,long_context,OriginalV2,,,192,192,0,0,0,301.500789,1599.133276875,182.62394200129893,31.720299561872178,6.449745999998413,,,,96,96
11,826020101,sustained,long_context,Rule,,,192,192,0,0,0,301.500789,1179.4723907604166,183.03603348313013,31.82681601533668,3.1068176999979187,,,,96,96
12,826020102,low,mean,L0,,,24,24,0,0,0,156.179931,619.471443,142.12345650915358,29.731687135955948,0.22445070001413114,,,,6,18
12,826020102,low,mean,Band,,,24,24,0,0,0,156.179931,619.471443,142.12345650915358,29.731687135955948,0.017403999983798712,,,,6,18
12,826020102,low,mean,Triton,,,24,24,0,0,0,294.054635,619.471443,142.40900755178922,29.751659716988154,0.01562779999221675,,,,6,18
12,826020102,low,mean,OriginalV2,,,24,24,0,0,0,156.179931,730.5825541111111,142.12345650915358,29.735798552922507,0.2963461999897845,,,,6,18
12,826020102,low,mean,Rule,,,24,24,0,0,0,156.179931,716.6936652222222,142.12345650915358,29.734964604868217,0.24545190000208095,,,,6,18
13,826020102,low,short_context,L0,,,24,24,0,0,0,156.179931,618.790912,142.11417682321965,29.730684721472688,0.1825337999907788,,,,6,18
13,826020102,low,short_context,Band,,,24,24,0,0,0,156.179931,618.790912,142.11417682321965,29.730684721472688,0.018673800019314513,,,,6,18
13,826020102,low,short_context,Triton,,,24,24,0,0,0,286.608481,618.790912,142.37781429713024,29.748622925934786,0.016973899997537956,,,,6,18
13,826020102,low,short_context,OriginalV2,,,24,24,0,0,0,156.179931,729.9020231111111,142.11417682321965,29.734791288047973,0.2668992000108119,,,,6,18
13,826020102,low,short_context,Rule,,,24,24,0,0,0,156.179931,716.0131342222222,142.11417682321965,29.733958323836436,0.23050649999640882,,,,6,18
14,826020102,low,long_context,L0,,,24,24,0,0,0,156.179931,620.151684,142.13224235559284,29.73263623380278,0.31521989998873323,,,,6,18
14,826020102,low,long_context,Band,,,24,24,0,0,0,156.179931,620.151684,142.13224235559284,29.73263623380278,0.019556000013835728,,,,6,18
14,826020102,low,long_context,Triton,,,24,24,0,0,0,301.500789,620.151684,142.4397069669535,29.75464387046884,0.012864999996963888,,,,6,18
14,826020102,low,long_context,OriginalV2,,,24,24,0,0,0,156.179931,731.2627951111111,142.13224235559284,29.736752243184444,0.28084120000130497,,,,6,18
14,826020102,low,long_context,Rule,,,24,24,0,0,0,156.179931,717.3739062222222,142.13224235559284,29.73591736361471,0.2052918000263162,,,,6,18
15,826020102,queue,mean,L0,,,24,24,0,0,2,294.054635,3818.404061611111,141.86397540774033,30.183942326776606,1.2952855000039563,,,,6,18
15,826020102,queue,mean,Band,,,24,24,0,0,2,294.054635,3818.404061611111,141.86397540774033,30.183942326776606,0.02862310002092272,,,,6,18
15,826020102,queue,mean,Triton,,,24,24,0,0,2,294.054635,3818.404061611111,141.86397540774033,30.183942326776606,0.025477199989836663,,,,6,18
15,826020102,queue,mean,OriginalV2,,,24,24,0,0,2,294.054635,3832.2929505,141.86397540774033,30.15133015419862,2.1689523000095505,,,,6,18
15,826020102,queue,mean,Rule,,,24,24,0,0,2,294.054635,3818.404061611111,141.86397540774033,30.183942326776606,1.2665039999992587,,,,6,18
16,826020102,queue,short_context,L0,,,24,24,0,0,2,286.608481,3811.576922611111,141.84659146188358,30.181562465168415,1.2850092000153381,,,,6,18
16,826020102,queue,short_context,Band,,,24,24,0,0,2,286.608481,3811.576922611111,141.84659146188358,30.181562465168415,0.030166300013661385,,,,6,18
16,826020102,queue,short_context,Triton,,,24,24,0,0,2,286.608481,3811.576922611111,141.84659146188358,30.181562465168415,0.016990199976135045,,,,6,18
16,826020102,queue,short_context,OriginalV2,,,24,24,0,0,2,286.608481,3825.4658115,141.84659146188358,30.148968143763177,2.306745400012005,,,,6,18
16,826020102,queue,short_context,Rule,,,24,24,0,0,2,286.608481,3811.576922611111,141.84659146188358,30.181562465168415,1.1855562000127975,,,,6,18
17,826020102,queue,long_context,L0,,,24,24,0,0,2,301.500789,3824.9038007777776,141.88086550911194,30.186323016902882,0.9595707999833394,,,,6,18
17,826020102,queue,long_context,Band,,,24,24,0,0,2,301.500789,3824.9038007777776,141.88086550911194,30.186323016902882,0.026309500011848286,,,,6,18
17,826020102,queue,long_context,Triton,,,24,24,0,0,2,301.500789,3824.9038007777776,141.88086550911194,30.186323016902882,0.021730100008426234,,,,6,18
17,826020102,queue,long_context,OriginalV2,,,24,24,0,0,2,301.500789,3838.792689666667,141.88086550911194,30.15369393386527,2.201213699998334,,,,6,18
17,826020102,queue,long_context,Rule,,,24,24,0,0,2,301.500789,3824.9038007777776,141.88086550911194,30.186323016902882,1.2638979000039399,,,,6,18
18,826020102,burst,mean,L0,,,24,24,0,0,1,522.684435,3470.804147888889,141.90722225761942,30.165152256452252,1.0382169000222348,,,,6,18
18,826020102,burst,mean,Band,,,24,24,0,0,1,522.684435,3470.804147888889,141.90722225761942,30.165152256452252,0.033849600004032254,,,,6,18
18,826020102,burst,mean,Triton,,,24,24,0,0,1,576.664808,3388.0937551666666,141.88856202754994,30.174101975264755,0.007852000009734184,,,,6,18
18,826020102,burst,mean,OriginalV2,,,24,24,0,0,2,522.684435,3556.7403528333334,141.90722225761942,30.152555335383738,1.8180250000150409,,,,6,18
18,826020102,burst,mean,Rule,,,24,24,0,0,1,522.684435,3470.804147888889,141.90722225761942,30.165152256452252,0.868804400000954,,,,6,18
19,826020102,burst,short_context,L0,,,24,24,0,0,1,507.51491,3463.977008888889,141.8911890211557,30.163208531818444,0.9691320999991149,,,,6,18
19,826020102,burst,short_context,Band,,,24,24,0,0,1,507.51491,3463.977008888889,141.8911890211557,30.163208531818444,0.022502100007841364,,,,6,18
19,826020102,burst,short_context,Triton,,,24,24,0,0,1,553.771912,3381.2666161666666,141.8711780816932,30.171800417754994,0.018763400003081188,,,,6,18
19,826020102,burst,short_context,OriginalV2,,,24,24,0,0,2,507.51491,3551.198778833333,141.8911890211557,30.149084206827435,1.8962961999932304,,,,6,18
19,826020102,burst,short_context,Rule,,,24,24,0,0,1,507.51491,3463.977008888889,141.8911890211557,30.163208531818444,1.1762014999985695,,,,6,18
20,826020102,burst,long_context,L0,,,24,24,0,0,1,537.85396,3477.3038870555556,141.92276164923481,30.167097186129226,1.0154709999915212,,,,6,18
20,826020102,burst,long_context,Band,,,24,24,0,0,1,537.85396,3477.3038870555556,141.92276164923481,30.167097186129226,0.032114300003740937,,,,6,18
20,826020102,burst,long_context,Triton,,,24,24,0,0,1,599.557704,3394.593494333333,141.90545212909643,30.176405357739455,0.0225473000027705,,,,6,18
20,826020102,burst,long_context,OriginalV2,,,24,24,0,0,2,537.85396,3562.0229420555556,141.92276164923481,30.155942491566122,1.9525108000088949,,,,6,18
20,826020102,burst,long_context,Rule,,,24,24,0,0,1,537.85396,3477.3038870555556,141.92276164923481,30.167097186129226,1.1741915000020526,,,,6,18
21,826020102,sustained,mean,L0,,,192,192,0,0,0,294.054635,957.6345714895833,183.22463251724406,31.647831822611796,2.611269600020023,,,,96,96
21,826020102,sustained,mean,Band,,,192,192,0,0,0,294.054635,957.6345714895833,183.15135570497776,31.639989120786357,0.14495570000144653,,,,96,96
21,826020102,sustained,mean,Triton,,,192,192,0,0,0,294.054635,957.6345714895833,184.65238773042222,31.69817923291721,0.126716500002658,,,,96,96
21,826020102,sustained,mean,OriginalV2,,,192,192,0,0,0,302.836746,1304.6543765729166,182.24169498270498,31.657405787495698,5.816919500008225,,,,96,96
21,826020102,sustained,mean,Rule,,,192,192,0,0,0,294.054635,1087.9497631979166,182.9230776483979,31.624992876197485,3.0547059000236914,,,,96,96
22,826020102,sustained,short_context,L0,,,192,192,0,0,0,286.608481,953.1124104375,183.04246217716445,31.63330822010265,2.4306351999985054,,,,96,96
22,826020102,sustained,short_context,Band,,,192,192,0,0,0,286.608481,953.1124104375,182.9756279220996,31.626321527649253,0.1485071000060998,,,,96,96
22,826020102,sustained,short_context,Triton,,,192,192,0,0,0,286.608481,953.1124104375,184.36064954671735,31.678583108666345,0.13057940002181567,,,,96,96
22,826020102,sustained,short_context,OriginalV2,,,192,192,0,0,0,293.944332,1297.871506,182.11562588191063,31.640456032149334,5.599639599997317,,,,96,96
22,826020102,sustained,short_context,Rule,,,192,192,0,0,0,286.608481,1084.3541128333334,182.74416862731044,31.610752358220257,3.058592299988959,,,,96,96
23,826020102,sustained,long_context,L0,,,192,192,0,0,0,301.500789,961.9519988645834,183.40491443930267,31.662232076817535,2.557806900003925,,,,96,96
23,826020102,sustained,long_context,Band,,,192,192,0,0,0,301.500789,961.9519988645834,183.3251491994937,31.653531565582824,0.13994620001176372,,,,96,96
23,826020102,sustained,long_context,Triton,,,192,192,0,0,0,301.500789,961.9519988645834,184.9422374961061,31.71765364583322,0.11136139999143779,,,,96,96
23,826020102,sustained,long_context,OriginalV2,,,192,192,0,0,0,325.433498,1319.0417295208333,182.37999115239518,31.665313522687935,5.729341600002954,,,,96,96
23,826020102,sustained,long_context,Rule,,,192,192,0,0,0,301.500789,1084.2081381770834,183.12152439529856,31.66245917352356,2.886467399977846,,,,96,96
0,826020101,low,mean,PPO11_16,11,16,24,24,0,0,0,156.179931,619.471443,142.12345650915358,29.73446150182895,0.28577310001128353,,,,6,18
1,826020101,low,short_context,PPO11_16,11,16,24,24,0,0,0,156.179931,618.790912,142.11417682321965,29.733464458687855,0.31113550000009127,,,,6,18
2,826020101,low,long_context,PPO11_16,11,16,24,24,0,0,0,156.179931,620.151684,142.13224235559284,29.73540551410324,0.2955233999819029,,,,6,18
3,826020101,queue,mean,PPO11_16,11,16,24,24,0,0,2,397.269286,3637.9316250555557,141.86397540774033,30.18183279762565,1.4078515000001062,,,,6,18
4,826020101,queue,short_context,PPO11_16,11,16,24,24,0,0,2,382.099761,3631.1044860555558,141.84659146188358,30.179496624218352,1.4908233000023756,,,,6,18
5,826020101,queue,long_context,PPO11_16,11,16,24,24,0,0,2,412.438811,3644.4313642222223,141.8808655094617,30.184170314570384,1.4645087999815587,,,,6,18
6,826020101,burst,mean,PPO11_16,11,16,24,24,0,0,1,438.894306,3731.349671111111,141.86397540774033,30.184930622152812,1.4173913999984507,,,,6,18
7,826020101,burst,short_context,PPO11_16,11,16,24,24,0,0,1,423.724781,3724.522532111111,141.84659146188358,30.18251981582685,1.332222599972738,,,,6,18
8,826020101,burst,long_context,PPO11_16,11,16,24,24,0,0,1,454.063831,3737.8494102777777,141.8808655094617,30.1873432845563,1.4694372999947518,,,,6,18
9,826020101,sustained,mean,PPO11_16,11,16,192,192,0,0,0,294.054635,1048.4749821458333,183.3554857083626,31.821739583490462,3.647858999989694,,,,96,96
10,826020101,sustained,short_context,PPO11_16,11,16,192,192,0,0,0,286.608481,1044.5564818020835,183.1764332199138,31.8087020251796,3.6133738000062294,,,,96,96
11,826020101,sustained,long_context,PPO11_16,11,16,192,192,0,0,0,301.500789,1052.2646609375001,183.53113177639534,31.835079333764728,3.6064792000106536,,,,96,96
12,826020102,low,mean,PPO11_16,11,16,24,24,0,0,0,156.179931,619.471443,142.12345650915358,29.731687135955948,0.2607293000037316,,,,6,18
13,826020102,low,short_context,PPO11_16,11,16,24,24,0,0,0,156.179931,618.790912,142.11417682321965,29.730684721472688,0.2896766999911051,,,,6,18
14,826020102,low,long_context,PPO11_16,11,16,24,24,0,0,0,156.179931,620.151684,142.13224235559284,29.73263623380278,0.3126102000242099,,,,6,18
15,826020102,queue,mean,PPO11_16,11,16,24,24,0,0,2,294.054635,3818.404061611111,141.86397540774033,30.183942326776606,1.2776669999875594,,,,6,18
16,826020102,queue,short_context,PPO11_16,11,16,24,24,0,0,2,286.608481,3811.576922611111,141.84659146188358,30.181562465168415,1.3809149999869987,,,,6,18
17,826020102,queue,long_context,PPO11_16,11,16,24,24,0,0,2,301.500789,3824.9038007777776,141.88086550911194,30.186323016902882,1.3777180000033695,,,,6,18
18,826020102,burst,mean,PPO11_16,11,16,24,24,0,0,1,522.684435,3470.804147888889,141.90722225761942,30.165152256452252,1.1886741000053007,,,,6,18
19,826020102,burst,short_context,PPO11_16,11,16,24,24,0,0,1,507.51491,3463.977008888889,141.8911890211557,30.163208531818444,1.182105899992166,,,,6,18
20,826020102,burst,long_context,PPO11_16,11,16,24,24,0,0,1,537.85396,3477.3038870555556,141.92276164923481,30.167097186129226,1.1838114999991376,,,,6,18
21,826020102,sustained,mean,PPO11_16,11,16,192,192,0,0,0,294.054635,957.6345714895833,183.15135570497776,31.639989120786357,3.0782172000035644,,,,96,96
22,826020102,sustained,short_context,PPO11_16,11,16,192,192,0,0,0,286.608481,953.1124104375,182.9756279220996,31.626321527649253,3.280533799988916,,,,96,96
23,826020102,sustained,long_context,PPO11_16,11,16,192,192,0,0,0,301.500789,961.9519988645834,183.3251491994937,31.653531565582824,3.229985600017244,,,,96,96
0,826020101,low,mean,PPO11_32,11,32,24,24,0,0,0,156.179931,619.471443,142.12345650915358,29.73446150182895,0.2569359000190161,,,,6,18
1,826020101,low,short_context,PPO11_32,11,32,24,24,0,0,0,156.179931,618.790912,142.11417682321965,29.733464458687855,0.278729999990901,,,,6,18
2,826020101,low,long_context,PPO11_32,11,32,24,24,0,0,0,156.179931,620.151684,142.13224235559284,29.73540551410324,0.2679752000258304,,,,6,18
3,826020101,queue,mean,PPO11_32,11,32,24,24,0,0,2,397.269286,3637.9316250555557,141.86397540774033,30.18183279762565,1.3586662000161596,,,,6,18
4,826020101,queue,short_context,PPO11_32,11,32,24,24,0,0,2,382.099761,3631.1044860555558,141.84659146188358,30.179496624218352,1.5506733999936841,,,,6,18
5,826020101,queue,long_context,PPO11_32,11,32,24,24,0,0,2,412.438811,3644.4313642222223,141.8808655094617,30.184170314570384,1.3708892999857198,,,,6,18
6,826020101,burst,mean,PPO11_32,11,32,24,24,0,0,1,438.894306,3731.349671111111,141.86397540774033,30.184930622152812,1.3166495999903418,,,,6,18
7,826020101,burst,short_context,PPO11_32,11,32,24,24,0,0,1,423.724781,3724.522532111111,141.84659146188358,30.18251981582685,1.317385699978331,,,,6,18
8,826020101,burst,long_context,PPO11_32,11,32,24,24,0,0,1,454.063831,3737.8494102777777,141.8808655094617,30.1873432845563,1.3379704999970272,,,,6,18
9,826020101,sustained,mean,PPO11_32,11,32,192,192,0,0,0,294.054635,1048.4749821458333,183.3554857083626,31.821739583490462,3.457230499974685,,,,96,96
10,826020101,sustained,short_context,PPO11_32,11,32,192,192,0,0,0,286.608481,1044.5564818020835,183.1764332199138,31.8087020251796,3.587954799993895,,,,96,96
11,826020101,sustained,long_context,PPO11_32,11,32,192,192,0,0,0,301.500789,1052.2646609375001,183.53113177639534,31.835079333764728,3.640019900019979,,,,96,96
12,826020102,low,mean,PPO11_32,11,32,24,24,0,0,0,156.179931,619.471443,142.12345650915358,29.731687135955948,0.26736410000012256,,,,6,18
13,826020102,low,short_context,PPO11_32,11,32,24,24,0,0,0,156.179931,618.790912,142.11417682321965,29.730684721472688,0.2728789999964647,,,,6,18
14,826020102,low,long_context,PPO11_32,11,32,24,24,0,0,0,156.179931,620.151684,142.13224235559284,29.73263623380278,0.2742441000009421,,,,6,18
15,826020102,queue,mean,PPO11_32,11,32,24,24,0,0,2,294.054635,3818.404061611111,141.86397540774033,30.183942326776606,1.438275499996962,,,,6,18
16,826020102,queue,short_context,PPO11_32,11,32,24,24,0,0,2,286.608481,3811.576922611111,141.84659146188358,30.181562465168415,1.334601600014139,,,,6,18
17,826020102,queue,long_context,PPO11_32,11,32,24,24,0,0,2,301.500789,3824.9038007777776,141.88086550911194,30.186323016902882,1.472589799988782,,,,6,18
18,826020102,burst,mean,PPO11_32,11,32,24,24,0,0,1,522.684435,3470.804147888889,141.90722225761942,30.165152256452252,1.1315917000174522,,,,6,18
19,826020102,burst,short_context,PPO11_32,11,32,24,24,0,0,1,507.51491,3463.977008888889,141.8911890211557,30.163208531818444,1.154168299981393,,,,6,18
20,826020102,burst,long_context,PPO11_32,11,32,24,24,0,0,1,537.85396,3477.3038870555556,141.92276164923481,30.167097186129226,1.209756500000367,,,,6,18
21,826020102,sustained,mean,PPO11_32,11,32,192,192,0,0,0,294.054635,957.6345714895833,183.15135570497776,31.639989120786357,3.069693700002972,,,,96,96
22,826020102,sustained,short_context,PPO11_32,11,32,192,192,0,0,0,286.608481,953.1124104375,182.9756279220996,31.626321527649253,3.079616700008046,,,,96,96
23,826020102,sustained,long_context,PPO11_32,11,32,192,192,0,0,0,301.500789,961.9519988645834,183.3251491994937,31.653531565582824,3.254207399993902,,,,96,96
0,826020101,low,mean,PPO23_16,23,16,24,24,0,0,0,156.179931,869.471443,142.12345650915358,29.743749034271563,0.46039600000949576,,,,6,18
1,826020101,low,short_context,PPO23_16,23,16,24,24,0,0,0,156.179931,868.790912,142.11417682321965,29.742741034277937,0.4163927999907173,,,,6,18
2,826020101,low,long_context,PPO23_16,23,16,24,24,0,0,0,156.179931,870.151684,142.13224235559284,29.744703420639855,0.468250200006878,,,,6,18
3,826020101,queue,mean,PPO23_16,23,16,24,24,0,0,2,397.269286,3840.8395060555554,141.86397540774033,30.16525302954094,1.4343160999997053,,,,6,18
4,826020101,queue,short_context,PPO23_16,23,16,24,24,0,0,2,382.099761,3834.0123670555554,141.84659146188358,30.16291685613366,1.4334356000181288,,,,6,18
5,826020101,queue,long_context,PPO23_16,23,16,24,24,0,0,2,412.438811,3847.3392452222224,141.8808655094617,30.167590546485677,1.3662824000057299,,,,6,18
6,826020101,burst,mean,PPO23_16,23,16,24,24,0,0,1,438.894306,3811.478298111111,141.86397540774033,30.1784008141827,1.4597726999782026,,,,6,18
7,826020101,burst,short_context,PPO23_16,23,16,24,24,0,0,1,423.724781,3804.651159111111,141.84659146188358,30.175990007856736,1.4607133999816142,,,,6,18
8,826020101,burst,long_context,PPO23_16,23,16,24,24,0,0,1,454.063831,3817.9780372777777,141.8808655094617,30.180813476586195,1.5926158000074793,,,,6,18
9,826020101,sustained,mean,PPO23_16,23,16,192,192,0,0,0,294.054635,1339.2953207604166,182.59410824008998,31.81094567506438,4.473133299994515,,,,96,96
10,826020101,sustained,short_context,PPO23_16,23,16,192,192,0,0,0,286.608481,1336.4755289166667,182.43752730174384,31.797835001859905,4.564734499988845,,,,96,96
11,826020101,sustained,long_context,PPO23_16,23,16,192,192,0,0,0,301.500789,1342.0009753541667,182.7511011073923,31.82401408173175,4.678638000012143,,,,96,96
12,826020102,low,mean,PPO23_16,23,16,24,24,0,0,0,156.179931,869.471443,142.12345650915358,29.740999782203968,0.4390519000007771,,,,6,18
13,826020102,low,short_context,PPO23_16,23,16,24,24,0,0,0,156.179931,868.790912,142.11417682321965,29.739986381245465,0.457156299991766,,,,6,18
14,826020102,low,long_context,PPO23_16,23,16,24,24,0,0,0,156.179931,870.151684,142.13224235559284,29.741959282191992,0.4001859999843873,,,,6,18
15,826020102,queue,mean,PPO23_16,23,16,24,24,0,0,3,294.054635,4019.289667611111,141.86397540774033,30.167528527178447,1.5670952000073157,,,,6,18
16,826020102,queue,short_context,PPO23_16,23,16,24,24,0,0,3,286.608481,4012.462528611111,141.84659146188358,30.16514866557027,1.4981695000024047,,,,6,18
17,826020102,queue,long_context,PPO23_16,23,16,24,24,0,0,3,301.500789,4025.789406777778,141.88086550911194,30.16990921730473,1.8744544999790378,,,,6,18
18,826020102,burst,mean,PPO23_16,23,16,24,24,0,0,1,522.684435,3470.804147888889,141.90722225761942,30.165152256452252,1.216857399995206,,,,6,18
19,826020102,burst,short_context,PPO23_16,23,16,24,24,0,0,1,507.51491,3463.977008888889,141.8911890211557,30.163208531818444,1.3297490999975707,,,,6,18
20,826020102,burst,long_context,PPO23_16,23,16,24,24,0,0,1,537.85396,3477.3038870555556,141.92276164923481,30.167097186129226,1.2200634999899194,,,,6,18
21,826020102,sustained,mean,PPO23_16,23,16,192,192,0,0,0,294.054635,1245.0251524375,182.41631014978879,31.631884800531115,4.477430500002811,,,,96,96
22,826020102,sustained,short_context,PPO23_16,23,16,192,192,0,0,0,286.608481,1237.7159266770834,182.26804579708423,31.617389729185692,4.344593899993924,,,,96,96
23,826020102,sustained,long_context,PPO23_16,23,16,192,192,0,0,0,301.500789,1256.6218751875,182.60407014922822,31.646315109204757,4.333685600024182,,,,96,96
0,826020101,low,mean,PPO23_32,23,32,24,24,0,0,0,156.179931,869.471443,142.12345650915358,29.743749034271563,0.310647100006463,,,,6,18
1,826020101,low,short_context,PPO23_32,23,32,24,24,0,0,0,156.179931,868.790912,142.11417682321965,29.742741034277937,0.3216969999775756,,,,6,18
2,826020101,low,long_context,PPO23_32,23,32,24,24,0,0,0,156.179931,870.151684,142.13224235559284,29.744703420639855,0.3404210000007879,,,,6,18
3,826020101,queue,mean,PPO23_32,23,32,24,24,0,0,2,397.269286,3840.8395060555554,141.86397540774033,30.16525302954094,1.1375870000047144,,,,6,18
4,826020101,queue,short_context,PPO23_32,23,32,24,24,0,0,2,382.099761,3834.0123670555554,141.84659146188358,30.16291685613366,1.117088800005149,,,,6,18
5,826020101,queue,long_context,PPO23_32,23,32,24,24,0,0,2,412.438811,3847.3392452222224,141.8808655094617,30.167590546485677,1.140610000002198,,,,6,18
6,826020101,burst,mean,PPO23_32,23,32,24,24,0,0,1,438.894306,3811.478298111111,141.86397540774033,30.1784008141827,1.226085600006627,,,,6,18
7,826020101,burst,short_context,PPO23_32,23,32,24,24,0,0,1,423.724781,3804.651159111111,141.84659146188358,30.175990007856736,1.2406166000000667,,,,6,18
8,826020101,burst,long_context,PPO23_32,23,32,24,24,0,0,1,454.063831,3817.9780372777777,141.8808655094617,30.180813476586195,1.198434999998426,,,,6,18
9,826020101,sustained,mean,PPO23_32,23,32,192,192,0,0,0,294.054635,1339.2953207604166,182.59410824008998,31.81094567506438,3.704504299996188,,,,96,96
10,826020101,sustained,short_context,PPO23_32,23,32,192,192,0,0,0,286.608481,1336.4755289166667,182.43752730174384,31.797835001859905,3.721850700007053,,,,96,96
11,826020101,sustained,long_context,PPO23_32,23,32,192,192,0,0,0,301.500789,1342.0009753541667,182.7511011073923,31.82401408173175,3.5865067999984603,,,,96,96
12,826020102,low,mean,PPO23_32,23,32,24,24,0,0,0,156.179931,869.471443,142.12345650915358,29.740999782203968,0.3278457999986131,,,,6,18
13,826020102,low,short_context,PPO23_32,23,32,24,24,0,0,0,156.179931,868.790912,142.11417682321965,29.739986381245465,0.3760290000063833,,,,6,18
14,826020102,low,long_context,PPO23_32,23,32,24,24,0,0,0,156.179931,870.151684,142.13224235559284,29.741959282191992,0.33039829999324866,,,,6,18
15,826020102,queue,mean,PPO23_32,23,32,24,24,0,0,3,294.054635,4019.289667611111,141.86397540774033,30.167528527178447,1.1902400999970268,,,,6,18
16,826020102,queue,short_context,PPO23_32,23,32,24,24,0,0,3,286.608481,4012.462528611111,141.84659146188358,30.16514866557027,1.179128000017954,,,,6,18
17,826020102,queue,long_context,PPO23_32,23,32,24,24,0,0,3,301.500789,4025.789406777778,141.88086550911194,30.16990921730473,1.1735196000081487,,,,6,18
18,826020102,burst,mean,PPO23_32,23,32,24,24,0,0,1,522.684435,3470.804147888889,141.90722225761942,30.165152256452252,1.0152235999994446,,,,6,18
19,826020102,burst,short_context,PPO23_32,23,32,24,24,0,0,1,507.51491,3463.977008888889,141.8911890211557,30.163208531818444,1.0199154000147246,,,,6,18
20,826020102,burst,long_context,PPO23_32,23,32,24,24,0,0,1,537.85396,3477.3038870555556,141.92276164923481,30.167097186129226,1.005541999998968,,,,6,18
21,826020102,sustained,mean,PPO23_32,23,32,192,192,0,0,0,294.054635,1245.0251524375,182.41631014978879,31.631884800531115,3.4905985000077635,,,,96,96
22,826020102,sustained,short_context,PPO23_32,23,32,192,192,0,0,0,286.608481,1237.7159266770834,182.26804579708423,31.617389729185692,3.50485289999051,,,,96,96
23,826020102,sustained,long_context,PPO23_32,23,32,192,192,0,0,0,301.500789,1256.6218751875,182.60407014922822,31.646315109204757,2.974520699994173,,,,96,96
0,826020101,low,mean,PPO37_16,37,16,24,24,0,0,0,156.179931,619.471443,142.12345650915358,29.73446150182895,0.22729470001650043,,,,6,18
1,826020101,low,short_context,PPO37_16,37,16,24,24,0,0,0,156.179931,618.790912,142.11417682321965,29.733464458687855,0.21912439999869093,,,,6,18
2,826020101,low,long_context,PPO37_16,37,16,24,24,0,0,0,156.179931,620.151684,142.13224235559284,29.73540551410324,0.2259681000141427,,,,6,18
3,826020101,queue,mean,PPO37_16,37,16,24,24,0,0,2,397.269286,3637.9316250555557,141.86397540774033,30.18183279762565,1.1383139000099618,,,,6,18
4,826020101,queue,short_context,PPO37_16,37,16,24,24,0,0,2,382.099761,3631.1044860555558,141.84659146188358,30.179496624218352,1.1335117999988142,,,,6,18
5,826020101,queue,long_context,PPO37_16,37,16,24,24,0,0,2,412.438811,3644.4313642222223,141.8808655094617,30.184170314570384,1.1796211999899242,,,,6,18
6,826020101,burst,mean,PPO37_16,37,16,24,24,0,0,1,438.894306,3731.349671111111,141.86397540774033,30.184930622152812,1.1326054999954067,,,,6,18
7,826020101,burst,short_context,PPO37_16,37,16,24,24,0,0,1,423.724781,3724.522532111111,141.84659146188358,30.18251981582685,1.1322042999963742,,,,6,18
8,826020101,burst,long_context,PPO37_16,37,16,24,24,0,0,1,454.063831,3737.8494102777777,141.8808655094617,30.1873432845563,1.1285895000037272,,,,6,18
9,826020101,sustained,mean,PPO37_16,37,16,192,192,0,0,0,294.054635,1048.4749821458333,183.59743809569318,31.830418178974405,2.957186100014951,,,,96,96
10,826020101,sustained,short_context,PPO37_16,37,16,192,192,0,0,0,286.608481,1044.5564818020835,183.39390832932494,31.81673237561588,3.03506710001966,,,,96,96
11,826020101,sustained,long_context,PPO37_16,37,16,192,192,0,0,0,301.500789,1052.2646609375001,183.79781373257828,31.84471714301327,2.8707775000075344,,,,96,96
12,826020102,low,mean,PPO37_16,37,16,24,24,0,0,0,156.179931,619.471443,142.12345650915358,29.731687135955948,0.2223801999934949,,,,6,18
13,826020102,low,short_context,PPO37_16,37,16,24,24,0,0,0,156.179931,618.790912,142.11417682321965,29.730684721472688,0.22062500001629815,,,,6,18
14,826020102,low,long_context,PPO37_16,37,16,24,24,0,0,0,156.179931,620.151684,142.13224235559284,29.73263623380278,0.21167039999272674,,,,6,18
15,826020102,queue,mean,PPO37_16,37,16,24,24,0,0,2,294.054635,3818.404061611111,141.86397540774033,30.183942326776606,1.1692602999974042,,,,6,18
16,826020102,queue,short_context,PPO37_16,37,16,24,24,0,0,2,286.608481,3811.576922611111,141.84659146188358,30.181562465168415,1.17461159999948,,,,6,18
17,826020102,queue,long_context,PPO37_16,37,16,24,24,0,0,2,301.500789,3824.9038007777776,141.88086550911194,30.186323016902882,1.1952316999959294,,,,6,18
18,826020102,burst,mean,PPO37_16,37,16,24,24,0,0,1,522.684435,3470.804147888889,141.90722225761942,30.165152256452252,0.997467199980747,,,,6,18
19,826020102,burst,short_context,PPO37_16,37,16,24,24,0,0,1,507.51491,3463.977008888889,141.8911890211557,30.163208531818444,0.899061600008281,,,,6,18
20,826020102,burst,long_context,PPO37_16,37,16,24,24,0,0,1,537.85396,3477.3038870555556,141.92276164923481,30.167097186129226,1.0026128999888897,,,,6,18
21,826020102,sustained,mean,PPO37_16,37,16,192,192,0,0,0,294.054635,957.6345714895833,183.22463251724406,31.647831822611796,2.650283399998443,,,,96,96
22,826020102,sustained,short_context,PPO37_16,37,16,192,192,0,0,0,286.608481,953.1124104375,183.04246217716445,31.63330822010265,2.670365700003458,,,,96,96
23,826020102,sustained,long_context,PPO37_16,37,16,192,192,0,0,0,301.500789,961.9519988645834,183.40491443930267,31.662232076817535,2.822796099993866,,,,96,96
0,826020101,low,mean,PPO37_32,37,32,24,24,0,0,0,156.179931,869.471443,142.12345650915358,29.743749034271563,0.3073893000255339,,,,6,18
1,826020101,low,short_context,PPO37_32,37,32,24,24,0,0,0,156.179931,868.790912,142.11417682321965,29.742741034277937,0.331058200012194,,,,6,18
2,826020101,low,long_context,PPO37_32,37,32,24,24,0,0,0,156.179931,870.151684,142.13224235559284,29.744703420639855,0.31836149998707697,,,,6,18
3,826020101,queue,mean,PPO37_32,37,32,24,24,0,0,2,397.269286,3840.8395060555554,141.86397540774033,30.16525302954094,1.2409238999825902,,,,6,18
4,826020101,queue,short_context,PPO37_32,37,32,24,24,0,0,2,382.099761,3834.0123670555554,141.84659146188358,30.16291685613366,1.1654426000022795,,,,6,18
5,826020101,queue,long_context,PPO37_32,37,32,24,24,0,0,2,412.438811,3847.3392452222224,141.8808655094617,30.167590546485677,1.1405803999805357,,,,6,18
6,826020101,burst,mean,PPO37_32,37,32,24,24,0,0,1,438.894306,3811.478298111111,141.86397540774033,30.1784008141827,1.1395404000068083,,,,6,18
7,826020101,burst,short_context,PPO37_32,37,32,24,24,0,0,1,423.724781,3804.651159111111,141.84659146188358,30.175990007856736,1.1765299999970011,,,,6,18
8,826020101,burst,long_context,PPO37_32,37,32,24,24,0,0,1,454.063831,3817.9780372777777,141.8808655094617,30.180813476586195,1.1666552000097,,,,6,18
9,826020101,sustained,mean,PPO37_32,37,32,192,192,0,0,0,294.054635,1339.2953207604166,182.59410824008998,31.81094567506438,3.885286399978213,,,,96,96
10,826020101,sustained,short_context,PPO37_32,37,32,192,192,0,0,0,286.608481,1336.4755289166667,182.43752730174384,31.797835001859905,3.702346900012344,,,,96,96
11,826020101,sustained,long_context,PPO37_32,37,32,192,192,0,0,0,301.500789,1342.0009753541667,182.7511011073923,31.82401408173175,3.5695083999889903,,,,96,96
12,826020102,low,mean,PPO37_32,37,32,24,24,0,0,0,156.179931,869.471443,142.12345650915358,29.740999782203968,0.324947399989469,,,,6,18
13,826020102,low,short_context,PPO37_32,37,32,24,24,0,0,0,156.179931,868.790912,142.11417682321965,29.739986381245465,0.3328532000014093,,,,6,18
14,826020102,low,long_context,PPO37_32,37,32,24,24,0,0,0,156.179931,870.151684,142.13224235559284,29.741959282191992,0.33223430000361986,,,,6,18
15,826020102,queue,mean,PPO37_32,37,32,24,24,0,0,3,294.054635,4019.289667611111,141.86397540774033,30.167528527178447,1.2723746999981813,,,,6,18
16,826020102,queue,short_context,PPO37_32,37,32,24,24,0,0,3,286.608481,4012.462528611111,141.84659146188358,30.16514866557027,1.1942749999871012,,,,6,18
17,826020102,queue,long_context,PPO37_32,37,32,24,24,0,0,3,301.500789,4025.789406777778,141.88086550911194,30.16990921730473,1.2252151999855414,,,,6,18
18,826020102,burst,mean,PPO37_32,37,32,24,24,0,0,1,522.684435,3470.804147888889,141.90722225761942,30.165152256452252,1.0002183000033256,,,,6,18
19,826020102,burst,short_context,PPO37_32,37,32,24,24,0,0,1,507.51491,3463.977008888889,141.8911890211557,30.163208531818444,0.974558000016259,,,,6,18
20,826020102,burst,long_context,PPO37_32,37,32,24,24,0,0,1,537.85396,3477.3038870555556,141.92276164923481,30.167097186129226,1.006272099999478,,,,6,18
21,826020102,sustained,mean,PPO37_32,37,32,192,192,0,0,0,294.054635,1245.0251524375,182.41631014978879,31.631884800531115,3.4630514000018593,,,,96,96
22,826020102,sustained,short_context,PPO37_32,37,32,192,192,0,0,0,286.608481,1237.7159266770834,182.26804579708423,31.617389729185692,3.485119900025893,,,,96,96
23,826020102,sustained,long_context,PPO37_32,37,32,192,192,0,0,0,301.500789,1256.6218751875,182.60407014922822,31.646315109204757,3.5639757000026293,,,,96,96
0,826020101,low,mean,NoWait11,11,32,24,24,0,0,0,156.179931,619.471443,142.12345650915358,29.73446150182895,0.2264331000042148,,,,6,18
1,826020101,low,short_context,NoWait11,11,32,24,24,0,0,0,156.179931,618.790912,142.11417682321965,29.733464458687855,0.23702810000395402,,,,6,18
2,826020101,low,long_context,NoWait11,11,32,24,24,0,0,0,156.179931,620.151684,142.13224235559284,29.73540551410324,0.20916079997550696,,,,6,18
3,826020101,queue,mean,NoWait11,11,32,24,24,0,0,2,397.269286,3637.9316250555557,141.86397540774033,30.18183279762565,1.1426945999846794,,,,6,18
4,826020101,queue,short_context,NoWait11,11,32,24,24,0,0,2,382.099761,3631.1044860555558,141.84659146188358,30.179496624218352,1.1779264000069816,,,,6,18
5,826020101,queue,long_context,NoWait11,11,32,24,24,0,0,2,412.438811,3644.4313642222223,141.8808655094617,30.184170314570384,1.1482821999816224,,,,6,18
6,826020101,burst,mean,NoWait11,11,32,24,24,0,0,1,438.894306,3731.349671111111,141.86397540774033,30.184930622152812,1.1291149999888148,,,,6,18
7,826020101,burst,short_context,NoWait11,11,32,24,24,0,0,1,423.724781,3724.522532111111,141.84659146188358,30.18251981582685,1.145514700008789,,,,6,18
8,826020101,burst,long_context,NoWait11,11,32,24,24,0,0,1,454.063831,3737.8494102777777,141.8808655094617,30.1873432845563,1.1382144000090193,,,,6,18
9,826020101,sustained,mean,NoWait11,11,32,192,192,0,0,0,294.054635,1048.4749821458333,183.59743809569318,31.830418178974405,2.9300263000186533,,,,96,96
10,826020101,sustained,short_context,NoWait11,11,32,192,192,0,0,0,286.608481,1044.5564818020835,183.39390832932494,31.81673237561588,2.8890268999966793,,,,96,96
11,826020101,sustained,long_context,NoWait11,11,32,192,192,0,0,0,301.500789,1052.2646609375001,183.79781373257828,31.84471714301327,2.9666872000088915,,,,96,96
12,826020102,low,mean,NoWait11,11,32,24,24,0,0,0,156.179931,619.471443,142.12345650915358,29.731687135955948,0.2647739999811165,,,,6,18
13,826020102,low,short_context,NoWait11,11,32,24,24,0,0,0,156.179931,618.790912,142.11417682321965,29.730684721472688,0.22222070000134408,,,,6,18
14,826020102,low,long_context,NoWait11,11,32,24,24,0,0,0,156.179931,620.151684,142.13224235559284,29.73263623380278,0.21472579997498542,,,,6,18
15,826020102,queue,mean,NoWait11,11,32,24,24,0,0,2,294.054635,3818.404061611111,141.86397540774033,30.183942326776606,1.1570742999901995,,,,6,18
16,826020102,queue,short_context,NoWait11,11,32,24,24,0,0,2,286.608481,3811.576922611111,141.84659146188358,30.181562465168415,1.1598802999942563,,,,6,18
17,826020102,queue,long_context,NoWait11,11,32,24,24,0,0,2,301.500789,3824.9038007777776,141.88086550911194,30.186323016902882,1.0939957999798935,,,,6,18
18,826020102,burst,mean,NoWait11,11,32,24,24,0,0,1,522.684435,3470.804147888889,141.90722225761942,30.165152256452252,0.9928248999931384,,,,6,18
19,826020102,burst,short_context,NoWait11,11,32,24,24,0,0,1,507.51491,3463.977008888889,141.8911890211557,30.163208531818444,1.0049019000143744,,,,6,18
20,826020102,burst,long_context,NoWait11,11,32,24,24,0,0,1,537.85396,3477.3038870555556,141.92276164923481,30.167097186129226,0.9938236000016332,,,,6,18
21,826020102,sustained,mean,NoWait11,11,32,192,192,0,0,0,294.054635,957.6345714895833,183.22463251724406,31.647831822611796,2.6521277999854647,,,,96,96
22,826020102,sustained,short_context,NoWait11,11,32,192,192,0,0,0,286.608481,953.1124104375,183.04246217716445,31.63330822010265,3.6856184999924153,,,,96,96
23,826020102,sustained,long_context,NoWait11,11,32,192,192,0,0,0,301.500789,961.9519988645834,183.40491443930267,31.662232076817535,3.2360218000249006,,,,96,96
0,826020101,low,mean,NoWait23,23,32,24,24,0,0,0,156.179931,619.471443,142.12345650915358,29.73446150182895,0.2753302000055555,,,,6,18
1,826020101,low,short_context,NoWait23,23,32,24,24,0,0,0,156.179931,618.790912,142.11417682321965,29.733464458687855,0.3641401999921072,,,,6,18
2,826020101,low,long_context,NoWait23,23,32,24,24,0,0,0,156.179931,620.151684,142.13224235559284,29.73540551410324,0.3139599999994971,,,,6,18
3,826020101,queue,mean,NoWait23,23,32,24,24,0,0,2,397.269286,3637.9316250555557,141.86397540774033,30.18183279762565,1.551016500015976,,,,6,18
4,826020101,queue,short_context,NoWait23,23,32,24,24,0,0,2,382.099761,3631.1044860555558,141.84659146188358,30.179496624218352,1.5250536000239663,,,,6,18
5,826020101,queue,long_context,NoWait23,23,32,24,24,0,0,2,412.438811,3644.4313642222223,141.8808655094617,30.184170314570384,1.7050420999876224,,,,6,18
6,826020101,burst,mean,NoWait23,23,32,24,24,0,0,1,438.894306,3731.349671111111,141.86397540774033,30.184930622152812,1.6057934999989811,,,,6,18
7,826020101,burst,short_context,NoWait23,23,32,24,24,0,0,1,423.724781,3724.522532111111,141.84659146188358,30.18251981582685,1.517599099985091,,,,6,18
8,826020101,burst,long_context,NoWait23,23,32,24,24,0,0,1,454.063831,3737.8494102777777,141.8808655094617,30.1873432845563,1.578324199974304,,,,6,18
9,826020101,sustained,mean,NoWait23,23,32,192,192,0,0,0,294.054635,1048.4749821458333,183.59743809569318,31.830418178974405,3.469528799992986,,,,96,96
10,826020101,sustained,short_context,NoWait23,23,32,192,192,0,0,0,286.608481,1044.5564818020835,183.39390832932494,31.81673237561588,3.6868688999966253,,,,96,96
11,826020101,sustained,long_context,NoWait23,23,32,192,192,0,0,0,301.500789,1052.2646609375001,183.79781373257828,31.84471714301327,3.717478200007463,,,,96,96
12,826020102,low,mean,NoWait23,23,32,24,24,0,0,0,156.179931,619.471443,142.12345650915358,29.731687135955948,0.2689038999960758,,,,6,18
13,826020102,low,short_context,NoWait23,23,32,24,24,0,0,0,156.179931,618.790912,142.11417682321965,29.730684721472688,0.27288939998834394,,,,6,18
14,826020102,low,long_context,NoWait23,23,32,24,24,0,0,0,156.179931,620.151684,142.13224235559284,29.73263623380278,0.3334517999901436,,,,6,18
15,826020102,queue,mean,NoWait23,23,32,24,24,0,0,2,294.054635,3818.404061611111,141.86397540774033,30.183942326776606,1.561367100017378,,,,6,18
16,826020102,queue,short_context,NoWait23,23,32,24,24,0,0,2,286.608481,3811.576922611111,141.84659146188358,30.181562465168415,1.599008799996227,,,,6,18
17,826020102,queue,long_context,NoWait23,23,32,24,24,0,0,2,301.500789,3824.9038007777776,141.88086550911194,30.186323016902882,1.4671837000059895,,,,6,18
18,826020102,burst,mean,NoWait23,23,32,24,24,0,0,1,522.684435,3470.804147888889,141.90722225761942,30.165152256452252,1.2387171000009403,,,,6,18
19,826020102,burst,short_context,NoWait23,23,32,24,24,0,0,1,507.51491,3463.977008888889,141.8911890211557,30.163208531818444,1.37284450000152,,,,6,18
20,826020102,burst,long_context,NoWait23,23,32,24,24,0,0,1,537.85396,3477.3038870555556,141.92276164923481,30.167097186129226,1.5467584000143688,,,,6,18
21,826020102,sustained,mean,NoWait23,23,32,192,192,0,0,0,294.054635,957.6345714895833,183.22463251724406,31.647831822611796,3.469712599995546,,,,96,96
22,826020102,sustained,short_context,NoWait23,23,32,192,192,0,0,0,286.608481,953.1124104375,183.04246217716445,31.63330822010265,3.60159730000305,,,,96,96
23,826020102,sustained,long_context,NoWait23,23,32,192,192,0,0,0,301.500789,961.9519988645834,183.40491443930267,31.662232076817535,3.3613191999902483,,,,96,96
0,826020101,low,mean,NoWait37,37,32,24,24,0,0,0,156.179931,619.471443,142.12345650915358,29.73446150182895,0.3080865000083577,,,,6,18
1,826020101,low,short_context,NoWait37,37,32,24,24,0,0,0,156.179931,618.790912,142.11417682321965,29.733464458687855,0.3219488999748137,,,,6,18
2,826020101,low,long_context,NoWait37,37,32,24,24,0,0,0,156.179931,620.151684,142.13224235559284,29.73540551410324,0.31783980000182055,,,,6,18
3,826020101,queue,mean,NoWait37,37,32,24,24,0,0,2,397.269286,3637.9316250555557,141.86397540774033,30.18183279762565,1.6268592000124045,,,,6,18
4,826020101,queue,short_context,NoWait37,37,32,24,24,0,0,2,382.099761,3631.1044860555558,141.84659146188358,30.179496624218352,1.431456199992681,,,,6,18
5,826020101,queue,long_context,NoWait37,37,32,24,24,0,0,2,412.438811,3644.4313642222223,141.8808655094617,30.184170314570384,1.4913120999990497,,,,6,18
6,826020101,burst,mean,NoWait37,37,32,24,24,0,0,1,438.894306,3731.349671111111,141.86397540774033,30.184930622152812,1.4418687999714166,,,,6,18
7,826020101,burst,short_context,NoWait37,37,32,24,24,0,0,1,423.724781,3724.522532111111,141.84659146188358,30.18251981582685,1.591543599992292,,,,6,18
8,826020101,burst,long_context,NoWait37,37,32,24,24,0,0,1,454.063831,3737.8494102777777,141.8808655094617,30.1873432845563,1.3785224000166636,,,,6,18
9,826020101,sustained,mean,NoWait37,37,32,192,192,0,0,0,294.054635,1048.4749821458333,183.59743809569318,31.830418178974405,3.5940190000110306,,,,96,96
10,826020101,sustained,short_context,NoWait37,37,32,192,192,0,0,0,286.608481,1044.5564818020835,183.39390832932494,31.81673237561588,3.8096344000077806,,,,96,96
11,826020101,sustained,long_context,NoWait37,37,32,192,192,0,0,0,301.500789,1052.2646609375001,183.79781373257828,31.84471714301327,3.6212368000124115,,,,96,96
12,826020102,low,mean,NoWait37,37,32,24,24,0,0,0,156.179931,619.471443,142.12345650915358,29.731687135955948,0.2578761999902781,,,,6,18
13,826020102,low,short_context,NoWait37,37,32,24,24,0,0,0,156.179931,618.790912,142.11417682321965,29.730684721472688,0.2973913000023458,,,,6,18
14,826020102,low,long_context,NoWait37,37,32,24,24,0,0,0,156.179931,620.151684,142.13224235559284,29.73263623380278,0.29456970002502203,,,,6,18
15,826020102,queue,mean,NoWait37,37,32,24,24,0,0,2,294.054635,3818.404061611111,141.86397540774033,30.183942326776606,1.45418719999725,,,,6,18
16,826020102,queue,short_context,NoWait37,37,32,24,24,0,0,2,286.608481,3811.576922611111,141.84659146188358,30.181562465168415,1.605327400000533,,,,6,18
17,826020102,queue,long_context,NoWait37,37,32,24,24,0,0,2,301.500789,3824.9038007777776,141.88086550911194,30.186323016902882,1.4607550000073388,,,,6,18
18,826020102,burst,mean,NoWait37,37,32,24,24,0,0,1,522.684435,3470.804147888889,141.90722225761942,30.165152256452252,1.239506199985044,,,,6,18
19,826020102,burst,short_context,NoWait37,37,32,24,24,0,0,1,507.51491,3463.977008888889,141.8911890211557,30.163208531818444,1.417750900000101,,,,6,18
20,826020102,burst,long_context,NoWait37,37,32,24,24,0,0,1,537.85396,3477.3038870555556,141.92276164923481,30.167097186129226,1.2698597999988124,,,,6,18
21,826020102,sustained,mean,NoWait37,37,32,192,192,0,0,0,294.054635,957.6345714895833,183.22463251724406,31.647831822611796,3.191806600021664,,,,96,96
22,826020102,sustained,short_context,NoWait37,37,32,192,192,0,0,0,286.608481,953.1124104375,183.04246217716445,31.63330822010265,3.280536200007191,,,,96,96
23,826020102,sustained,long_context,NoWait37,37,32,192,192,0,0,0,301.500789,961.9519988645834,183.40491443930267,31.662232076817535,3.2833197999862023,,,,96,96
