case,name,request_id,priority,arrival_ms,dispatch_ms,output_ready_ms,persist_complete_ms,worker_release_ms,lane_available_ms,response_ms,late,backend,status
low_loose_cpu_301_n2,CPU_URGENT,evaluation/low/0,normal,0.0,0.3,609.454846,629.547692,629.847154,633.340077,629.547692,False,CPU,succeeded
low_loose_cpu_301_n2,CPU_URGENT,evaluation/low/1,urgent,1200.0,1200.3,1348.535,1354.744308,1354.841769,1357.134385,148.535,False,CPU,succeeded
low_loose_cpu_301_n2,B2_PC,evaluation/low/0,normal,0.0,0.3,609.454846,629.547692,629.847154,633.340077,629.547692,False,CPU,succeeded
low_loose_cpu_301_n2,B2_PC,evaluation/low/1,urgent,1200.0,1200.3,1504.963385,1526.400385,1526.700308,1530.414154,304.963385,False,GPU,succeeded
low_loose_cpu_301_n2,B3_SOLO_EFT_PC,evaluation/low/0,normal,0.0,0.3,609.454846,629.547692,629.847154,633.340077,629.547692,False,CPU,succeeded
low_loose_cpu_301_n2,B3_SOLO_EFT_PC,evaluation/low/1,urgent,1200.0,1200.3,1348.535,1354.744308,1354.841769,1357.134385,148.535,False,CPU,succeeded
low_loose_cpu_301_n2,THERMAL_ENERGY_PC_V1,evaluation/low/0,normal,0.0,0.7,609.854846,629.947692,630.247154,633.740077,629.947692,False,CPU,succeeded
low_loose_cpu_301_n2,THERMAL_ENERGY_PC_V1,evaluation/low/1,urgent,1200.0,1200.7,1348.935,1355.144308,1355.241769,1357.534385,148.935,False,CPU,succeeded
low_loose_cpu_301_n2,OFFLINE_ORACLE,evaluation/low/0,normal,0.0,0.7,609.854846,629.947692,630.247154,633.740077,629.947692,False,CPU,succeeded
low_loose_cpu_301_n2,OFFLINE_ORACLE,evaluation/low/1,urgent,1200.0,1200.7,1348.935,1355.144308,1355.241769,1357.534385,148.935,False,CPU,succeeded
queue_energy_shift_301_n3,CPU_URGENT,evaluation/queue/0,normal,0.0,0.3,603.660692,607.821,607.919462,609.917308,607.821,False,CPU,succeeded
queue_energy_shift_301_n3,CPU_URGENT,evaluation/queue/1,urgent,200.0,610.217308,769.117616,789.147693,789.414154,793.321923,569.117616,False,CPU,succeeded
queue_energy_shift_301_n3,CPU_URGENT,evaluation/queue/2,normal,400.0,793.621923,1402.776769,1422.869615,1423.169077,1426.662,1022.869615,False,CPU,succeeded
queue_energy_shift_301_n3,B2_PC,evaluation/queue/0,normal,0.0,0.3,725.488538,729.648846,729.747308,731.745154,729.648846,False,CPU,succeeded
queue_energy_shift_301_n3,B2_PC,evaluation/queue/1,urgent,200.0,200.3,630.426,652.091924,652.361078,656.356462,430.426,False,GPU,succeeded
queue_energy_shift_301_n3,B2_PC,evaluation/queue/2,normal,400.0,732.045154,1341.2,1361.292846,1361.592308,1365.085232,961.292846,False,CPU,succeeded
queue_energy_shift_301_n3,B3_SOLO_EFT_PC,evaluation/queue/0,normal,0.0,0.3,729.025077,733.185385,733.283847,735.281693,733.185385,False,CPU,succeeded
queue_energy_shift_301_n3,B3_SOLO_EFT_PC,evaluation/queue/1,urgent,200.0,200.3,630.426,652.091924,652.361078,656.356462,430.426,False,GPU,succeeded
queue_energy_shift_301_n3,B3_SOLO_EFT_PC,evaluation/queue/2,normal,400.0,656.656462,1783.706231,1803.567769,1803.727154,1805.644,1403.567769,False,GPU,succeeded
queue_energy_shift_301_n3,THERMAL_ENERGY_PC_V1,evaluation/queue/0,normal,0.0,0.7,1427.7885,1447.782578,1448.021962,1451.519808,1447.782578,False,GPU,succeeded
queue_energy_shift_301_n3,THERMAL_ENERGY_PC_V1,evaluation/queue/1,urgent,200.0,200.7,407.310962,427.341039,427.6075,431.515269,207.310962,False,CPU,succeeded
queue_energy_shift_301_n3,THERMAL_ENERGY_PC_V1,evaluation/queue/2,normal,400.0,432.215269,1316.808884,1336.90173,1337.201192,1340.694116,936.90173,False,CPU,succeeded
queue_energy_shift_301_n3,OFFLINE_ORACLE,evaluation/queue/0,normal,0.0,401.4,1230.275077,1234.435385,1234.533847,1236.531693,1234.435385,False,CPU,succeeded
queue_energy_shift_301_n3,OFFLINE_ORACLE,evaluation/queue/1,urgent,200.0,400.7,830.826,852.491924,852.761078,856.756462,630.826,False,GPU,succeeded
queue_energy_shift_301_n3,OFFLINE_ORACLE,evaluation/queue/2,normal,400.0,857.456462,2084.656231,2104.517769,2104.677154,2106.594,1704.517769,False,GPU,succeeded
burst_thermal_cap_301_n3,CPU_URGENT,evaluation/burst/0,normal,0.0,0.3,609.454846,629.547692,629.847154,633.340077,629.547692,False,CPU,succeeded
burst_thermal_cap_301_n3,CPU_URGENT,evaluation/burst/1,urgent,80.0,633.640077,788.347461,804.086846,804.242231,806.604615,708.347461,False,CPU,succeeded
burst_thermal_cap_301_n3,CPU_URGENT,evaluation/burst/2,normal,160.0,806.904615,1407.211385,1427.297846,1427.497538,1430.645923,1267.297846,False,CPU,succeeded
burst_thermal_cap_301_n3,B2_PC,evaluation/burst/0,normal,0.0,0.3,727.329,747.421846,747.721308,751.21423,747.421846,False,CPU,succeeded
burst_thermal_cap_301_n3,B2_PC,evaluation/burst/1,urgent,80.0,80.3,485.039615,506.153538,506.452846,510.629231,405.039615,False,GPU,succeeded
burst_thermal_cap_301_n3,B2_PC,evaluation/burst/2,normal,160.0,751.51423,1351.821,1371.907462,1372.107154,1375.255538,1211.907462,False,CPU,succeeded
burst_thermal_cap_301_n3,B3_SOLO_EFT_PC,evaluation/burst/0,normal,0.0,0.3,727.329,747.421846,747.721308,751.21423,747.421846,False,CPU,succeeded
burst_thermal_cap_301_n3,B3_SOLO_EFT_PC,evaluation/burst/1,urgent,80.0,80.3,485.039615,506.153538,506.452846,510.629231,405.039615,False,GPU,succeeded
burst_thermal_cap_301_n3,B3_SOLO_EFT_PC,evaluation/burst/2,normal,160.0,727.629,1851.14223,1871.003768,1871.163154,1873.08,1711.003768,False,GPU,succeeded
burst_thermal_cap_301_n3,THERMAL_ENERGY_PC_V1,evaluation/burst/0,normal,0.0,0.7,1427.646115,1448.195423,1448.391115,1451.599961,1448.195423,False,GPU,succeeded
burst_thermal_cap_301_n3,THERMAL_ENERGY_PC_V1,evaluation/burst/1,urgent,80.0,80.7,280.663076,296.402461,296.557846,298.92023,200.663076,False,CPU,succeeded
burst_thermal_cap_301_n3,THERMAL_ENERGY_PC_V1,evaluation/burst/2,normal,160.0,299.62023,1176.034654,1196.121115,1196.320807,1199.469192,1036.121115,False,CPU,succeeded
burst_thermal_cap_301_n3,OFFLINE_ORACLE,evaluation/burst/0,normal,0.0,0.7,683.873692,703.966538,704.266,707.758923,703.966538,False,CPU,succeeded
burst_thermal_cap_301_n3,OFFLINE_ORACLE,evaluation/burst/1,urgent,80.0,410.7,779.101268,800.215191,800.514499,804.690884,699.101268,False,GPU,succeeded
burst_thermal_cap_301_n3,OFFLINE_ORACLE,evaluation/burst/2,normal,160.0,708.458923,1316.282654,1336.369115,1336.568807,1339.717192,1176.369115,False,CPU,succeeded
