role,phase,head,initializer,sessions,mean_absolute_J,mean_signed_J,maximum_absolute_J,improved_vs_same_head,worsened_vs_same_head
development,reference120,original_frozen,P50,6,5.104334491365125,-3.4466379096124933,11.014840853972004,0,0
development,reference120,original_frozen,FULL_MEAN,6,2.9976589196856267,-1.9054681994386655,7.665953839840768,5,1
development,reference120,original_frozen,FULL_CPU,6,3.0732607408974295,-2.5937761083022792,8.977922617517606,6,0
development,reference120,existing_zero_offset,P50,6,4.15698644434224,-1.8378972636843376,8.162597754061068,0,0
development,reference120,existing_zero_offset,FULL_MEAN,6,2.2117840197892185,-0.2967275535105098,4.83777651818383,5,1
development,reference120,existing_zero_offset,FULL_CPU,6,2.2099927215387964,-0.9850354623741234,6.149745295860669,6,0
development,future85,original_frozen,P50,6,4.310188624533498,-3.593690019063589,11.216302381977982,0,0
development,future85,original_frozen,FULL_MEAN,6,2.2748355789016728,-2.052520308889759,6.740075135730152,5,1
development,future85,original_frozen,FULL_CPU,6,2.78249082233098,-2.74082821775337,8.05204391340699,5,1
development,future85,existing_zero_offset,P50,6,3.3628405775106174,-1.9849493731354333,8.36405928206706,0,0
development,future85,existing_zero_offset,FULL_MEAN,6,1.7780179260610822,-0.4437796629616031,3.911897814073228,4,2
development,future85,existing_zero_offset,FULL_CPU,6,1.966140075881171,-1.1320875718252144,5.223866591750067,4,2
development,post_lane_idle,original_frozen,P50,6,2.4615934147166505,-2.3211504094345563,6.609934771980008,0,0
development,post_lane_idle,original_frozen,FULL_MEAN,6,1.4784301605586663,-1.3147606435450783,3.2036899511561643,4,2
development,post_lane_idle,original_frozen,FULL_CPU,6,1.8474643659916943,-1.8058017614140844,3.595989762574348,4,2
development,post_lane_idle,existing_zero_offset,P50,6,2.4615934147166505,-2.3211504094345563,6.609934771980008,0,0
development,post_lane_idle,existing_zero_offset,FULL_MEAN,6,1.4784301605586663,-1.3147606435450783,3.2036899511561643,4,2
development,post_lane_idle,existing_zero_offset,FULL_CPU,6,1.8474643659916943,-1.8058017614140844,3.595989762574348,4,2
development,work_present,original_frozen,P50,4,2.960207464823659,-1.9088094144435548,5.131666148536418,0,0
development,work_present,original_frozen,FULL_MEAN,4,2.033704009338603,-1.1066394980170244,3.932897103438279,3,1
development,work_present,original_frozen,FULL_CPU,4,2.075446832182436,-1.402539684508934,4.456054150832593,3,1
development,work_present,existing_zero_offset,P50,4,2.53310822293197,0.5043015544486789,3.712344597279305,0,0
development,work_present,existing_zero_offset,FULL_MEAN,4,1.858831361765887,1.3064714708752092,2.9982542016339266,3,1
development,work_present,existing_zero_offset,FULL_CPU,4,1.8245096989711342,1.0105712843832997,2.8943290413438376,3,1
confirmation,reference120,original_frozen,P50,6,3.912503082185085,0.6852299724236582,9.68181932928428,0,0
confirmation,reference120,original_frozen,FULL_MEAN,6,4.03530373002225,0.426921295064209,10.403097629788562,2,4
confirmation,reference120,original_frozen,FULL_CPU,6,3.8760625105561153,-0.2434244562061565,10.689697632898799,2,4
confirmation,reference120,existing_zero_offset,P50,6,4.563937834851394,2.2867909470912315,6.831440663280489,0,0
confirmation,reference120,existing_zero_offset,FULL_MEAN,6,4.546055257660039,2.028482269731782,9.040978164211225,2,4
confirmation,reference120,existing_zero_offset,FULL_CPU,6,4.000061277713773,1.3581365184614214,8.77284953386885,3,3
confirmation,future85,original_frozen,P50,6,4.047277347269524,0.98317173164439,8.878865063914532,0,0
confirmation,future85,original_frozen,FULL_MEAN,6,4.010814473189015,0.7248630542849384,9.600143364418813,3,3
confirmation,future85,original_frozen,FULL_CPU,6,3.6094298100652082,0.05451730301457758,9.88674336752905,2,4
confirmation,future85,existing_zero_offset,P50,6,4.5942281722822145,2.584732706311968,6.579720909733112,0,0
confirmation,future85,existing_zero_offset,FULL_MEAN,6,4.5763455950908565,2.326424028952516,7.0781401665457935,2,4
confirmation,future85,existing_zero_offset,FULL_CPU,6,4.0015331781905745,1.6560782776821554,7.036364701525258,3,3
confirmation,post_lane_idle,original_frozen,P50,6,2.920702472931996,1.234019600593682,6.306905482825741,0,0
confirmation,post_lane_idle,original_frozen,FULL_MEAN,6,2.660933627830719,0.9896032003997787,5.013991282292821,2,4
confirmation,post_lane_idle,original_frozen,FULL_CPU,6,2.1756033573229274,0.4468595818809978,5.186231326325789,3,3
confirmation,post_lane_idle,existing_zero_offset,P50,6,2.920702472931996,1.234019600593682,6.306905482825741,0,0
confirmation,post_lane_idle,existing_zero_offset,FULL_MEAN,6,2.660933627830719,0.9896032003997787,5.013991282292821,2,4
confirmation,post_lane_idle,existing_zero_offset,FULL_CPU,6,2.1756033573229274,0.4468595818809978,5.186231326325789,3,3
confirmation,work_present,original_frozen,P50,4,2.512586295366157,-0.37627180342393807,4.298345536299593,0,0
confirmation,work_present,original_frozen,FULL_MEAN,4,2.6232134089411367,-0.39711021917225864,4.586152082125992,2,2
confirmation,work_present,original_frozen,FULL_CPU,4,2.6050835944100648,-0.5885134182996339,4.700512041203261,1,3
confirmation,work_present,existing_zero_offset,P50,4,2.7500530937253185,2.026069658577425,4.6849512872074754,0,0
confirmation,work_present,existing_zero_offset,FULL_MEAN,4,2.8731179508901956,2.005231242829103,5.973827081206501,1,3
confirmation,work_present,existing_zero_offset,FULL_CPU,4,2.7388947313014587,1.8138280437017311,5.853528289230702,2,2
