mono_ns,sample_before_mono_ns,sample_after_mono_ns,sampling_uncertainty_ns,AP,BAT,PA,SKIN,thermal_status,parse_status,missing_sensors,analysis_phase
2143816394999999,2143816339999999,2143816450000000,55000000,29.3,28.6,28.9,30.5,0,ok,,BASELINE
2143817424999999,2143817359999999,2143817490000000,65000000,29.3,28.6,28.9,30.5,0,ok,,BASELINE
2143818459999999,2143818390000000,2143818529999999,69999999,31.1,28.6,29.9,30.6,0,ok,,BASELINE
2143819485000000,2143819410000000,2143819560000000,75000000,31.1,28.6,29.9,30.6,0,ok,,BASELINE
2143820409999999,2143820339999999,2143820480000000,70000000,31.1,28.6,29.9,30.6,0,ok,,BASELINE
2143821515000000,2143821450000000,2143821580000000,65000000,31.1,28.6,29.9,30.6,0,ok,,BASELINE
2143822444999999,2143822380000000,2143822509999999,64999999,31.1,28.6,29.9,30.6,0,ok,,BASELINE
2143823489999999,2143823430000000,2143823549999999,59999999,31.1,28.6,29.9,30.6,0,ok,,BASELINE
2143824515000000,2143824450000000,2143824580000000,65000000,31.1,28.6,29.9,30.6,0,ok,,BASELINE
2143825515000000,2143825450000000,2143825580000000,65000000,31.1,28.6,29.9,30.6,0,ok,,BASELINE
2143826505000000,2143826430000000,2143826580000000,75000000,31.1,28.6,29.9,30.6,0,ok,,BASELINE
2143827494999999,2143827420000000,2143827569999999,74999999,31.1,28.6,29.9,30.6,0,ok,,BASELINE
2143828510000000,2143828440000000,2143828580000000,70000000,29.8,28.7,29.2,30.7,0,ok,,BASELINE
2143829520000000,2143829460000000,2143829580000000,60000000,29.8,28.7,29.2,30.7,0,ok,,BASELINE
2143830534999999,2143830460000000,2143830609999999,74999999,29.8,28.7,29.2,30.7,0,ok,,BASELINE
2143831510000000,2143831440000000,2143831580000000,70000000,29.8,28.7,29.2,30.7,0,ok,,BASELINE
2143832544999999,2143832480000000,2143832609999999,64999999,29.8,28.7,29.2,30.7,0,ok,,BASELINE
2143833539999999,2143833470000000,2143833609999999,69999999,29.8,28.7,29.2,30.7,0,ok,,BASELINE
2143834509999999,2143834430000000,2143834589999999,79999999,29.8,28.7,29.2,30.7,0,ok,,BASELINE
2143835505000000,2143835430000000,2143835580000000,75000000,29.8,28.7,29.2,30.7,0,ok,,BASELINE
2143836555000000,2143836480000000,2143836630000000,75000000,29.8,28.7,29.2,30.7,0,ok,,BASELINE
2143837525000000,2143837450000000,2143837600000000,75000000,29.8,28.7,29.2,30.7,0,ok,,BASELINE
2143838545000000,2143838470000000,2143838620000000,75000000,29.7,28.7,29.2,30.6,0,ok,,BASELINE
2143839545000000,2143839470000000,2143839620000000,75000000,29.7,28.7,29.2,30.6,0,ok,,BASELINE
2143840540000000,2143840460000000,2143840620000000,80000000,29.7,28.7,29.2,30.6,0,ok,,BASELINE
2143841575000000,2143841490000000,2143841660000000,85000000,29.7,28.7,29.2,30.6,0,ok,,BASELINE
2143842560000000,2143842490000000,2143842630000000,70000000,29.7,28.7,29.2,30.6,0,ok,,BASELINE
2143843555000000,2143843490000000,2143843620000000,65000000,29.7,28.7,29.2,30.6,0,ok,,BASELINE
2143844570000000,2143844500000000,2143844640000000,70000000,29.7,28.7,29.2,30.6,0,ok,,BASELINE
2143845565000000,2143845490000000,2143845640000000,75000000,29.7,28.7,29.2,30.6,0,ok,,BASELINE
2143846570000000,2143846490000000,2143846650000000,80000000,29.7,28.7,29.2,30.6,0,ok,,BASELINE
2143847580000000,2143847500000000,2143847660000000,80000000,29.7,28.7,29.2,30.6,0,ok,,BASELINE
2143848585000000,2143848520000000,2143848650000000,65000000,29.7,28.7,29.1,30.6,0,ok,,BASELINE
2143849579999999,2143849509999999,2143849650000000,70000000,29.7,28.7,29.1,30.6,0,ok,,BASELINE
2143850580000000,2143850520000000,2143850640000000,60000000,29.7,28.7,29.1,30.6,0,ok,,BASELINE
2143851625000000,2143851540000000,2143851710000000,85000000,29.7,28.7,29.1,30.6,0,ok,,BASELINE
2143852625000000,2143852540000000,2143852710000000,85000000,29.7,28.7,29.1,30.6,0,ok,,BASELINE
2143853615000000,2143853540000000,2143853690000000,75000000,29.7,28.7,29.1,30.6,0,ok,,BASELINE
2143854619999999,2143854549999999,2143854690000000,70000000,29.7,28.7,29.1,30.6,0,ok,,BASELINE
2143855610000000,2143855540000000,2143855680000000,70000000,29.7,28.7,29.1,30.6,0,ok,,BASELINE
2143856595000000,2143856520000000,2143856670000000,75000000,29.7,28.7,29.1,30.6,0,ok,,BASELINE
2143857599999999,2143857529999999,2143857670000000,70000000,29.7,28.7,29.1,30.6,0,ok,,BASELINE
2143858610000000,2143858540000000,2143858680000000,70000000,29.6,28.6,29.1,30.6,0,ok,,BASELINE
2143859620000000,2143859540000000,2143859700000000,80000000,29.6,28.6,29.1,30.6,0,ok,,BASELINE
2143860630000000,2143860540000000,2143860720000000,90000000,29.6,28.6,29.1,30.6,0,ok,,BASELINE
2143861599999999,2143861529999999,2143861670000000,70000000,29.6,28.6,29.1,30.6,0,ok,,BASELINE
2143862629999999,2143862549999999,2143862710000000,80000000,29.6,28.6,29.1,30.6,0,ok,,BASELINE
2143863615000000,2143863540000000,2143863690000000,75000000,29.6,28.6,29.1,30.6,0,ok,,BASELINE
2143864635000000,2143864560000000,2143864710000000,75000000,29.6,28.6,29.1,30.6,0,ok,,BASELINE
2143865620000000,2143865540000000,2143865700000000,80000000,29.6,28.6,29.1,30.6,0,ok,,BASELINE
2143866619999999,2143866549999999,2143866690000000,70000000,29.6,28.6,29.1,30.6,0,ok,,BASELINE
2143867585000000,2143867520000000,2143867650000000,65000000,29.6,28.6,29.1,30.6,0,ok,,BASELINE
2143868629999999,2143868549999999,2143868710000000,80000000,29.6,28.6,29.2,30.6,0,ok,,BASELINE
2143869635000000,2143869560000000,2143869710000000,75000000,29.6,28.6,29.2,30.6,0,ok,,BASELINE
2143870649999999,2143870569999999,2143870730000000,80000000,29.6,28.6,29.2,30.6,0,ok,,BASELINE
2143871665000000,2143871580000000,2143871750000000,85000000,29.6,28.6,29.2,30.6,0,ok,,BASELINE
2143872630000000,2143872560000000,2143872700000000,70000000,29.6,28.6,29.2,30.6,0,ok,,BASELINE
2143873645000000,2143873580000000,2143873710000000,65000000,29.6,28.6,29.2,30.6,0,ok,,BASELINE
2143874664999999,2143874589999999,2143874740000000,75000000,29.6,28.6,29.2,30.6,0,ok,,BASELINE
2143875654999999,2143875589999999,2143875720000000,65000000,29.6,28.6,29.2,30.6,0,ok,,BASELINE
2143876665000000,2143876600000000,2143876730000000,65000000,29.6,28.6,29.2,30.6,0,ok,,BASELINE
2143877670000000,2143877600000000,2143877740000000,70000000,29.6,28.6,29.2,30.6,0,ok,,LOAD
2143878654999999,2143878589999999,2143878720000000,65000000,32.3,28.6,30.2,30.6,0,ok,,LOAD
2143879650000000,2143879600000000,2143879700000000,50000000,32.3,28.6,30.2,30.6,0,ok,,LOAD
2143880659999999,2143880609999999,2143880710000000,50000000,32.3,28.6,30.2,30.6,0,ok,,LOAD
2143881685000000,2143881620000000,2143881750000000,65000000,32.3,28.6,30.2,30.6,0,ok,,LOAD
2143882675000000,2143882620000000,2143882730000000,55000000,32.3,28.6,30.2,30.6,0,ok,,LOAD
2143883680000000,2143883630000000,2143883730000000,50000000,32.3,28.6,30.2,30.6,0,ok,,LOAD
2143884770000000,2143884710000000,2143884830000000,60000000,34.4,28.8,34.3,31.8,0,ok,,LOAD
2143885799999999,2143885740000000,2143885859999999,59999999,34.4,28.8,34.3,31.8,0,ok,,LOAD
2143886830000000,2143886770000000,2143886890000000,60000000,35.0,29.0,34.9,32.2,0,ok,,LOAD
2143887744999999,2143887690000000,2143887799999999,54999999,35.0,29.0,34.9,32.2,0,ok,,LOAD
2143888769999999,2143888720000000,2143888819999999,49999999,35.5,29.2,35.5,32.5,0,ok,,LOAD
2143889795000000,2143889740000000,2143889850000000,55000000,35.5,29.2,35.5,32.5,0,ok,,LOAD
2143890819999999,2143890759999999,2143890880000000,60000000,36.0,29.3,35.8,32.7,0,ok,,LOAD
2143891845000000,2143891790000000,2143891900000000,55000000,36.0,29.3,35.8,32.7,0,ok,,LOAD
2143892770000000,2143892710000000,2143892830000000,60000000,36.4,29.5,36.4,33.0,0,ok,,LOAD
2143893784999999,2143893730000000,2143893839999999,54999999,36.4,29.5,36.4,33.0,0,ok,,LOAD
2143894815000000,2143894750000000,2143894880000000,65000000,36.9,29.7,37.0,33.2,0,ok,,LOAD
2143895839999999,2143895779999999,2143895900000000,60000000,36.9,29.7,37.0,33.2,0,ok,,LOAD
2143896720000000,2143896670000000,2143896770000000,50000000,37.2,29.8,37.3,33.4,0,ok,,LOAD
2143897794999999,2143897730000000,2143897859999999,64999999,37.2,29.8,37.3,33.4,0,ok,,LOAD
2143898820000000,2143898750000000,2143898890000000,70000000,37.5,30.0,37.7,33.6,0,ok,,LOAD
2143899830000000,2143899770000000,2143899890000000,60000000,37.5,30.0,37.7,33.6,0,ok,,LOAD
2143900859999999,2143900799999999,2143900920000000,60000000,37.8,30.2,37.9,33.7,0,ok,,LOAD
2143901775000000,2143901720000000,2143901830000000,55000000,37.8,30.2,37.9,33.7,0,ok,,LOAD
2143902789999999,2143902740000000,2143902839999999,49999999,38.1,30.3,38.3,33.9,0,ok,,LOAD
2143903819999999,2143903759999999,2143903880000000,60000000,38.1,30.3,38.3,33.9,0,ok,,LOAD
2143904845000000,2143904790000000,2143904900000000,55000000,38.4,30.5,38.5,34.0,0,ok,,LOAD
2143905880000000,2143905810000000,2143905950000000,70000000,38.4,30.5,38.5,34.0,0,ok,,LOAD
2143906800000000,2143906730000000,2143906870000000,70000000,38.6,30.7,38.8,34.2,0,ok,,LOAD
2143907814999999,2143907759999999,2143907870000000,55000000,38.6,30.7,38.8,34.2,0,ok,,LOAD
2143908870000000,2143908790000000,2143908950000000,80000000,38.8,30.8,39.0,34.3,0,ok,,LOAD
2143909765000000,2143909700000000,2143909830000000,65000000,38.8,30.8,39.0,34.3,0,ok,,LOAD
2143910779999999,2143910720000000,2143910839999999,59999999,39.1,31.0,39.4,34.6,0,ok,,LOAD
2143911815000000,2143911750000000,2143911880000000,65000000,39.1,31.0,39.4,34.6,0,ok,,LOAD
2143912830000000,2143912770000000,2143912890000000,60000000,39.2,31.1,39.5,34.7,0,ok,,LOAD
2143913854999999,2143913799999999,2143913910000000,55000000,39.2,31.1,39.5,34.7,0,ok,,LOAD
2143914779999999,2143914720000000,2143914839999999,59999999,39.4,31.3,39.7,34.8,0,ok,,LOAD
2143915815000000,2143915750000000,2143915880000000,65000000,39.4,31.3,39.7,34.8,0,ok,,LOAD
2143916744999999,2143916690000000,2143916799999999,54999999,39.6,31.5,40.1,35.0,0,ok,,LOAD
2143917850000000,2143917790000000,2143917910000000,60000000,39.6,31.5,40.1,35.0,0,ok,,LOAD
2143918869999999,2143918819999999,2143918920000000,50000000,39.8,31.6,40.1,35.1,0,ok,,LOAD
2143919810000000,2143919740000000,2143919880000000,70000000,39.8,31.6,40.1,35.1,0,ok,,LOAD
2143920814999999,2143920759999999,2143920870000000,55000000,40.1,31.7,40.5,35.3,0,ok,,LOAD
2143921845000000,2143921790000000,2143921900000000,55000000,40.1,31.7,40.5,35.3,0,ok,,LOAD
2143922870000000,2143922810000000,2143922930000000,60000000,40.3,31.9,40.7,35.4,0,ok,,LOAD
2143923885000000,2143923830000000,2143923940000000,55000000,40.3,31.9,40.7,35.4,0,ok,,LOAD
2143924824999999,2143924759999999,2143924890000000,65000000,40.4,32.0,40.7,35.5,0,ok,,LOAD
2143925834999999,2143925779999999,2143925890000000,55000000,40.4,32.0,40.7,35.5,0,ok,,LOAD
2143926870000000,2143926810000000,2143926930000000,60000000,40.6,32.2,40.9,35.7,0,ok,,LOAD
2143927890000000,2143927830000000,2143927950000000,60000000,40.6,32.2,40.9,35.7,0,ok,,LOAD
2143928800000000,2143928730000000,2143928870000000,70000000,40.8,32.2,41.2,35.7,0,ok,,LOAD
2143929830000000,2143929770000000,2143929890000000,60000000,40.8,32.2,41.2,35.7,0,ok,,LOAD
2143930850000000,2143930790000000,2143930910000000,60000000,41.0,32.4,41.4,35.9,0,ok,,LOAD
2143931884999999,2143931819999999,2143931950000000,65000000,41.0,32.4,41.4,35.9,0,ok,,LOAD
2143932925000000,2143932850000000,2143933000000000,75000000,41.1,32.5,41.6,36.0,0,ok,,LOAD
2143933820000000,2143933770000000,2143933870000000,50000000,41.1,32.5,41.6,36.0,0,ok,,LOAD
2143934850000000,2143934790000000,2143934910000000,60000000,41.2,32.7,41.8,36.1,0,ok,,LOAD
2143935889999999,2143935819999999,2143935960000000,70000000,41.2,32.7,41.8,36.1,0,ok,,LOAD
2143936899999999,2143936839999999,2143936960000000,60000000,41.4,32.7,41.9,36.2,0,ok,,LOAD
2143937949999999,2143937870000000,2143938029999999,79999999,41.4,32.7,41.9,36.2,0,ok,,COOLDOWN
2143938844999999,2143938779999999,2143938910000000,65000000,41.8,32.9,41.3,36.2,0,ok,,COOLDOWN
2143939900000000,2143939810000000,2143939990000000,90000000,41.8,32.9,41.3,36.2,0,ok,,COOLDOWN
2143940924999999,2143940839999999,2143941009999999,85000000,40.3,33.0,40.2,36.2,0,ok,,COOLDOWN
2143941889999999,2143941799999999,2143941980000000,90000000,40.3,33.0,40.2,36.2,0,ok,,COOLDOWN
2143942959999999,2143942890000000,2143943029999999,69999999,38.9,33.0,38.8,35.9,0,ok,,COOLDOWN
2143943985000000,2143943930000000,2143944040000000,55000000,38.9,33.0,38.8,35.9,0,ok,,COOLDOWN
2143945009999999,2143944950000000,2143945069999999,59999999,38.9,33.0,38.8,35.9,0,ok,,COOLDOWN
2143945979999999,2143945850000000,2143946109999999,129999999,38.9,33.0,38.8,35.9,0,ok,,COOLDOWN
2143946980000000,2143946900000000,2143947060000000,80000000,38.9,33.0,38.8,35.9,0,ok,,COOLDOWN
2143947985000000,2143947910000000,2143948060000000,75000000,38.9,33.0,38.8,35.9,0,ok,,COOLDOWN
2143949005000000,2143948930000000,2143949080000000,75000000,38.9,33.0,38.8,35.9,0,ok,,COOLDOWN
2143950040000000,2143949960000000,2143950120000000,80000000,38.9,33.0,38.8,35.9,0,ok,,COOLDOWN
2143951055000000,2143950980000000,2143951130000000,75000000,38.9,33.0,38.8,35.9,0,ok,,COOLDOWN
2143951989999999,2143951910000000,2143952069999999,79999999,38.9,33.0,38.8,35.9,0,ok,,COOLDOWN
2143953014999999,2143952940000000,2143953089999999,74999999,36.1,32.9,35.4,34.9,0,ok,,COOLDOWN
2143954024999999,2143953960000000,2143954089999999,64999999,36.1,32.9,35.4,34.9,0,ok,,COOLDOWN
2143955050000000,2143954980000000,2143955120000000,70000000,36.1,32.9,35.4,34.9,0,ok,,COOLDOWN
2143956075000000,2143956000000000,2143956150000000,75000000,36.1,32.9,35.4,34.9,0,ok,,COOLDOWN
2143956984999999,2143956920000000,2143957049999999,64999999,36.1,32.9,35.4,34.9,0,ok,,COOLDOWN
2143958019999999,2143957950000000,2143958089999999,69999999,36.1,32.9,35.4,34.9,0,ok,,COOLDOWN
2143959055000000,2143958980000000,2143959130000000,75000000,36.1,32.9,35.4,34.9,0,ok,,COOLDOWN
2143960075000000,2143960000000000,2143960150000000,75000000,36.1,32.9,35.4,34.9,0,ok,,COOLDOWN
2143961104999999,2143961029999999,2143961180000000,75000000,36.1,32.9,35.4,34.9,0,ok,,COOLDOWN
2143962134999999,2143962049999999,2143962220000000,85000000,36.1,32.9,35.4,34.9,0,ok,,COOLDOWN
2143963050000000,2143962960000000,2143963140000000,90000000,34.9,32.6,34.4,34.3,0,ok,,COOLDOWN
2143964055000000,2143963990000000,2143964120000000,65000000,34.9,32.6,34.4,34.3,0,ok,,COOLDOWN
2143965085000000,2143965020000000,2143965150000000,65000000,34.9,32.6,34.4,34.3,0,ok,,COOLDOWN
2143966120000000,2143966040000000,2143966200000000,80000000,34.9,32.6,34.4,34.3,0,ok,,COOLDOWN
2143967055000000,2143966960000000,2143967150000000,95000000,34.9,32.6,34.4,34.3,0,ok,,COOLDOWN
2143968055000000,2143967990000000,2143968120000000,65000000,34.9,32.6,34.4,34.3,0,ok,,COOLDOWN
2143969084999999,2143969009999999,2143969160000000,75000000,34.9,32.6,34.4,34.3,0,ok,,COOLDOWN
2143970104999999,2143970029999999,2143970180000000,75000000,34.9,32.6,34.4,34.3,0,ok,,COOLDOWN
2143971139999999,2143971049999999,2143971230000000,90000000,34.9,32.6,34.4,34.3,0,ok,,COOLDOWN
2143972044999999,2143971980000000,2143972109999999,64999999,34.9,32.6,34.4,34.3,0,ok,,COOLDOWN
2143973065000000,2143972990000000,2143973140000000,75000000,34.4,32.3,33.8,34.1,0,ok,,COOLDOWN
2143974095000000,2143974020000000,2143974170000000,75000000,34.4,32.3,33.8,34.1,0,ok,,COOLDOWN
2143975124999999,2143975049999999,2143975200000000,75000000,34.4,32.3,33.8,34.1,0,ok,,COOLDOWN
2143976155000000,2143976080000000,2143976230000000,75000000,34.4,32.3,33.8,34.1,0,ok,,COOLDOWN
2143977075000000,2143977000000000,2143977150000000,75000000,34.4,32.3,33.8,34.1,0,ok,,COOLDOWN
2143978095000000,2143978020000000,2143978170000000,75000000,34.4,32.3,33.8,34.1,0,ok,,COOLDOWN
2143979104999999,2143979029999999,2143979180000000,75000000,34.4,32.3,33.8,34.1,0,ok,,COOLDOWN
2143980125000000,2143980060000000,2143980190000000,65000000,34.4,32.3,33.8,34.1,0,ok,,COOLDOWN
2143981175000000,2143981100000000,2143981250000000,75000000,34.4,32.3,33.8,34.1,0,ok,,COOLDOWN
2143982100000000,2143982020000000,2143982180000000,80000000,34.4,32.3,33.8,34.1,0,ok,,COOLDOWN
2143983104999999,2143983029999999,2143983180000000,75000000,34.0,32.0,33.3,33.7,0,ok,,COOLDOWN
2143984139999999,2143984069999999,2143984210000000,70000000,34.0,32.0,33.3,33.7,0,ok,,COOLDOWN
2143985049999999,2143984990000000,2143985109999999,59999999,34.0,32.0,33.3,33.7,0,ok,,COOLDOWN
2143986184999999,2143986109999999,2143986259999999,75000000,34.0,32.0,33.3,33.7,0,ok,,COOLDOWN
2143987099999999,2143987029999999,2143987170000000,70000000,34.0,32.0,33.3,33.7,0,ok,,COOLDOWN
2143988124999999,2143988049999999,2143988200000000,75000000,34.0,32.0,33.3,33.7,0,ok,,COOLDOWN
2143989145000000,2143989080000000,2143989210000000,65000000,34.0,32.0,33.3,33.7,0,ok,,COOLDOWN
2143990090000000,2143990020000000,2143990160000000,70000000,34.0,32.0,33.3,33.7,0,ok,,COOLDOWN
2143991194999999,2143991130000000,2143991259999999,64999999,34.0,32.0,33.3,33.7,0,ok,,COOLDOWN
2143992269999999,2143992200000000,2143992339999999,69999999,34.0,32.0,33.3,33.7,0,ok,,COOLDOWN
2143993149999999,2143993069999999,2143993230000000,80000000,33.5,31.8,32.9,33.5,0,ok,,COOLDOWN
2143994175000000,2143994100000000,2143994250000000,75000000,33.5,31.8,32.9,33.5,0,ok,,COOLDOWN
2143995174999999,2143995109999999,2143995240000000,65000000,33.5,31.8,32.9,33.5,0,ok,,COOLDOWN
2143996225000000,2143996160000000,2143996290000000,65000000,33.5,31.8,32.9,33.5,0,ok,,COOLDOWN
2143997234999999,2143997170000000,2143997299999999,64999999,33.5,31.8,32.9,33.5,0,ok,,COOLDOWN
2143998295000000,2143998220000000,2143998370000000,75000000,33.5,31.8,32.9,33.5,0,ok,,COOLDOWN
2143999205000000,2143999100000000,2143999310000000,105000000,33.5,31.8,32.9,33.5,0,ok,,COOLDOWN
2144000160000000,2144000100000000,2144000220000000,60000000,33.5,31.8,32.9,33.5,0,ok,,COOLDOWN
2144001279999999,2144001200000000,2144001359999999,79999999,33.5,31.8,32.9,33.5,0,ok,,COOLDOWN
2144002264999999,2144002190000000,2144002339999999,74999999,33.5,31.8,32.9,33.5,0,ok,,COOLDOWN
2144003320000000,2144003240000000,2144003400000000,80000000,33.3,31.6,32.7,33.4,0,ok,,COOLDOWN
2144004294999999,2144004230000000,2144004359999999,64999999,33.3,31.6,32.7,33.4,0,ok,,COOLDOWN
2144005215000000,2144005140000000,2144005290000000,75000000,33.3,31.6,32.7,33.4,0,ok,,COOLDOWN
2144006280000000,2144006210000000,2144006350000000,70000000,33.3,31.6,32.7,33.4,0,ok,,COOLDOWN
2144007284999999,2144007210000000,2144007359999999,74999999,33.3,31.6,32.7,33.4,0,ok,,COOLDOWN
2144008329999999,2144008259999999,2144008400000000,70000000,33.3,31.6,32.7,33.4,0,ok,,COOLDOWN
2144009339999999,2144009279999999,2144009400000000,60000000,33.3,31.6,32.7,33.4,0,ok,,COOLDOWN
2144010349999999,2144010279999999,2144010420000000,70000000,33.3,31.6,32.7,33.4,0,ok,,COOLDOWN
2144011274999999,2144011210000000,2144011339999999,64999999,33.3,31.6,32.7,33.4,0,ok,,COOLDOWN
2144012339999999,2144012259999999,2144012420000000,80000000,33.3,31.6,32.7,33.4,0,ok,,COOLDOWN
2144013344999999,2144013279999999,2144013410000000,65000000,33.1,31.5,32.6,33.3,0,ok,,COOLDOWN
2144014340000000,2144014270000000,2144014410000000,70000000,33.1,31.5,32.6,33.3,0,ok,,COOLDOWN
2144015374999999,2144015299999999,2144015450000000,75000000,33.1,31.5,32.6,33.3,0,ok,,COOLDOWN
2144016404999999,2144016339999999,2144016470000000,65000000,33.1,31.5,32.6,33.3,0,ok,,COOLDOWN
2144017330000000,2144017250000000,2144017410000000,80000000,33.1,31.5,32.6,33.3,0,ok,,COOLDOWN
2144018334999999,2144018259999999,2144018410000000,75000000,33.1,31.5,32.6,33.3,0,ok,,COOLDOWN
2144019394999999,2144019319999999,2144019470000000,75000000,33.1,31.5,32.6,33.3,0,ok,,COOLDOWN
2144020385000000,2144020310000000,2144020460000000,75000000,33.1,31.5,32.6,33.3,0,ok,,COOLDOWN
2144021410000000,2144021330000000,2144021490000000,80000000,33.1,31.5,32.6,33.3,0,ok,,COOLDOWN
2144022349999999,2144022279999999,2144022420000000,70000000,33.1,31.5,32.6,33.3,0,ok,,COOLDOWN
2144023385000000,2144023310000000,2144023460000000,75000000,32.9,31.3,32.4,33.1,0,ok,,COOLDOWN
2144024389999999,2144024319999999,2144024460000000,70000000,32.9,31.3,32.4,33.1,0,ok,,COOLDOWN
2144025404999999,2144025339999999,2144025470000000,65000000,32.9,31.3,32.4,33.1,0,ok,,COOLDOWN
2144026420000000,2144026350000000,2144026490000000,70000000,32.9,31.3,32.4,33.1,0,ok,,COOLDOWN
2144027479999999,2144027410000000,2144027549999999,69999999,32.9,31.3,32.4,33.1,0,ok,,COOLDOWN
2144028385000000,2144028310000000,2144028460000000,75000000,32.9,31.3,32.4,33.1,0,ok,,COOLDOWN
2144029424999999,2144029359999999,2144029490000000,65000000,32.9,31.3,32.4,33.1,0,ok,,COOLDOWN
2144030414999999,2144030339999999,2144030490000000,75000000,32.9,31.3,32.4,33.1,0,ok,,COOLDOWN
2144031445000000,2144031370000000,2144031520000000,75000000,32.9,31.3,32.4,33.1,0,ok,,COOLDOWN
2144032510000000,2144032420000000,2144032600000000,90000000,32.8,31.2,32.4,33.1,0,ok,,COOLDOWN
2144033494999999,2144033420000000,2144033569999999,74999999,32.8,31.2,32.1,33.0,0,ok,,COOLDOWN
2144034425000000,2144034350000000,2144034500000000,75000000,32.8,31.2,32.1,33.0,0,ok,,COOLDOWN
2144035464999999,2144035400000000,2144035529999999,64999999,32.8,31.2,32.1,33.0,0,ok,,COOLDOWN
2144036465000000,2144036390000000,2144036540000000,75000000,32.8,31.2,32.1,33.0,0,ok,,COOLDOWN
2144037389999999,2144037319999999,2144037460000000,70000000,32.8,31.2,32.1,33.0,0,ok,,COOLDOWN
2144038424999999,2144038359999999,2144038490000000,65000000,32.8,31.2,32.1,33.0,0,ok,,COOLDOWN
2144039470000000,2144039400000000,2144039540000000,70000000,32.8,31.2,32.1,33.0,0,ok,,COOLDOWN
2144040460000000,2144040380000000,2144040540000000,80000000,32.8,31.2,32.1,33.0,0,ok,,COOLDOWN
2144041384999999,2144041319999999,2144041450000000,65000000,32.8,31.2,32.1,33.0,0,ok,,COOLDOWN
2144042500000000,2144042420000000,2144042580000000,80000000,32.8,31.2,32.1,33.0,0,ok,,COOLDOWN
2144043500000000,2144043420000000,2144043580000000,80000000,32.7,31.1,32.1,32.9,0,ok,,COOLDOWN
2144044470000000,2144044400000000,2144044540000000,70000000,32.7,31.1,32.1,32.9,0,ok,,COOLDOWN
2144045479999999,2144045410000000,2144045549999999,69999999,32.7,31.1,32.1,32.9,0,ok,,COOLDOWN
2144046405000000,2144046330000000,2144046480000000,75000000,32.7,31.1,32.1,32.9,0,ok,,COOLDOWN
2144047495000000,2144047430000000,2144047560000000,65000000,32.7,31.1,32.1,32.9,0,ok,,COOLDOWN
2144048415000000,2144048350000000,2144048480000000,65000000,32.7,31.1,32.1,32.9,0,ok,,COOLDOWN
2144049465000000,2144049390000000,2144049540000000,75000000,32.7,31.1,32.1,32.9,0,ok,,COOLDOWN
2144050484999999,2144050420000000,2144050549999999,64999999,32.7,31.1,32.1,32.9,0,ok,,COOLDOWN
2144051430000000,2144051370000000,2144051490000000,60000000,32.7,31.1,32.1,32.9,0,ok,,COOLDOWN
2144052550000000,2144052480000000,2144052620000000,70000000,32.7,31.1,32.1,32.9,0,ok,,COOLDOWN
2144053484999999,2144053420000000,2144053549999999,64999999,32.5,31.0,32.0,32.8,0,ok,,COOLDOWN
2144054504999999,2144054440000000,2144054569999999,64999999,32.5,31.0,32.0,32.8,0,ok,,COOLDOWN
2144055530000000,2144055440000000,2144055620000000,90000000,32.5,31.0,32.0,32.8,0,ok,,COOLDOWN
2144056530000000,2144056460000000,2144056600000000,70000000,32.5,31.0,32.0,32.8,0,ok,,COOLDOWN
2144057540000000,2144057460000000,2144057620000000,80000000,32.5,31.0,32.0,32.8,0,ok,,COOLDOWN
2144058510000000,2144058440000000,2144058580000000,70000000,32.5,31.0,32.0,32.8,0,ok,,COOLDOWN
2144059495000000,2144059430000000,2144059560000000,65000000,32.5,31.0,32.0,32.8,0,ok,,COOLDOWN
2144060510000000,2144060440000000,2144060580000000,70000000,32.5,31.0,32.0,32.8,0,ok,,COOLDOWN
2144061525000000,2144061450000000,2144061600000000,75000000,32.5,31.0,32.0,32.8,0,ok,,COOLDOWN
2144062550000000,2144062480000000,2144062620000000,70000000,32.5,31.0,32.0,32.8,0,ok,,COOLDOWN
2144063499999999,2144063430000000,2144063569999999,69999999,32.4,30.9,31.7,32.8,0,ok,,COOLDOWN
2144064515000000,2144064450000000,2144064580000000,65000000,32.4,30.9,31.7,32.8,0,ok,,COOLDOWN
2144065514999999,2144065440000000,2144065589999999,74999999,32.4,30.9,31.7,32.8,0,ok,,COOLDOWN
2144066545000000,2144066470000000,2144066620000000,75000000,32.4,30.9,31.7,32.8,0,ok,,COOLDOWN
2144067520000000,2144067460000000,2144067580000000,60000000,32.4,30.9,31.7,32.8,0,ok,,COOLDOWN
2144068519999999,2144068450000000,2144068589999999,69999999,32.4,30.9,31.7,32.8,0,ok,,COOLDOWN
2144069524999999,2144069460000000,2144069589999999,64999999,32.4,30.9,31.7,32.8,0,ok,,COOLDOWN
2144070539999999,2144070470000000,2144070609999999,69999999,32.4,30.9,31.7,32.8,0,ok,,COOLDOWN
2144071535000000,2144071470000000,2144071600000000,65000000,32.4,30.9,31.7,32.8,0,ok,,COOLDOWN
2144072545000000,2144072470000000,2144072620000000,75000000,32.4,30.9,31.7,32.8,0,ok,,COOLDOWN
2144073530000000,2144073460000000,2144073600000000,70000000,32.3,30.9,31.7,32.7,0,ok,,COOLDOWN
2144074524999999,2144074460000000,2144074589999999,64999999,32.3,30.9,31.7,32.7,0,ok,,COOLDOWN
2144075560000000,2144075480000000,2144075640000000,80000000,32.3,30.9,31.7,32.7,0,ok,,COOLDOWN
2144076565000000,2144076490000000,2144076640000000,75000000,32.3,30.9,31.7,32.7,0,ok,,COOLDOWN
2144077555000000,2144077480000000,2144077630000000,75000000,32.3,30.9,31.7,32.7,0,ok,,COOLDOWN
2144078570000000,2144078490000000,2144078650000000,80000000,32.3,30.9,31.7,32.7,0,ok,,COOLDOWN
2144079570000000,2144079500000000,2144079640000000,70000000,32.3,30.9,31.7,32.7,0,ok,,COOLDOWN
2144080579999999,2144080509999999,2144080650000000,70000000,32.3,30.9,31.7,32.7,0,ok,,COOLDOWN
2144081589999999,2144081509999999,2144081670000000,80000000,32.3,30.9,31.7,32.7,0,ok,,COOLDOWN
2144082595000000,2144082520000000,2144082670000000,75000000,32.3,30.9,31.7,32.7,0,ok,,COOLDOWN
2144083574999999,2144083509999999,2144083640000000,65000000,32.3,30.8,31.7,32.6,0,ok,,COOLDOWN
2144084609999999,2144084529999999,2144084690000000,80000000,32.3,30.8,31.7,32.6,0,ok,,COOLDOWN
2144085590000000,2144085520000000,2144085660000000,70000000,32.3,30.8,31.7,32.6,0,ok,,COOLDOWN
2144086590000000,2144086520000000,2144086660000000,70000000,32.3,30.8,31.7,32.6,0,ok,,COOLDOWN
2144087579999999,2144087509999999,2144087650000000,70000000,32.3,30.8,31.7,32.6,0,ok,,COOLDOWN
2144088610000000,2144088540000000,2144088680000000,70000000,32.3,30.8,31.7,32.6,0,ok,,COOLDOWN
2144089619999999,2144089549999999,2144089690000000,70000000,32.3,30.8,31.7,32.6,0,ok,,COOLDOWN
2144090615000000,2144090540000000,2144090690000000,75000000,32.3,30.8,31.7,32.6,0,ok,,COOLDOWN
2144091610000000,2144091540000000,2144091680000000,70000000,32.3,30.8,31.7,32.6,0,ok,,COOLDOWN
2144092599999999,2144092529999999,2144092670000000,70000000,32.3,30.8,31.7,32.6,0,ok,,COOLDOWN
2144093614999999,2144093549999999,2144093680000000,65000000,32.3,30.7,31.6,32.6,0,ok,,COOLDOWN
2144094635000000,2144094560000000,2144094710000000,75000000,32.3,30.7,31.6,32.6,0,ok,,COOLDOWN
2144095635000000,2144095560000000,2144095710000000,75000000,32.3,30.7,31.6,32.6,0,ok,,COOLDOWN
2144096655000000,2144096580000000,2144096730000000,75000000,32.3,30.7,31.6,32.6,0,ok,,COOLDOWN
2144097655000000,2144097580000000,2144097730000000,75000000,32.3,30.7,31.6,32.6,0,ok,,COOLDOWN
2144098665000000,2144098580000000,2144098750000000,85000000,32.3,30.7,31.6,32.6,0,ok,,COOLDOWN
2144099654999999,2144099569999999,2144099740000000,85000000,32.3,30.7,31.6,32.6,0,ok,,COOLDOWN
2144100669999999,2144100589999999,2144100750000000,80000000,32.3,30.7,31.6,32.6,0,ok,,COOLDOWN
2144101624999999,2144101549999999,2144101700000000,75000000,32.3,30.7,31.6,32.6,0,ok,,COOLDOWN
2144102625000000,2144102560000000,2144102690000000,65000000,32.3,30.7,31.6,32.6,0,ok,,COOLDOWN
2144103634999999,2144103569999999,2144103700000000,65000000,32.1,30.7,31.6,32.5,0,ok,,COOLDOWN
2144104655000000,2144104580000000,2144104730000000,75000000,32.1,30.7,31.6,32.5,0,ok,,COOLDOWN
2144105664999999,2144105569999999,2144105759999999,95000000,32.1,30.7,31.6,32.5,0,ok,,COOLDOWN
2144106665000000,2144106580000000,2144106750000000,85000000,32.1,30.7,31.6,32.5,0,ok,,COOLDOWN
2144107675000000,2144107600000000,2144107750000000,75000000,32.1,30.7,31.6,32.5,0,ok,,COOLDOWN
2144108650000000,2144108580000000,2144108720000000,70000000,32.1,30.7,31.6,32.5,0,ok,,COOLDOWN
2144109675000000,2144109600000000,2144109750000000,75000000,32.1,30.7,31.6,32.5,0,ok,,COOLDOWN
2144110679999999,2144110600000000,2144110759999999,79999999,32.1,30.7,31.6,32.5,0,ok,,COOLDOWN
2144111699999999,2144111609999999,2144111790000000,90000000,32.1,30.7,31.6,32.5,0,ok,,COOLDOWN
2144112679999999,2144112609999999,2144112750000000,70000000,32.1,30.7,31.6,32.5,0,ok,,COOLDOWN
2144113699999999,2144113620000000,2144113779999999,79999999,32.1,30.6,31.5,32.4,0,ok,,COOLDOWN
2144114705000000,2144114620000000,2144114790000000,85000000,32.1,30.6,31.5,32.4,0,ok,,COOLDOWN
2144115704999999,2144115630000000,2144115779999999,74999999,32.1,30.6,31.5,32.4,0,ok,,COOLDOWN
2144116709999999,2144116640000000,2144116779999999,69999999,32.1,30.6,31.5,32.4,0,ok,,COOLDOWN
2144117709999999,2144117640000000,2144117779999999,69999999,32.1,30.6,31.5,32.4,0,ok,,COOLDOWN
2144118789999999,2144118720000000,2144118859999999,69999999,32.1,30.6,31.5,32.4,0,ok,,COOLDOWN
2144119820000000,2144119750000000,2144119890000000,70000000,32.1,30.6,31.5,32.4,0,ok,,COOLDOWN
2144120845000000,2144120770000000,2144120920000000,75000000,32.1,30.6,31.5,32.4,0,ok,,COOLDOWN
2144121859999999,2144121779999999,2144121940000000,80000000,32.1,30.6,31.5,32.4,0,ok,,COOLDOWN
2144122770000000,2144122710000000,2144122830000000,60000000,31.9,30.6,31.4,32.5,0,ok,,COOLDOWN
2144123744999999,2144123670000000,2144123819999999,74999999,31.9,30.6,31.4,32.5,0,ok,,COOLDOWN
2144124844999999,2144124759999999,2144124930000000,85000000,31.9,30.6,31.4,32.5,0,ok,,COOLDOWN
2144125759999999,2144125680000000,2144125839999999,79999999,31.9,30.6,31.4,32.5,0,ok,,COOLDOWN
2144126795000000,2144126700000000,2144126890000000,95000000,31.9,30.6,31.4,32.5,0,ok,,COOLDOWN
2144127810000000,2144127730000000,2144127890000000,80000000,31.9,30.6,31.4,32.5,0,ok,,COOLDOWN
2144128850000000,2144128770000000,2144128930000000,80000000,31.9,30.6,31.4,32.5,0,ok,,COOLDOWN
2144129860000000,2144129790000000,2144129930000000,70000000,31.9,30.6,31.4,32.5,0,ok,,COOLDOWN
2144130864999999,2144130799999999,2144130930000000,65000000,31.9,30.6,31.4,32.5,0,ok,,COOLDOWN
2144131925000000,2144131830000000,2144132020000000,95000000,31.9,30.6,31.4,32.5,0,ok,,COOLDOWN
2144132810000000,2144132740000000,2144132880000000,70000000,31.9,30.5,31.3,32.4,0,ok,,COOLDOWN
2144133860000000,2144133770000000,2144133950000000,90000000,31.9,30.5,31.3,32.4,0,ok,,COOLDOWN
2144134860000000,2144134790000000,2144134930000000,70000000,31.9,30.5,31.3,32.4,0,ok,,COOLDOWN
2144135890000000,2144135810000000,2144135970000000,80000000,31.9,30.5,31.3,32.4,0,ok,,COOLDOWN
2144136939999999,2144136859999999,2144137020000000,80000000,31.9,30.5,31.3,32.4,0,ok,,COOLDOWN
2144137949999999,2144137870000000,2144138029999999,79999999,31.9,30.5,31.3,32.4,0,ok,,COOLDOWN
2144138884999999,2144138799999999,2144138970000000,85000000,31.9,30.5,31.3,32.4,0,ok,,COOLDOWN
2144139880000000,2144139810000000,2144139950000000,70000000,31.9,30.5,31.3,32.4,0,ok,,COOLDOWN
2144140919999999,2144140839999999,2144141000000000,80000000,31.9,30.5,31.3,32.4,0,ok,,COOLDOWN
2144141949999999,2144141870000000,2144142029999999,79999999,31.9,30.5,31.3,32.4,0,ok,,COOLDOWN
2144142959999999,2144142890000000,2144143029999999,69999999,31.9,30.5,31.4,32.4,0,ok,,COOLDOWN
2144143885000000,2144143810000000,2144143960000000,75000000,31.9,30.5,31.4,32.4,0,ok,,COOLDOWN
2144144889999999,2144144819999999,2144144960000000,70000000,31.9,30.5,31.4,32.4,0,ok,,COOLDOWN
2144145944999999,2144145859999999,2144146029999999,85000000,31.9,30.5,31.4,32.4,0,ok,,COOLDOWN
2144146944999999,2144146880000000,2144147009999999,64999999,31.9,30.5,31.4,32.4,0,ok,,COOLDOWN
2144147980000000,2144147900000000,2144148060000000,80000000,31.9,30.5,31.4,32.4,0,ok,,COOLDOWN
2144148894999999,2144148819999999,2144148970000000,75000000,31.9,30.5,31.4,32.4,0,ok,,COOLDOWN
2144149920000000,2144149850000000,2144149990000000,70000000,31.9,30.5,31.4,32.4,0,ok,,COOLDOWN
2144150939999999,2144150870000000,2144151009999999,69999999,31.9,30.5,31.4,32.4,0,ok,,COOLDOWN
2144151984999999,2144151900000000,2144152069999999,84999999,31.9,30.5,31.4,32.4,0,ok,,COOLDOWN
2144152995000000,2144152910000000,2144153080000000,85000000,31.8,30.4,31.3,32.3,0,ok,,COOLDOWN
2144153915000000,2144153850000000,2144153980000000,65000000,31.8,30.4,31.3,32.3,0,ok,,COOLDOWN
2144154890000000,2144154830000000,2144154950000000,60000000,31.8,30.4,31.3,32.3,0,ok,,COOLDOWN
2144155980000000,2144155900000000,2144156060000000,80000000,31.8,30.4,31.3,32.3,0,ok,,COOLDOWN
2144156985000000,2144156910000000,2144157060000000,75000000,31.8,30.4,31.3,32.3,0,ok,,COOLDOWN
2144158019999999,2144157930000000,2144158109999999,89999999,31.8,30.4,31.3,32.3,0,ok,,COOLDOWN
2144158889999999,2144158819999999,2144158960000000,70000000,31.8,30.4,31.3,32.3,0,ok,,COOLDOWN
2144159969999999,2144159890000000,2144160049999999,79999999,31.8,30.4,31.3,32.3,0,ok,,COOLDOWN
2144161000000000,2144160920000000,2144161080000000,80000000,31.8,30.4,31.3,32.3,0,ok,,COOLDOWN
2144161999999999,2144161930000000,2144162069999999,69999999,31.8,30.4,31.3,32.3,0,ok,,COOLDOWN
2144163055000000,2144162970000000,2144163140000000,85000000,31.7,30.4,31.3,32.3,0,ok,,COOLDOWN
2144163929999999,2144163859999999,2144164000000000,70000000,31.7,30.4,31.3,32.3,0,ok,,COOLDOWN
2144164979999999,2144164910000000,2144165049999999,69999999,31.7,30.4,31.3,32.3,0,ok,,COOLDOWN
2144165985000000,2144165910000000,2144166060000000,75000000,31.7,30.4,31.3,32.3,0,ok,,COOLDOWN
2144167019999999,2144166950000000,2144167089999999,69999999,31.7,30.4,31.3,32.3,0,ok,,COOLDOWN
2144168030000000,2144167960000000,2144168100000000,70000000,31.7,30.4,31.3,32.3,0,ok,,COOLDOWN
2144169075000000,2144169000000000,2144169150000000,75000000,31.7,30.4,31.3,32.3,0,ok,,COOLDOWN
2144169955000000,2144169890000000,2144170020000000,65000000,31.7,30.4,31.3,32.3,0,ok,,COOLDOWN
2144171014999999,2144170940000000,2144171089999999,74999999,31.7,30.4,31.3,32.3,0,ok,,COOLDOWN
2144172039999999,2144171970000000,2144172109999999,69999999,31.7,30.4,31.3,32.3,0,ok,,COOLDOWN
2144173065000000,2144172990000000,2144173140000000,75000000,31.7,30.3,31.2,32.3,0,ok,,COOLDOWN
2144173980000000,2144173920000000,2144174040000000,60000000,31.7,30.3,31.2,32.3,0,ok,,COOLDOWN
2144175010000000,2144174940000000,2144175080000000,70000000,31.7,30.3,31.2,32.3,0,ok,,COOLDOWN
2144176055000000,2144175970000000,2144176140000000,85000000,31.7,30.3,31.2,32.3,0,ok,,COOLDOWN
2144177070000000,2144176990000000,2144177150000000,80000000,31.7,30.3,31.2,32.3,0,ok,,COOLDOWN
2144178090000000,2144178020000000,2144178160000000,70000000,31.7,30.3,31.2,32.3,0,ok,,COOLDOWN
2144179110000000,2144179040000000,2144179180000000,70000000,31.7,30.3,31.2,32.3,0,ok,,COOLDOWN
2144180029999999,2144179950000000,2144180109999999,79999999,31.7,30.3,31.2,32.3,0,ok,,COOLDOWN
2144181070000000,2144180980000000,2144181160000000,90000000,31.7,30.3,31.2,32.3,0,ok,,COOLDOWN
2144182094999999,2144182009999999,2144182180000000,85000000,31.7,30.3,31.2,32.3,0,ok,,COOLDOWN
2144183090000000,2144183020000000,2144183160000000,70000000,31.8,30.3,31.2,32.3,0,ok,,COOLDOWN
2144184135000000,2144184060000000,2144184210000000,75000000,31.8,30.3,31.2,32.3,0,ok,,COOLDOWN
2144185039999999,2144184970000000,2144185109999999,69999999,31.8,30.3,31.2,32.3,0,ok,,COOLDOWN
2144186075000000,2144186000000000,2144186150000000,75000000,31.8,30.3,31.2,32.3,0,ok,,COOLDOWN
2144187095000000,2144187020000000,2144187170000000,75000000,31.8,30.3,31.2,32.3,0,ok,,COOLDOWN
2144188129999999,2144188049999999,2144188210000000,80000000,31.8,30.3,31.2,32.3,0,ok,,COOLDOWN
2144189139999999,2144189069999999,2144189210000000,70000000,31.8,30.3,31.2,32.3,0,ok,,COOLDOWN
2144190164999999,2144190089999999,2144190240000000,75000000,31.8,30.3,31.2,32.3,0,ok,,COOLDOWN
2144191214999999,2144191109999999,2144191319999999,105000000,31.8,30.3,31.2,32.3,0,ok,,COOLDOWN
2144192120000000,2144192040000000,2144192200000000,80000000,31.8,30.3,31.2,32.3,0,ok,,COOLDOWN
2144193159999999,2144193069999999,2144193250000000,90000000,31.6,30.3,31.1,32.2,0,ok,,COOLDOWN
2144194179999999,2144194100000000,2144194259999999,79999999,31.6,30.3,31.1,32.2,0,ok,,COOLDOWN
2144195184999999,2144195109999999,2144195259999999,75000000,31.6,30.3,31.1,32.2,0,ok,,COOLDOWN
2144196209999999,2144196140000000,2144196279999999,69999999,31.6,30.3,31.1,32.2,0,ok,,COOLDOWN
2144197235000000,2144197160000000,2144197310000000,75000000,31.6,30.3,31.1,32.2,0,ok,,COOLDOWN
2144198150000000,2144198080000000,2144198220000000,70000000,31.6,30.3,31.1,32.2,0,ok,,COOLDOWN
2144199184999999,2144199109999999,2144199259999999,75000000,31.6,30.3,31.1,32.2,0,ok,,COOLDOWN
2144200194999999,2144200130000000,2144200259999999,64999999,31.6,30.3,31.1,32.2,0,ok,,COOLDOWN
2144201260000000,2144201190000000,2144201330000000,70000000,31.6,30.3,31.1,32.2,0,ok,,COOLDOWN
2144202280000000,2144202210000000,2144202350000000,70000000,31.6,30.3,31.1,32.2,0,ok,,COOLDOWN
2144203270000000,2144203190000000,2144203350000000,80000000,31.5,30.2,31.0,32.1,0,ok,,COOLDOWN
2144204189999999,2144204109999999,2144204270000000,80000000,31.5,30.2,31.0,32.1,0,ok,,COOLDOWN
2144205219999999,2144205140000000,2144205299999999,79999999,31.5,30.2,31.0,32.1,0,ok,,COOLDOWN
2144206234999999,2144206170000000,2144206299999999,64999999,31.5,30.2,31.0,32.1,0,ok,,COOLDOWN
2144207255000000,2144207180000000,2144207330000000,75000000,31.5,30.2,31.0,32.1,0,ok,,COOLDOWN
2144208285000000,2144208220000000,2144208350000000,65000000,31.5,30.2,31.0,32.1,0,ok,,COOLDOWN
2144209205000000,2144209140000000,2144209270000000,65000000,31.5,30.2,31.0,32.1,0,ok,,COOLDOWN
2144210245000000,2144210160000000,2144210330000000,85000000,31.5,30.2,31.0,32.1,0,ok,,COOLDOWN
2144211249999999,2144211180000000,2144211319999999,69999999,31.5,30.2,31.0,32.1,0,ok,,COOLDOWN
2144212280000000,2144212210000000,2144212350000000,70000000,31.5,30.2,31.0,32.1,0,ok,,COOLDOWN
2144213334999999,2144213259999999,2144213410000000,75000000,31.4,30.2,31.0,32.0,0,ok,,COOLDOWN
2144214264999999,2144214190000000,2144214339999999,74999999,31.4,30.2,31.0,32.0,0,ok,,COOLDOWN
2144215240000000,2144215150000000,2144215330000000,90000000,31.4,30.2,31.0,32.0,0,ok,,COOLDOWN
2144216295000000,2144216210000000,2144216380000000,85000000,31.4,30.2,31.0,32.0,0,ok,,COOLDOWN
2144217310000000,2144217230000000,2144217390000000,80000000,31.4,30.2,31.0,32.0,0,ok,,COOLDOWN
2144218339999999,2144218259999999,2144218420000000,80000000,31.4,30.2,31.0,32.0,0,ok,,COOLDOWN
2144219359999999,2144219279999999,2144219440000000,80000000,31.4,30.2,31.0,32.0,0,ok,,COOLDOWN
2144220240000000,2144220170000000,2144220310000000,70000000,31.4,30.2,31.0,32.0,0,ok,,COOLDOWN
2144221295000000,2144221220000000,2144221370000000,75000000,31.4,30.2,31.0,32.0,0,ok,,COOLDOWN
2144222344999999,2144222279999999,2144222410000000,65000000,31.4,30.2,31.0,32.0,0,ok,,COOLDOWN
2144223340000000,2144223270000000,2144223410000000,70000000,31.4,30.1,30.9,32.0,0,ok,,COOLDOWN
2144224369999999,2144224299999999,2144224440000000,70000000,31.4,30.1,30.9,32.0,0,ok,,COOLDOWN
2144225229999999,2144225180000000,2144225279999999,49999999,31.4,30.1,30.9,32.0,0,ok,,COOLDOWN
2144226349999999,2144226279999999,2144226420000000,70000000,31.4,30.1,30.9,32.0,0,ok,,COOLDOWN
2144227339999999,2144227259999999,2144227420000000,80000000,31.4,30.1,30.9,32.0,0,ok,,COOLDOWN
2144228349999999,2144228279999999,2144228420000000,70000000,31.4,30.1,30.9,32.0,0,ok,,COOLDOWN
2144229415000000,2144229350000000,2144229480000000,65000000,31.4,30.1,30.9,32.0,0,ok,,COOLDOWN
2144230325000000,2144230250000000,2144230400000000,75000000,31.4,30.1,30.9,32.0,0,ok,,COOLDOWN
2144231350000000,2144231250000000,2144231450000000,100000000,31.4,30.1,30.9,32.0,0,ok,,COOLDOWN
2144232349999999,2144232279999999,2144232420000000,70000000,31.4,30.1,30.9,32.0,0,ok,,COOLDOWN
2144233374999999,2144233299999999,2144233450000000,75000000,31.3,30.1,30.9,32.0,0,ok,,COOLDOWN
2144234405000000,2144234330000000,2144234480000000,75000000,31.3,30.1,30.9,32.0,0,ok,,COOLDOWN
2144235449999999,2144235390000000,2144235509999999,59999999,31.3,30.1,30.9,32.0,0,ok,,COOLDOWN
2144236364999999,2144236279999999,2144236450000000,85000000,31.3,30.1,30.9,32.0,0,ok,,COOLDOWN
2144237384999999,2144237319999999,2144237450000000,65000000,31.3,30.1,30.9,32.0,0,ok,,COOLDOWN
2144238384999999,2144238319999999,2144238450000000,65000000,31.3,30.1,30.9,32.0,0,ok,,COOLDOWN
2144239415000000,2144239350000000,2144239480000000,65000000,31.3,30.1,30.9,32.0,0,ok,,COOLDOWN
2144240470000000,2144240400000000,2144240540000000,70000000,31.3,30.1,30.9,32.0,0,ok,,COOLDOWN
2144241364999999,2144241299999999,2144241430000000,65000000,31.3,30.1,30.9,32.0,0,ok,,COOLDOWN
2144242394999999,2144242319999999,2144242470000000,75000000,31.3,30.1,30.9,32.0,0,ok,,COOLDOWN
2144243414999999,2144243339999999,2144243490000000,75000000,31.3,30.0,30.8,31.9,0,ok,,COOLDOWN
2144244439999999,2144244370000000,2144244509999999,69999999,31.3,30.0,30.8,31.9,0,ok,,COOLDOWN
2144245455000000,2144245390000000,2144245520000000,65000000,31.3,30.0,30.8,31.9,0,ok,,COOLDOWN
2144246380000000,2144246310000000,2144246450000000,70000000,31.3,30.0,30.8,31.9,0,ok,,COOLDOWN
2144247409999999,2144247339999999,2144247480000000,70000000,31.3,30.0,30.8,31.9,0,ok,,COOLDOWN
2144248420000000,2144248350000000,2144248490000000,70000000,31.3,30.0,30.8,31.9,0,ok,,COOLDOWN
2144249475000000,2144249410000000,2144249540000000,65000000,31.3,30.0,30.8,31.9,0,ok,,COOLDOWN
2144250369999999,2144250299999999,2144250440000000,70000000,31.3,30.0,30.8,31.9,0,ok,,COOLDOWN
2144251414999999,2144251339999999,2144251490000000,75000000,31.3,30.0,30.8,31.9,0,ok,,COOLDOWN
2144252424999999,2144252359999999,2144252490000000,65000000,31.3,30.0,30.8,31.9,0,ok,,COOLDOWN
2144253485000000,2144253410000000,2144253560000000,75000000,31.2,30.0,30.7,31.9,0,ok,,COOLDOWN
2144254465000000,2144254410000000,2144254520000000,55000000,31.2,30.0,30.7,31.9,0,ok,,COOLDOWN
2144255499999999,2144255430000000,2144255569999999,69999999,31.2,30.0,30.7,31.9,0,ok,,COOLDOWN
2144256415000000,2144256350000000,2144256480000000,65000000,31.2,30.0,30.7,31.9,0,ok,,COOLDOWN
2144257445000000,2144257370000000,2144257520000000,75000000,31.2,30.0,30.7,31.9,0,ok,,COOLDOWN
2144258465000000,2144258390000000,2144258540000000,75000000,31.2,30.0,30.7,31.9,0,ok,,COOLDOWN
2144259490000000,2144259420000000,2144259560000000,70000000,31.2,30.0,30.7,31.9,0,ok,,COOLDOWN
2144260504999999,2144260440000000,2144260569999999,64999999,31.2,30.0,30.7,31.9,0,ok,,COOLDOWN
2144261420000000,2144261350000000,2144261490000000,70000000,31.2,30.0,30.7,31.9,0,ok,,COOLDOWN
2144262494999999,2144262420000000,2144262569999999,74999999,31.2,30.0,30.7,31.9,0,ok,,COOLDOWN
2144263490000000,2144263420000000,2144263560000000,70000000,31.2,30.0,30.7,31.9,0,ok,,COOLDOWN
2144264519999999,2144264450000000,2144264589999999,69999999,31.2,30.0,30.7,31.9,0,ok,,COOLDOWN
2144265510000000,2144265440000000,2144265580000000,70000000,31.2,30.0,30.7,31.9,0,ok,,COOLDOWN
2144266455000000,2144266390000000,2144266520000000,65000000,31.2,30.0,30.7,31.9,0,ok,,COOLDOWN
2144267489999999,2144267410000000,2144267569999999,79999999,31.2,30.0,30.7,31.9,0,ok,,COOLDOWN
2144268505000000,2144268430000000,2144268580000000,75000000,31.2,30.0,30.7,31.9,0,ok,,COOLDOWN
2144269514999999,2144269440000000,2144269589999999,74999999,31.2,30.0,30.7,31.9,0,ok,,COOLDOWN
2144270514999999,2144270440000000,2144270589999999,74999999,31.2,30.0,30.7,31.9,0,ok,,COOLDOWN
2144271484999999,2144271420000000,2144271549999999,64999999,31.2,30.0,30.7,31.9,0,ok,,COOLDOWN
2144272489999999,2144272430000000,2144272549999999,59999999,31.2,30.0,30.7,31.9,0,ok,,COOLDOWN
2144273530000000,2144273460000000,2144273600000000,70000000,31.1,29.9,30.5,31.8,0,ok,,COOLDOWN
2144274529999999,2144274450000000,2144274609999999,79999999,31.1,29.9,30.5,31.8,0,ok,,COOLDOWN
2144275504999999,2144275440000000,2144275569999999,64999999,31.1,29.9,30.5,31.8,0,ok,,COOLDOWN
2144276480000000,2144276420000000,2144276540000000,60000000,31.1,29.9,30.5,31.8,0,ok,,COOLDOWN
2144277505000000,2144277430000000,2144277580000000,75000000,31.1,29.9,30.5,31.8,0,ok,,COOLDOWN
2144278510000000,2144278440000000,2144278580000000,70000000,31.1,29.9,30.5,31.8,0,ok,,COOLDOWN
2144279535000000,2144279470000000,2144279600000000,65000000,31.1,29.9,30.5,31.8,0,ok,,COOLDOWN
2144280524999999,2144280460000000,2144280589999999,64999999,31.1,29.9,30.5,31.8,0,ok,,COOLDOWN
2144281530000000,2144281460000000,2144281600000000,70000000,31.1,29.9,30.5,31.8,0,ok,,COOLDOWN
2144282534999999,2144282460000000,2144282609999999,74999999,31.1,29.9,30.5,31.8,0,ok,,COOLDOWN
2144283539999999,2144283470000000,2144283609999999,69999999,31.1,29.9,30.5,31.8,0,ok,,COOLDOWN
2144284544999999,2144284480000000,2144284609999999,64999999,31.1,29.9,30.5,31.8,0,ok,,COOLDOWN
2144285555000000,2144285480000000,2144285630000000,75000000,31.1,29.9,30.5,31.8,0,ok,,COOLDOWN
2144286530000000,2144286480000000,2144286580000000,50000000,31.1,29.9,30.5,31.8,0,ok,,COOLDOWN
2144287560000000,2144287490000000,2144287630000000,70000000,31.1,29.9,30.5,31.8,0,ok,,COOLDOWN
2144288555000000,2144288480000000,2144288630000000,75000000,31.1,29.9,30.5,31.8,0,ok,,COOLDOWN
2144289560000000,2144289480000000,2144289640000000,80000000,31.1,29.9,30.5,31.8,0,ok,,COOLDOWN
2144290575000000,2144290500000000,2144290650000000,75000000,31.1,29.9,30.5,31.8,0,ok,,COOLDOWN
2144291565000000,2144291490000000,2144291640000000,75000000,31.1,29.9,30.5,31.8,0,ok,,COOLDOWN
2144292600000000,2144292520000000,2144292680000000,80000000,31.1,29.9,30.5,31.8,0,ok,,COOLDOWN
2144293594999999,2144293529999999,2144293660000000,65000000,31.1,29.9,30.5,31.8,0,ok,,COOLDOWN
2144294595000000,2144294520000000,2144294670000000,75000000,31.1,29.9,30.5,31.8,0,ok,,COOLDOWN
2144295599999999,2144295529999999,2144295670000000,70000000,31.1,29.9,30.5,31.8,0,ok,,COOLDOWN
2144296599999999,2144296529999999,2144296670000000,70000000,31.1,29.9,30.5,31.8,0,ok,,COOLDOWN
2144297619999999,2144297549999999,2144297690000000,70000000,31.1,29.9,30.5,31.8,0,ok,,COOLDOWN
2144298605000000,2144298540000000,2144298670000000,65000000,31.1,29.9,30.5,31.8,0,ok,,COOLDOWN
2144299645000000,2144299560000000,2144299730000000,85000000,31.1,29.9,30.5,31.8,0,ok,,COOLDOWN
2144300620000000,2144300560000000,2144300680000000,60000000,31.1,29.9,30.5,31.8,0,ok,,COOLDOWN
2144301624999999,2144301549999999,2144301700000000,75000000,31.1,29.9,30.5,31.8,0,ok,,COOLDOWN
2144302635000000,2144302560000000,2144302710000000,75000000,31.1,29.9,30.5,31.8,0,ok,,COOLDOWN
2144303644999999,2144303569999999,2144303720000000,75000000,31.1,29.9,30.5,31.8,0,ok,,COOLDOWN
2144304655000000,2144304580000000,2144304730000000,75000000,31.1,29.9,30.5,31.8,0,ok,,COOLDOWN
2144305655000000,2144305580000000,2144305730000000,75000000,31.1,29.9,30.5,31.8,0,ok,,COOLDOWN
2144306655000000,2144306580000000,2144306730000000,75000000,31.1,29.9,30.5,31.8,0,ok,,COOLDOWN
2144307675000000,2144307600000000,2144307750000000,75000000,31.1,29.9,30.5,31.8,0,ok,,COOLDOWN
2144308689999999,2144308620000000,2144308759999999,69999999,31.1,29.9,30.5,31.8,0,ok,,COOLDOWN
2144309684999999,2144309609999999,2144309759999999,75000000,31.1,29.9,30.5,31.8,0,ok,,COOLDOWN
2144310700000000,2144310630000000,2144310770000000,70000000,31.1,29.9,30.5,31.8,0,ok,,COOLDOWN
2144311704999999,2144311630000000,2144311779999999,74999999,31.1,29.9,30.5,31.8,0,ok,,COOLDOWN
2144312689999999,2144312620000000,2144312759999999,69999999,31.1,29.9,30.5,31.8,0,ok,,COOLDOWN
2144313720000000,2144313650000000,2144313790000000,70000000,31.1,29.8,30.4,31.7,0,ok,,COOLDOWN
2144314715000000,2144314640000000,2144314790000000,75000000,31.1,29.8,30.4,31.7,0,ok,,COOLDOWN
2144315724999999,2144315650000000,2144315799999999,74999999,31.1,29.8,30.4,31.7,0,ok,,COOLDOWN
2144316720000000,2144316650000000,2144316790000000,70000000,31.1,29.8,30.4,31.7,0,ok,,COOLDOWN
2144317750000000,2144317690000000,2144317810000000,60000000,31.1,29.8,30.4,31.7,0,ok,,COOLDOWN
2144318775000000,2144318700000000,2144318850000000,75000000,31.1,29.8,30.4,31.7,0,ok,,COOLDOWN
2144319820000000,2144319740000000,2144319900000000,80000000,31.1,29.8,30.4,31.7,0,ok,,COOLDOWN
2144320829999999,2144320759999999,2144320900000000,70000000,31.1,29.8,30.4,31.7,0,ok,,COOLDOWN
2144321859999999,2144321779999999,2144321940000000,80000000,31.1,29.8,30.4,31.7,0,ok,,COOLDOWN
2144322760000000,2144322690000000,2144322830000000,70000000,31.1,29.8,30.4,31.7,0,ok,,COOLDOWN
2144323789999999,2144323720000000,2144323859999999,69999999,31.1,29.8,30.4,31.7,0,ok,,COOLDOWN
2144324810000000,2144324750000000,2144324870000000,60000000,31.1,29.8,30.4,31.7,0,ok,,COOLDOWN
2144325854999999,2144325779999999,2144325930000000,75000000,31.1,29.8,30.4,31.7,0,ok,,COOLDOWN
2144326869999999,2144326799999999,2144326940000000,70000000,31.1,29.8,30.4,31.7,0,ok,,COOLDOWN
2144327784999999,2144327710000000,2144327859999999,74999999,31.1,29.8,30.4,31.7,0,ok,,COOLDOWN
2144328820000000,2144328750000000,2144328890000000,70000000,31.1,29.8,30.4,31.7,0,ok,,COOLDOWN
2144329845000000,2144329770000000,2144329920000000,75000000,31.1,29.8,30.4,31.7,0,ok,,COOLDOWN
2144330849999999,2144330779999999,2144330920000000,70000000,31.1,29.8,30.4,31.7,0,ok,,COOLDOWN
2144331889999999,2144331819999999,2144331960000000,70000000,31.1,29.8,30.4,31.7,0,ok,,COOLDOWN
2144332920000000,2144332850000000,2144332990000000,70000000,31.1,29.8,30.4,31.7,0,ok,,COOLDOWN
