pc_ms,device_boottime_s,SKIN,AP,BAT,PA,thermal_status
1791553567351,21172.99,26.8,25.0,24.2,24.6,0
1791553569607,21175.25,26.8,25.0,24.2,24.6,0
1791553570923,21176.56,27.7,33.3,24.4,30.0,0
1791553573207,21178.85,28.1,30.5,24.5,28.8,0
1791553575569,21181.21,28.2,29.5,24.7,28.1,0
1791553576812,21182.45,28.2,29.5,24.7,28.1,0
1791553579137,21184.78,28.2,29.5,24.7,28.1,0
1791553581538,21187.17,28.2,29.5,24.7,28.1,0
1791553582689,21188.33,28.2,29.5,24.7,28.1,0
1791553584936,21190.58,28.1,28.5,25.0,27.2,0
1791553587148,21192.79,28.1,28.5,25.0,27.2,0
1791553589485,21195.12,28.6,35.4,25.2,31.3,0
1791553590634,21196.27,29.1,36.1,25.4,32.1,0
1791553592997,21198.64,29.4,33.2,25.5,31.9,0
1791553595337,21200.98,29.5,31.5,25.7,30.5,0
1791553597688,21203.33,29.5,31.5,25.7,30.5,0
1791553598874,21204.51,29.5,31.5,25.7,30.5,0
1791553601187,21206.83,29.5,31.5,25.7,30.5,0
1791553603463,21209.10,29.5,31.5,25.7,30.5,0
1791553604623,21210.26,29.1,28.8,26.0,28.4,0
1791553607022,21212.63,29.1,28.8,26.0,28.4,0
1791553609285,21214.93,29.1,28.8,26.0,28.4,0
1791553611579,21217.22,29.1,28.8,26.0,28.4,0
1791553612757,21218.39,29.1,28.8,26.0,28.4,0
1791553615148,21220.78,28.8,28.1,25.9,27.6,0
1791553617427,21223.07,28.8,28.1,25.9,27.6,0
1791553618652,21224.29,28.8,28.1,25.9,27.6,0
1791553620922,21226.57,28.8,28.1,25.9,27.6,0
1791553623320,21228.96,28.8,28.1,25.9,27.6,0
1791553625694,21231.33,28.6,27.6,25.8,27.3,0
1791553626898,21232.54,28.6,27.6,25.8,27.3,0
1791553629166,21234.80,28.6,27.6,25.8,27.3,0
1791553631549,21237.19,28.6,27.6,25.8,27.3,0
1791553632719,21238.36,28.6,27.6,25.8,27.3,0
1791553635059,21240.69,28.5,27.4,25.7,27.0,0
1791553637361,21243.00,28.5,27.4,25.7,27.0,0
1791553639618,21245.26,28.5,27.4,25.7,27.0,0
1791553640772,21246.41,29.0,33.8,25.8,29.9,0
1791553643040,21248.68,29.4,34.8,25.9,30.9,0
1791553645306,21250.95,29.7,35.3,26.0,31.5,0
1791553647725,21253.25,29.9,36.5,26.1,32.5,0
1791553649096,21254.63,30.3,37.1,26.3,32.8,0
1791553651451,21257.09,30.6,37.4,26.4,33.3,0
1791553652638,21258.28,30.6,37.4,26.4,33.3,0
1791553654926,21260.57,31.0,37.9,26.8,34.0,0
1791553657196,21262.84,31.2,38.1,26.9,34.3,0
1791553659463,21265.10,31.4,38.5,27.1,34.6,0
1791553660635,21266.27,31.4,38.5,27.1,34.6,0
1791553662907,21268.55,31.8,39.0,27.4,34.9,0
1791553665180,21270.82,31.9,39.1,27.5,35.0,0
1791553667450,21273.09,32.1,39.3,27.7,35.2,0
1791553669732,21275.36,32.2,39.8,27.8,35.7,0
1791553670899,21276.54,32.4,39.8,28.0,35.8,0
1791553673177,21278.82,32.5,39.9,28.1,35.9,0
1791553675444,21281.09,32.7,39.5,28.2,36.2,0
1791553676631,21282.27,32.7,39.5,28.2,36.2,0
1791553678935,21284.58,32.4,34.5,28.4,33.7,0
1791553681272,21286.91,32.4,34.5,28.4,33.7,0
1791553683586,21289.22,32.4,34.5,28.4,33.7,0
1791553684871,21290.51,32.4,34.5,28.4,33.7,0
1791553687156,21292.80,32.4,34.5,28.4,33.7,0
1791553689442,21295.08,31.6,31.8,28.4,31.3,0
1791553690661,21296.30,31.6,31.8,28.4,31.3,0
1791553693027,21298.66,31.6,31.8,28.4,31.3,0
1791553695408,21301.04,31.6,31.8,28.4,31.3,0
1791553697724,21303.36,31.6,31.8,28.4,31.3,0
1791553698984,21304.62,31.1,31.0,28.1,30.3,0
1791553701316,21306.95,31.1,31.0,28.1,30.3,0
1791553703643,21309.28,31.1,31.0,28.1,30.3,0
1791553704848,21310.48,31.1,31.0,28.1,30.3,0
1791553707152,21312.79,31.1,31.0,28.1,30.3,0
1791553709493,21315.12,30.8,30.3,27.8,29.8,0
1791553710714,21316.35,30.8,30.3,27.8,29.8,0
1791553713052,21318.69,30.8,30.3,27.8,29.8,0
1791553715402,21321.04,30.8,30.3,27.8,29.8,0
1791553717767,21323.41,30.8,30.3,27.8,29.8,0
1791553718977,21324.61,30.5,30.0,27.6,29.3,0
1791553721318,21326.95,30.5,30.0,27.6,29.3,0
1791553723646,21329.28,30.5,30.0,27.6,29.3,0
1791553724884,21330.52,30.5,30.0,27.6,29.3,0
1791553727214,21332.85,30.5,30.0,27.6,29.3,0
1791553729533,21335.17,30.4,29.7,27.5,29.1,0
1791553730768,21336.41,30.4,29.7,27.5,29.1,0
1791553733126,21338.76,30.4,29.7,27.5,29.1,0
1791553735461,21341.10,30.4,29.7,27.5,29.1,0
1791553736730,21342.37,30.4,29.7,27.5,29.1,0
1791553739062,21344.70,30.2,29.5,27.4,28.9,0
1791553741424,21347.06,30.2,29.5,27.4,28.9,0
1791553742649,21348.29,30.2,29.5,27.4,28.9,0
1791553745017,21350.66,30.2,29.5,27.4,28.9,0
1791553747326,21352.97,30.2,29.5,27.4,28.9,0
1791553749681,21355.32,30.2,29.5,27.3,28.8,0
1791553750907,21356.54,30.2,29.5,27.3,28.8,0
1791553753244,21358.88,30.2,29.5,27.3,28.8,0
1791553755654,21361.30,30.2,29.5,27.3,28.8,0
1791553756866,21362.51,30.2,29.5,27.3,28.8,0
1791553759202,21364.84,30.1,29.3,27.2,28.6,0
1791553761531,21367.17,30.1,29.3,27.2,28.6,0
1791553762760,21368.40,30.1,29.3,27.2,28.6,0
1791553765092,21370.73,30.1,29.3,27.2,28.6,0
1791553767485,21373.12,30.1,29.3,27.2,28.6,0
1791553768692,21374.33,30.1,29.3,27.2,28.6,0
1791553771132,21376.77,30.0,29.2,27.1,28.5,0
1791553773533,21379.17,30.0,29.2,27.1,28.5,0
1791553774825,21380.47,30.0,29.2,27.1,28.5,0
1791553777137,21382.78,30.0,29.2,27.1,28.5,0
1791553779471,21385.11,29.9,29.1,27.1,28.6,0
1791553780760,21386.40,29.9,29.1,27.1,28.6,0
