id,source_block,condition,common_s,observed_c,predicted_c,residual_c
v2_confirmation_0_C,v2,C,35.808303544,30.3,30.3032296051877,0.0032296051876983256
v2_confirmation_0_C,v2,C,38.373303544,30.3,30.307131103911214,0.007131103911213188
v2_confirmation_0_C,v2,C,40.918303544,30.3,30.311539785741214,0.011539785741213393
v2_confirmation_0_C,v2,C,43.688303544,30.3,30.31678628905119,0.01678628905118984
v2_confirmation_0_C,v2,C,46.353303544,30.3,30.322140656199714,0.022140656199713504
v2_confirmation_0_C,v2,C,48.918303544,30.3,30.32747443983083,0.02747443983082931
v2_confirmation_0_C,v2,C,51.468303544,30.3,30.332871113684522,0.03287111368452145
v2_confirmation_0_C,v2,C,54.218303544,30.3,30.338720683069287,0.03872068306928611
v2_confirmation_0_C,v2,C,56.783303544,30.3,30.344146748331426,0.044146748331424845
v2_confirmation_0_C,v2,C,59.353303544,30.3,30.3495091021728,0.04950910217279869
v2_confirmation_0_C,v2,C,61.918303544,30.3,30.354751708853055,0.054751708853054026
v2_confirmation_0_C,v2,C,64.683303544,30.3,30.36024912983491,0.06024912983490793
v2_confirmation_0_C,v2,C,67.233303544,30.3,30.365155226720653,0.06515522672065188
v2_confirmation_0_C,v2,C,69.763303544,30.3,30.369851823412993,0.06985182341299279
v2_confirmation_0_C,v2,C,72.398303544,30.3,30.374550696569013,0.07455069656901259
v2_confirmation_0_C,v2,C,75.083303544,30.3,30.37912841278605,0.07912841278604787
v2_confirmation_0_C,v2,C,77.683303544,30.3,30.38335439986051,0.08335439986051085
v2_confirmation_0_C,v2,C,80.278303544,30.3,30.387367739739382,0.08736773973938128
v2_confirmation_0_C,v2,C,82.873303544,30.3,30.391177374654557,0.09117737465455633
v2_confirmation_0_C,v2,C,85.723303544,30.3,30.395129552602935,0.0951295526029341
v2_confirmation_0_C,v2,C,88.403303544,30.3,30.39862907293808,0.09862907293807766
v2_confirmation_0_C,v2,C,91.018303544,30.3,30.401846482733404,0.10184648273340358
v2_confirmation_0_C,v2,C,93.613303544,30.3,30.404852724818333,0.10485272481833263
v2_confirmation_0_C,v2,C,96.048303544,30.3,30.407510450049795,0.10751045004979431
v2_confirmation_0_C,v2,C,98.568303544,30.3,30.410100900530217,0.1101009005302167
v2_confirmation_0_C,v2,C,101.133303544,30.4,30.412577251306097,0.012577251306097992
v2_confirmation_0_C,v2,C,103.678303544,30.4,30.41488147731505,0.014881477315050518
v2_confirmation_0_C,v2,C,106.468303544,30.4,30.417241096361415,0.017241096361416908
v2_confirmation_0_C,v2,C,109.648303544,30.4,30.41972992417809,0.019729924178090386
v2_confirmation_0_C,v2,C,113.098303544,30.4,30.42220365852625,0.022203658526251502
v2_confirmation_0_C,v2,C,115.723303544,30.4,30.42393826117132,0.023938261171320363
v2_confirmation_0_C,v2,C,118.188303544,30.4,30.425458247847143,0.025458247847144122
v2_confirmation_0_C,v2,C,120.793303544,30.6,30.426956570265688,-0.17304342973431375
v2_confirmation_0_C,v2,C,123.278303544,30.6,30.428288460387854,-0.17171153961214713
v2_confirmation_0_C,v2,C,125.923303544,30.6,30.429607953460124,-0.17039204653987738
v2_confirmation_0_C,v2,C,128.338303544,30.6,30.430729654364196,-0.16927034563580534
v2_confirmation_0_C,v2,C,130.993303544,30.5,30.4318770865622,-0.06812291343780075
v2_confirmation_0_C,v2,C,133.583303544,30.5,30.43291537855052,-0.06708462144948157
v2_confirmation_0_C,v2,C,136.153303544,30.5,30.43387172041118,-0.0661282795888205
v2_confirmation_0_C,v2,C,138.568303544,30.5,30.43470759415559,-0.06529240584440998
v2_confirmation_0_C,v2,C,141.178303544,30.5,30.435547030196133,-0.06445296980386672
v2_confirmation_0_C,v2,C,143.748303544,30.5,30.436312999700988,-0.0636870002990122
v2_confirmation_0_C,v2,C,146.378303544,30.5,30.437038870744942,-0.06296112925505781
v2_confirmation_0_C,v2,C,148.718303544,30.5,30.437638703095153,-0.0623612969048466
v2_confirmation_0_C,v2,C,151.338303544,30.5,30.43826240844219,-0.061737591557811555
v2_confirmation_0_C,v2,C,154.233303544,30.5,30.438896897897884,-0.061103102102116225
v2_confirmation_0_C,v2,C,156.953303544,30.5,30.439444641140334,-0.06055535885966634
v2_confirmation_0_C,v2,C,159.653303544,30.4,30.439945522146598,0.03994552214659919
v2_confirmation_0_C,v2,C,162.263303544,30.4,30.44039215118889,0.040392151188893166
v2_confirmation_0_C,v2,C,164.948303544,30.4,30.440815954186604,0.04081595418660555
v2_confirmation_0_C,v2,C,167.448303544,30.4,30.441180418659382,0.04118041865938338
v2_confirmation_0_C,v2,C,169.893303544,30.4,30.441510778346846,0.04151077834684713
v2_confirmation_0_C,v2,C,172.508303544,30.4,30.441837605325656,0.04183760532565728
v2_confirmation_0_C,v2,C,175.073303544,30.4,30.442133504216812,0.04213350421681383
v2_confirmation_0_C,v2,C,177.618303544,30.4,30.442404726455937,0.0424047264559384
v2_confirmation_1_L50,v2,L50,35.509725294,30.5,30.507602535442203,0.007602535442202907
v2_confirmation_1_L50,v2,L50,38.094725294,30.6,30.51538368491774,-0.0846163150822612
v2_confirmation_1_L50,v2,L50,40.709725294,30.6,30.52334160417859,-0.07665839582141132
v2_confirmation_1_L50,v2,L50,43.549725294,30.6,30.531976983461657,-0.0680230165383442
v2_confirmation_1_L50,v2,L50,46.169725294,30.6,30.53985737747388,-0.060142622526122125
v2_confirmation_1_L50,v2,L50,48.734725294,30.5,30.547433758315698,0.04743375831569807
v2_confirmation_1_L50,v2,L50,51.294725294,30.5,30.727872146159797,0.22787214615979678
v2_confirmation_1_L50,v2,L50,54.074725294,30.5,31.06379751483032,0.5637975148303198
v2_confirmation_1_L50,v2,L50,56.639725294,30.5,31.302498163143635,0.8024981631436354
v2_confirmation_1_L50,v2,L50,59.224725294,31.9,31.507743897329593,-0.3922561026704052
v2_confirmation_1_L50,v2,L50,61.764725294,31.9,31.68622321182206,-0.21377678817793822
v2_confirmation_1_L50,v2,L50,64.534725294,31.9,31.57476864965811,-0.32523135034188755
v2_confirmation_1_L50,v2,L50,67.174725294,31.5,31.468167979581658,-0.03183202041834221
v2_confirmation_1_L50,v2,L50,69.794725294,31.5,31.374787940926918,-0.12521205907308186
v2_confirmation_1_L50,v2,L50,72.384725294,31.5,31.293224121371907,-0.20677587862809332
v2_confirmation_1_L50,v2,L50,74.934725294,31.5,31.222162149145845,-0.277837850854155
v2_confirmation_1_L50,v2,L50,77.669725294,30.9,31.154952301674573,0.2549523016745745
v2_confirmation_1_L50,v2,L50,80.274725294,30.9,31.098595198588125,0.19859519858812646
v2_confirmation_1_L50,v2,L50,82.824725294,30.9,31.04981953558361,0.14981953558361027
v2_confirmation_1_L50,v2,L50,85.199725294,30.9,31.00944219005081,0.10944219005081024
v2_confirmation_1_L50,v2,L50,87.734725294,30.8,30.971123306740402,0.17112330674040166
v2_confirmation_1_L50,v2,L50,90.334725294,30.8,30.936375436272254,0.13637543627225313
v2_confirmation_1_L50,v2,L50,92.914725294,30.8,30.90593021420408,0.10593021420407922
v2_confirmation_1_L50,v2,L50,95.614725294,30.8,30.877869472991723,0.07786947299172198
v2_confirmation_1_L50,v2,L50,98.219725294,30.7,30.854047983661335,0.15404798366133576
v2_confirmation_1_L50,v2,L50,100.759725294,30.7,30.833536303404124,0.13353630340412437
v2_confirmation_1_L50,v2,L50,103.329725294,30.7,30.815196672569993,0.11519667256999355
v2_confirmation_1_L50,v2,L50,105.984725294,30.7,30.798504868819617,0.09850486881961729
v2_confirmation_1_L50,v2,L50,108.574725294,30.7,30.78417121484768,0.08417121484768231
v2_confirmation_1_L50,v2,L50,111.219725294,30.7,30.771285505214795,0.07128550521479582
v2_confirmation_1_L50,v2,L50,113.774725294,30.7,30.760323049518053,0.060323049518054006
v2_confirmation_1_L50,v2,L50,116.259725294,30.7,30.75089873123192,0.050898731231921346
v2_confirmation_1_L50,v2,L50,118.889725294,30.7,30.742100428945605,0.04210042894560573
v2_confirmation_1_L50,v2,L50,121.414725294,30.7,30.73466001575982,0.03466001575982247
v2_confirmation_1_L50,v2,L50,124.044725294,30.7,30.727835425126244,0.027835425126244928
v2_confirmation_1_L50,v2,L50,126.864725294,30.7,30.721440437888248,0.021440437888248454
v2_confirmation_1_L50,v2,L50,129.529725294,30.7,30.716166841489468,0.016166841489468453
v2_confirmation_1_L50,v2,L50,132.094725294,30.7,30.711711410523368,0.011711410523368215
v2_confirmation_1_L50,v2,L50,134.699725294,30.7,30.707734997993605,0.007734997993605219
v2_confirmation_1_L50,v2,L50,137.099725294,30.7,30.704504118128426,0.004504118128426882
v2_confirmation_1_L50,v2,L50,139.659725294,30.7,30.701462185239958,0.0014621852399585578
v2_confirmation_1_L50,v2,L50,142.239725294,30.7,30.69876995277147,-0.0012300472285282638
v2_confirmation_1_L50,v2,L50,144.794725294,30.7,30.69642962261631,-0.0035703773836885944
v2_confirmation_1_L50,v2,L50,147.549725294,30.7,30.694225349171536,-0.005774650828463734
v2_confirmation_1_L50,v2,L50,150.104725294,30.7,30.692441270781806,-0.0075587292181928945
v2_confirmation_1_L50,v2,L50,152.794725294,30.7,30.690800058334148,-0.009199941665851696
v2_confirmation_1_L50,v2,L50,155.334725294,30.7,30.68944666322751,-0.01055333677248882
v2_confirmation_1_L50,v2,L50,158.054725294,30.7,30.688182655970916,-0.011817344029083188
v2_confirmation_1_L50,v2,L50,160.579725294,30.7,30.687159942008694,-0.012840057991304832
v2_confirmation_1_L50,v2,L50,163.224725294,30.7,30.68622498533698,-0.013775014663018226
v2_confirmation_1_L50,v2,L50,165.784725294,30.7,30.685436796937818,-0.014563203062181174
v2_confirmation_1_L50,v2,L50,168.544725294,30.7,30.684699520098402,-0.015300479901597441
v2_confirmation_1_L50,v2,L50,171.094725294,30.7,30.684109152077877,-0.015890847922122475
v2_confirmation_1_L50,v2,L50,173.684725294,30.7,30.683587590998364,-0.016412409001635098
v2_confirmation_1_L50,v2,L50,176.354725294,30.7,30.683122009151134,-0.01687799084886521
v2_confirmation_1_L50,v2,L50,179.084725294,30.7,30.682711954098185,-0.01728804590181454
v3_confirmation_2_SPLIT_DELAY30,v3,SPLIT_DELAY30,37.553448765,28.9,29.24252281092526,0.34252281092526005
v3_confirmation_2_SPLIT_DELAY30,v3,SPLIT_DELAY30,40.158448765,29.4,29.473526029148847,0.07352602914884798
v3_confirmation_2_SPLIT_DELAY30,v3,SPLIT_DELAY30,43.238448765,29.4,29.522758860821114,0.12275886082111498
v3_confirmation_2_SPLIT_DELAY30,v3,SPLIT_DELAY30,46.223448765,29.4,29.458801652331392,0.05880165233139323
v3_confirmation_2_SPLIT_DELAY30,v3,SPLIT_DELAY30,49.423448765,29.5,29.400329968459076,-0.09967003154092424
v3_confirmation_2_SPLIT_DELAY30,v3,SPLIT_DELAY30,52.258448765,29.5,29.3560415757492,-0.1439584242508012
v3_confirmation_2_SPLIT_DELAY30,v3,SPLIT_DELAY30,55.208448765,29.5,29.31641134782157,-0.1835886521784289
v3_confirmation_2_SPLIT_DELAY30,v3,SPLIT_DELAY30,58.318448765,29.1,29.28077826899472,0.18077826899471816
v3_confirmation_2_SPLIT_DELAY30,v3,SPLIT_DELAY30,61.293448765,29.1,29.251767070446693,0.15176707044669158
v3_confirmation_2_SPLIT_DELAY30,v3,SPLIT_DELAY30,64.203448765,29.1,29.227516108710557,0.1275161087105552
v3_confirmation_2_SPLIT_DELAY30,v3,SPLIT_DELAY30,67.233448765,29.1,29.205995322257408,0.1059953222574066
v3_confirmation_2_SPLIT_DELAY30,v3,SPLIT_DELAY30,70.298448765,29.1,29.233125257698983,0.13312525769898187
v3_confirmation_2_SPLIT_DELAY30,v3,SPLIT_DELAY30,73.423448765,29.1,29.452234606523753,0.3522346065237514
v3_confirmation_2_SPLIT_DELAY30,v3,SPLIT_DELAY30,76.403448765,29.1,29.72473794637124,0.624737946371237
v3_confirmation_2_SPLIT_DELAY30,v3,SPLIT_DELAY30,79.278448765,30.2,29.694926838369653,-0.5050731616303459
v3_confirmation_2_SPLIT_DELAY30,v3,SPLIT_DELAY30,81.928448765,30.2,29.62407044260939,-0.5759295573906087
v3_confirmation_2_SPLIT_DELAY30,v3,SPLIT_DELAY30,84.418448765,30.2,29.56511375600314,-0.6348862439968599
v3_confirmation_2_SPLIT_DELAY30,v3,SPLIT_DELAY30,87.178448765,30.2,29.507390949641508,-0.6926090503584916
v3_confirmation_2_SPLIT_DELAY30,v3,SPLIT_DELAY30,89.668448765,29.6,29.461410964325744,-0.13858903567425784
v3_confirmation_2_SPLIT_DELAY30,v3,SPLIT_DELAY30,92.423448765,29.6,29.41648216423451,-0.18351783576549252
v3_confirmation_2_SPLIT_DELAY30,v3,SPLIT_DELAY30,95.128448765,29.6,29.377733724061436,-0.22226627593856563
v3_confirmation_2_SPLIT_DELAY30,v3,SPLIT_DELAY30,97.883448765,29.4,29.34307269458976,-0.056927305410237494
v3_confirmation_2_SPLIT_DELAY30,v3,SPLIT_DELAY30,100.508448765,29.4,29.31401947972914,-0.08598052027085856
v3_confirmation_2_SPLIT_DELAY30,v3,SPLIT_DELAY30,103.128448765,29.4,29.28843008210755,-0.11156991789244941
v3_confirmation_2_SPLIT_DELAY30,v3,SPLIT_DELAY30,105.848448765,29.4,29.265042668367503,-0.13495733163249568
v3_confirmation_2_SPLIT_DELAY30,v3,SPLIT_DELAY30,108.608448765,29.4,29.24422527199801,-0.15577472800199033
v3_confirmation_2_SPLIT_DELAY30,v3,SPLIT_DELAY30,111.153448765,29.4,29.227321494954296,-0.17267850504570248
v3_confirmation_2_SPLIT_DELAY30,v3,SPLIT_DELAY30,113.908448765,29.4,29.211205708554434,-0.18879429144556426
v3_confirmation_2_SPLIT_DELAY30,v3,SPLIT_DELAY30,116.608448765,29.4,29.197352272664,-0.20264772733600012
v3_confirmation_2_SPLIT_DELAY30,v3,SPLIT_DELAY30,119.868448765,29.3,29.182856624085286,-0.11714337591471491
v3_confirmation_2_SPLIT_DELAY30,v3,SPLIT_DELAY30,123.008448765,29.3,29.170893035247268,-0.12910696475273298
v3_confirmation_2_SPLIT_DELAY30,v3,SPLIT_DELAY30,125.703448765,29.3,29.16197830780313,-0.13802169219687244
v3_confirmation_2_SPLIT_DELAY30,v3,SPLIT_DELAY30,128.398448765,29.3,29.154155119871387,-0.14584488012861385
v3_confirmation_2_SPLIT_DELAY30,v3,SPLIT_DELAY30,131.123448765,29.3,29.147220327509494,-0.1527796724905066
v3_confirmation_2_SPLIT_DELAY30,v3,SPLIT_DELAY30,133.613448765,29.3,29.141639637035933,-0.15836036296406775
v3_confirmation_2_SPLIT_DELAY30,v3,SPLIT_DELAY30,136.303448765,29.3,29.136325880722687,-0.16367411927731368
v3_confirmation_2_SPLIT_DELAY30,v3,SPLIT_DELAY30,138.983448765,29.4,29.131683438754344,-0.26831656124565484
v3_confirmation_2_SPLIT_DELAY30,v3,SPLIT_DELAY30,141.643448765,29.4,29.127641178827105,-0.2723588211728938
v3_confirmation_2_SPLIT_DELAY30,v3,SPLIT_DELAY30,144.313448765,29.4,29.12408205118398,-0.2759179488160193
v3_confirmation_2_SPLIT_DELAY30,v3,SPLIT_DELAY30,146.978448765,29.4,29.120967469452527,-0.2790325305474717
v3_confirmation_2_SPLIT_DELAY30,v3,SPLIT_DELAY30,149.628448765,29.4,29.118251905307982,-0.28174809469201634
v3_confirmation_2_SPLIT_DELAY30,v3,SPLIT_DELAY30,152.408448765,29.4,29.115761990009535,-0.2842380099904638
v3_confirmation_2_SPLIT_DELAY30,v3,SPLIT_DELAY30,155.003448765,29.4,29.11372903992552,-0.2862709600744786
v3_confirmation_2_SPLIT_DELAY30,v3,SPLIT_DELAY30,157.688448765,29.4,29.111885402181084,-0.2881145978189146
v3_confirmation_2_SPLIT_DELAY30,v3,SPLIT_DELAY30,160.373448765,29.4,29.110273989740318,-0.28972601025968103
v3_confirmation_2_SPLIT_DELAY30,v3,SPLIT_DELAY30,163.043448765,29.4,29.108873636503766,-0.29112636349623244
v3_confirmation_2_SPLIT_DELAY30,v3,SPLIT_DELAY30,165.658448765,29.4,29.107673633549386,-0.29232636645061305
v3_confirmation_2_SPLIT_DELAY30,v3,SPLIT_DELAY30,168.323448765,29.4,29.10660402562933,-0.293395974370668
v3_confirmation_2_SPLIT_DELAY30,v3,SPLIT_DELAY30,170.973448765,29.4,29.105675221801945,-0.29432477819805314
v3_confirmation_2_SPLIT_DELAY30,v3,SPLIT_DELAY30,173.638448765,29.4,29.104860046203417,-0.295139953796582
v3_confirmation_2_SPLIT_DELAY30,v3,SPLIT_DELAY30,176.308448765,29.4,29.10414815383849,-0.29585184616150784
v3_confirmation_2_SPLIT_DELAY30,v3,SPLIT_DELAY30,178.953448765,29.4,29.103533580429776,-0.2964664195702227
v3_confirmation_3_SPLIT_DELAY30,v3,SPLIT_DELAY30,37.330522053,29.4,29.726721155160526,0.32672115516052713
v3_confirmation_3_SPLIT_DELAY30,v3,SPLIT_DELAY30,40.380522053,29.4,30.018758912448828,0.6187589124488291
v3_confirmation_3_SPLIT_DELAY30,v3,SPLIT_DELAY30,43.265522053,30.4,30.061177762176968,-0.338822237823031
v3_confirmation_3_SPLIT_DELAY30,v3,SPLIT_DELAY30,46.350522053,30.4,30.010490780699506,-0.38950921930049276
v3_confirmation_3_SPLIT_DELAY30,v3,SPLIT_DELAY30,49.120522053,30.4,29.971943200259524,-0.4280567997404745
v3_confirmation_3_SPLIT_DELAY30,v3,SPLIT_DELAY30,51.780522053,30.4,29.940269757651784,-0.4597302423482148
v3_confirmation_3_SPLIT_DELAY30,v3,SPLIT_DELAY30,54.540522053,29.7,29.912197219355814,0.21219721935581504
v3_confirmation_3_SPLIT_DELAY30,v3,SPLIT_DELAY30,57.215522053,29.7,29.88902416439368,0.18902416439367897
v3_confirmation_3_SPLIT_DELAY30,v3,SPLIT_DELAY30,60.160522053,29.7,29.867467924170963,0.167467924170964
v3_confirmation_3_SPLIT_DELAY30,v3,SPLIT_DELAY30,63.255522053,29.5,29.84863411877915,0.34863411877914885
v3_confirmation_3_SPLIT_DELAY30,v3,SPLIT_DELAY30,66.110522053,29.5,29.834214145181885,0.3342141451818854
v3_confirmation_3_SPLIT_DELAY30,v3,SPLIT_DELAY30,69.390522053,29.5,29.852640186954833,0.352640186954833
v3_confirmation_3_SPLIT_DELAY30,v3,SPLIT_DELAY30,72.335522053,29.5,29.97637342172901,0.4763734217290114
v3_confirmation_3_SPLIT_DELAY30,v3,SPLIT_DELAY30,74.915522053,29.8,30.229364515848562,0.4293645158485617
v3_confirmation_3_SPLIT_DELAY30,v3,SPLIT_DELAY30,78.010522053,29.8,30.373887081993395,0.5738870819933943
v3_confirmation_3_SPLIT_DELAY30,v3,SPLIT_DELAY30,80.770522053,29.8,30.300017745121067,0.5000177451210668
v3_confirmation_3_SPLIT_DELAY30,v3,SPLIT_DELAY30,83.410522053,30.0,30.237949285318866,0.23794928531886583
v3_confirmation_3_SPLIT_DELAY30,v3,SPLIT_DELAY30,85.975522053,30.0,30.18473642681238,0.18473642681237834
v3_confirmation_3_SPLIT_DELAY30,v3,SPLIT_DELAY30,88.850522053,30.0,30.13240510247498,0.13240510247497994
v3_confirmation_3_SPLIT_DELAY30,v3,SPLIT_DELAY30,91.725522053,30.0,30.086850910868325,0.08685091086832486
v3_confirmation_3_SPLIT_DELAY30,v3,SPLIT_DELAY30,94.915522053,29.6,30.043190245180156,0.4431902451801548
v3_confirmation_3_SPLIT_DELAY30,v3,SPLIT_DELAY30,98.165522053,29.6,30.005133688656674,0.4051336886566723
v3_confirmation_3_SPLIT_DELAY30,v3,SPLIT_DELAY30,101.440522053,29.6,29.972405700454733,0.3724057004547312
v3_confirmation_3_SPLIT_DELAY30,v3,SPLIT_DELAY30,104.215522053,29.5,29.948481481077383,0.4484814810773834
v3_confirmation_3_SPLIT_DELAY30,v3,SPLIT_DELAY30,107.265522053,29.5,29.92567010169265,0.4256701016926492
v3_confirmation_3_SPLIT_DELAY30,v3,SPLIT_DELAY30,110.150522053,29.5,29.907013963546973,0.40701396354697295
v3_confirmation_3_SPLIT_DELAY30,v3,SPLIT_DELAY30,112.970522053,29.5,29.891163412215565,0.3911634122155654
v3_confirmation_3_SPLIT_DELAY30,v3,SPLIT_DELAY30,116.105522053,29.5,29.87594442734124,0.37594442734123845
v3_confirmation_3_SPLIT_DELAY30,v3,SPLIT_DELAY30,118.680522053,29.5,29.865093109050243,0.3650931090502425
v3_confirmation_3_SPLIT_DELAY30,v3,SPLIT_DELAY30,121.720522053,29.5,29.853944860091303,0.3539448600913033
v3_confirmation_3_SPLIT_DELAY30,v3,SPLIT_DELAY30,124.795522053,29.5,29.844260381078552,0.34426038107855206
v3_confirmation_3_SPLIT_DELAY30,v3,SPLIT_DELAY30,127.500522053,29.5,29.83688863208979,0.3368886320897886
v3_confirmation_3_SPLIT_DELAY30,v3,SPLIT_DELAY30,130.545522053,29.5,29.829703765366933,0.3297037653669328
v3_confirmation_3_SPLIT_DELAY30,v3,SPLIT_DELAY30,133.805522053,29.4,29.823140826089226,0.4231408260892273
v3_confirmation_3_SPLIT_DELAY30,v3,SPLIT_DELAY30,136.420522053,29.4,29.818605894681138,0.4186058946811393
v3_confirmation_3_SPLIT_DELAY30,v3,SPLIT_DELAY30,139.330522053,29.4,29.814220434791963,0.41422043479196446
v3_confirmation_3_SPLIT_DELAY30,v3,SPLIT_DELAY30,142.415522053,29.4,29.810231613917587,0.41023161391758833
v3_confirmation_3_SPLIT_DELAY30,v3,SPLIT_DELAY30,145.480522053,29.4,29.806848457139022,0.4068484571390236
v3_confirmation_3_SPLIT_DELAY30,v3,SPLIT_DELAY30,148.155522053,29.4,29.80430387921176,0.4043038792117599
v3_confirmation_3_SPLIT_DELAY30,v3,SPLIT_DELAY30,151.100522053,29.4,29.801883312225364,0.40188331222536533
v3_confirmation_3_SPLIT_DELAY30,v3,SPLIT_DELAY30,154.205522053,29.4,29.7997051452205,0.3997051452205014
v3_confirmation_3_SPLIT_DELAY30,v3,SPLIT_DELAY30,157.050522053,29.4,29.797999731922744,0.39799973192274507
v3_confirmation_3_SPLIT_DELAY30,v3,SPLIT_DELAY30,159.835522053,29.4,29.796562505699427,0.3965625056994284
v3_confirmation_3_SPLIT_DELAY30,v3,SPLIT_DELAY30,162.785522053,29.4,29.79525695396611,0.39525695396611127
v3_confirmation_3_SPLIT_DELAY30,v3,SPLIT_DELAY30,165.635522053,29.4,29.794178834970598,0.39417883497059947
v3_confirmation_3_SPLIT_DELAY30,v3,SPLIT_DELAY30,168.560522053,29.4,29.793233684723617,0.39323368472361864
v3_confirmation_3_SPLIT_DELAY30,v3,SPLIT_DELAY30,171.665522053,29.4,29.792384004358787,0.39238400435878873
v3_confirmation_3_SPLIT_DELAY30,v3,SPLIT_DELAY30,174.665522053,29.4,29.791691702681284,0.3916917026812854
v3_confirmation_3_SPLIT_DELAY30,v3,SPLIT_DELAY30,177.330522053,29.4,29.791167774627674,0.39116777462767516
v3_confirmation_4_L50,v3,L50,35.732557111,29.3,29.297709558382966,-0.002290441617034844
v3_confirmation_4_L50,v3,L50,38.747557111,29.3,29.29619976500409,-0.003800234995910756
v3_confirmation_4_L50,v3,L50,41.942557111,29.2,29.295644280780902,0.09564428078090259
v3_confirmation_4_L50,v3,L50,45.437557111,29.2,29.295998117944198,0.09599811794419821
v3_confirmation_4_L50,v3,L50,48.447557111,29.2,29.29692159493633,0.09692159493632957
v3_confirmation_4_L50,v3,L50,51.057557111,29.2,29.442361208949567,0.2423612089495677
v3_confirmation_4_L50,v3,L50,54.082557111,29.4,29.803745035770405,0.403745035770406
v3_confirmation_4_L50,v3,L50,57.142557111,29.4,30.071228260208112,0.6712282602081139
v3_confirmation_4_L50,v3,L50,60.217557111,29.4,30.30155479683105,0.90155479683105
v3_confirmation_4_L50,v3,L50,63.257557111,30.8,30.34641009634453,-0.4535899036554696
v3_confirmation_4_L50,v3,L50,66.687557111,30.8,30.19729183762033,-0.6027081623796704
v3_confirmation_4_L50,v3,L50,69.587557111,30.8,30.088611936271754,-0.711388063728247
v3_confirmation_4_L50,v3,L50,72.512557111,29.8,29.99297696469094,0.1929769646909385
v3_confirmation_4_L50,v3,L50,75.282557111,29.8,29.91373652137245,0.1137365213724486
v3_confirmation_4_L50,v3,L50,78.047557111,29.8,29.84427301377274,0.04427301377273807
v3_confirmation_4_L50,v3,L50,80.832557111,29.8,29.7828561432235,-0.017143856776499433
v3_confirmation_4_L50,v3,L50,83.592557111,29.5,29.729428567395505,0.2294285673955052
v3_confirmation_4_L50,v3,L50,86.172557111,29.5,29.685385001970957,0.18538500197095686
v3_confirmation_4_L50,v3,L50,89.012557111,29.5,29.642705915933664,0.14270591593366433
v3_confirmation_4_L50,v3,L50,92.087557111,29.4,29.60250328424537,0.20250328424537045
v3_confirmation_4_L50,v3,L50,94.662557111,29.4,29.57304666021631,0.1730466602163112
v3_confirmation_4_L50,v3,L50,97.407557111,29.4,29.545350561000195,0.14535056100019617
v3_confirmation_4_L50,v3,L50,100.202557111,29.4,29.52061129970556,0.12061129970556195
v3_confirmation_4_L50,v3,L50,103.077557111,29.4,29.498358876998,0.09835887699800239
v3_confirmation_4_L50,v3,L50,106.107557111,29.4,29.477967574723863,0.07796757472386417
v3_confirmation_4_L50,v3,L50,109.192557111,29.4,29.460009831551435,0.06000983155143658
v3_confirmation_4_L50,v3,L50,112.157557111,29.4,29.44506282651414,0.0450628265141404
v3_confirmation_4_L50,v3,L50,115.122557111,29.4,29.432083101721602,0.03208310172160367
v3_confirmation_4_L50,v3,L50,118.177557111,29.4,29.420496388424656,0.020496388424657397
v3_confirmation_4_L50,v3,L50,121.077557111,29.4,29.410955919071625,0.010955919071626852
v3_confirmation_4_L50,v3,L50,123.722557111,29.3,29.40333586549005,0.10333586549004892
v3_confirmation_4_L50,v3,L50,126.812557111,29.3,29.395574422863326,0.09557442286332574
v3_confirmation_4_L50,v3,L50,129.557557111,29.3,29.38958144346898,0.08958144346897967
v3_confirmation_4_L50,v3,L50,132.312557111,29.3,29.384311452758222,0.0843114527582216
v3_confirmation_4_L50,v3,L50,135.347557111,29.3,29.37926068233112,0.07926068233112105
v3_confirmation_4_L50,v3,L50,138.457557111,29.3,29.37479822470416,0.07479822470416053
v3_confirmation_4_L50,v3,L50,141.332557111,29.3,29.371229405971466,0.0712294059714651
v3_confirmation_4_L50,v3,L50,144.297557111,29.3,29.368034584450278,0.06803458445027744
v3_confirmation_4_L50,v3,L50,147.377557111,29.3,29.365169074829335,0.06516907482933476
v3_confirmation_4_L50,v3,L50,150.147557111,29.3,29.362934709519042,0.06293470951904112
v3_confirmation_4_L50,v3,L50,153.417557111,29.3,29.36065821272211,0.06065821272211025
v3_confirmation_4_L50,v3,L50,156.487557111,29.3,29.358828687068716,0.05882868706871491
v3_confirmation_4_L50,v3,L50,159.152557111,29.3,29.35744962383948,0.05744962383947794
v3_confirmation_4_L50,v3,L50,162.242557111,29.3,29.356061797025607,0.0560617970256061
v3_confirmation_4_L50,v3,L50,165.292557111,29.3,29.35488497971072,0.05488497971072093
v3_confirmation_4_L50,v3,L50,168.292557111,29.3,29.353888905863517,0.053888905863516356
v3_confirmation_4_L50,v3,L50,171.202557111,29.3,29.35305506406046,0.05305506406045879
v3_confirmation_4_L50,v3,L50,174.022557111,29.3,29.352354950983457,0.05235495098345666
v3_confirmation_4_L50,v3,L50,176.987557111,29.3,29.351718331878434,0.05171833187843333
v3_confirmation_4_L50,v3,L50,179.832557111,29.3,29.351190788688815,0.05119078868881388
v3_confirmation_5_C,v3,C,37.408396783,29.1,29.12936141147739,0.0293614114773888
v3_confirmation_5_C,v3,C,40.018396783,29.1,29.152825583956723,0.052825583956721545
v3_confirmation_5_C,v3,C,42.678396783,29.1,29.1751680102338,0.07516801023379927
v3_confirmation_5_C,v3,C,45.493396783,29.1,29.19717707944129,0.09717707944128762
v3_confirmation_5_C,v3,C,48.538396783,29.1,29.21920189137279,0.11920189137278925
v3_confirmation_5_C,v3,C,51.673396783,29.1,29.240066088449407,0.14006608844940516
v3_confirmation_5_C,v3,C,54.773396783,29.1,29.259013280673987,0.15901328067398524
v3_confirmation_5_C,v3,C,57.618396783,29.1,29.275029630401022,0.1750296304010206
v3_confirmation_5_C,v3,C,60.288396783,29.1,29.28894619008182,0.18894619008181834
v3_confirmation_5_C,v3,C,63.288396783,29.1,29.30338238995796,0.20338238995795876
v3_confirmation_5_C,v3,C,66.763396783,29.1,29.31863382541177,0.2186338254117679
v3_confirmation_5_C,v3,C,69.913396783,29.1,29.331203024483806,0.23120302448380414
v3_confirmation_5_C,v3,C,72.778396783,29.1,29.341680503738274,0.241680503738273
v3_confirmation_5_C,v3,C,75.833396783,29.1,29.351928542418378,0.25192854241837637
v3_confirmation_5_C,v3,C,78.598396783,29.1,29.360443165813102,0.26044316581310056
v3_confirmation_5_C,v3,C,81.713396783,29.1,29.369237520719494,0.2692375207194928
v3_confirmation_5_C,v3,C,84.773396783,29.2,29.37711835521782,0.1771183552178215
v3_confirmation_5_C,v3,C,87.373396783,29.2,29.383270350577845,0.18327035057784613
v3_confirmation_5_C,v3,C,90.268396783,29.2,29.389577630526652,0.189577630526653
v3_confirmation_5_C,v3,C,93.208396783,29.1,29.39544266017411,0.2954426601741069
v3_confirmation_5_C,v3,C,96.358396783,29.1,29.401172176572842,0.301172176572841
v3_confirmation_5_C,v3,C,99.113396783,29.1,29.405751498298944,0.30575149829894244
v3_confirmation_5_C,v3,C,101.828396783,29.1,29.40990189827551,0.30990189827550907
v3_confirmation_5_C,v3,C,104.843396783,29.2,29.414122844599852,0.21412284459985287
v3_confirmation_5_C,v3,C,107.433396783,29.2,29.417448348196874,0.21744834819687497
v3_confirmation_5_C,v3,C,110.578396783,29.2,29.421144122508423,0.22114412250842364
v3_confirmation_5_C,v3,C,113.728396783,29.2,29.424501223085436,0.2245012230854364
v3_confirmation_5_C,v3,C,116.823396783,29.2,29.42749398942531,0.2274939894253123
v3_confirmation_5_C,v3,C,120.153396783,29.2,29.43040665031849,0.23040665031848917
v3_confirmation_5_C,v3,C,123.078396783,29.3,29.432725968279716,0.13272596827971483
v3_confirmation_5_C,v3,C,125.803396783,29.3,29.43470306113086,0.1347030611308604
v3_confirmation_5_C,v3,C,128.688396783,29.3,29.43661929252031,0.13661929252030802
v3_confirmation_5_C,v3,C,131.328396783,29.3,29.43822624555904,0.13822624555903928
v3_confirmation_5_C,v3,C,134.233396783,29.2,29.43984608802252,0.23984608802252083
v3_confirmation_5_C,v3,C,137.088396783,29.2,29.441299097016817,0.2412990970168174
v3_confirmation_5_C,v3,C,139.813396783,29.2,29.44256826186894,0.24256826186893932
v3_confirmation_5_C,v3,C,142.603396783,29.2,29.44375851966958,0.24375851966957995
v3_confirmation_5_C,v3,C,145.168396783,29.2,29.44476318582814,0.24476318582814116
v3_confirmation_5_C,v3,C,148.048396783,29.2,29.445797352697742,0.2457973526977426
v3_confirmation_5_C,v3,C,150.708396783,29.2,29.44667146734814,0.24667146734813983
v3_confirmation_5_C,v3,C,153.553396783,29.2,29.44752748210738,0.24752748210737963
v3_confirmation_5_C,v3,C,156.573396783,29.2,29.448354566833913,0.248354566833914
v3_confirmation_5_C,v3,C,159.628396783,29.2,29.449113413366483,0.24911341336648363
v3_confirmation_5_C,v3,C,162.763396783,29.2,29.449818295478543,0.24981829547854417
v3_confirmation_5_C,v3,C,165.653396783,29.2,29.450407910813464,0.2504079108134647
v3_confirmation_5_C,v3,C,168.518396783,29.2,29.450940568906532,0.2509405689065325
v3_confirmation_5_C,v3,C,171.573396783,29.2,29.451456750444187,0.2514567504441878
v3_confirmation_5_C,v3,C,174.133396783,29.2,29.45185167952059,0.2518516795205912
v3_confirmation_5_C,v3,C,177.058396783,29.2,29.452264587632015,0.2522645876320162
