policy,family,cases,service_success_cases,planned_requests,completed_requests,urgent_failures,normal_failures,WAIT_actions,eligible_paired_cases,strict_joint,joint_nonworsening,mean_delta_J,mean_delta_peak_C,mean_delta_area_Cs,mean_scope
CPU_REFERENCE,low,48,48,1152,1152,0,0,0,48,0,0,0.0,0.0,0.0,policy_specific_eligible_subset_not_global_ranking
CPU_REFERENCE,queue,48,0,1152,1152,0,248,0,0,0,0,,,,policy_specific_eligible_subset_not_global_ranking
CPU_REFERENCE,burst,48,0,1152,1152,0,177,0,0,0,0,,,,policy_specific_eligible_subset_not_global_ranking
CPU_REFERENCE,sustained,48,27,9216,9216,143,0,0,27,0,0,1.9225978960358459,-0.6269694611968462,-44.03116733768411,policy_specific_eligible_subset_not_global_ranking
EFT_REFERENCE,low,48,48,1152,1152,0,0,0,48,0,0,0.0,0.0,0.0,policy_specific_eligible_subset_not_global_ranking
EFT_REFERENCE,queue,48,0,1152,1152,0,153,0,0,0,0,,,,policy_specific_eligible_subset_not_global_ranking
EFT_REFERENCE,burst,48,0,1152,1152,0,98,0,0,0,0,,,,policy_specific_eligible_subset_not_global_ranking
EFT_REFERENCE,sustained,48,48,9216,9216,0,0,0,48,8,8,0.17634890142987025,-0.1313535417774093,-9.128644882805977,policy_specific_eligible_subset_not_global_ranking
HEAD_seed11,low,48,48,1152,1152,0,0,0,48,0,0,0.0,0.0,0.0,policy_specific_eligible_subset_not_global_ranking
HEAD_seed11,queue,48,0,1152,1152,54,116,0,0,0,0,,,,policy_specific_eligible_subset_not_global_ranking
HEAD_seed11,burst,48,0,1152,1152,62,63,0,0,0,0,,,,policy_specific_eligible_subset_not_global_ranking
HEAD_seed11,sustained,48,10,9216,9216,169,0,11983,10,0,0,1.583387684869129,-0.608892836444511,-36.457229767963895,policy_specific_eligible_subset_not_global_ranking
HEAD_seed23,low,48,48,1152,1152,0,0,174,48,0,0,0.27936658018893407,0.04803041228157623,1.8408108531331042,policy_specific_eligible_subset_not_global_ranking
HEAD_seed23,queue,48,0,1152,1152,55,121,33,0,0,0,,,,policy_specific_eligible_subset_not_global_ranking
HEAD_seed23,burst,48,0,1152,1152,66,69,45,0,0,0,,,,policy_specific_eligible_subset_not_global_ranking
HEAD_seed23,sustained,48,42,9216,9216,9,0,54,42,0,0,1.3738912846452949,0.08751430838988584,9.732676670777368,policy_specific_eligible_subset_not_global_ranking
HEAD_seed37,low,48,48,1152,1152,0,0,5691,48,0,0,-0.19461082445585198,0.10139614941100687,3.8123318408705993,policy_specific_eligible_subset_not_global_ranking
HEAD_seed37,queue,48,0,1152,1152,79,189,169,0,0,0,,,,policy_specific_eligible_subset_not_global_ranking
HEAD_seed37,burst,48,0,1152,1152,73,114,126,0,0,0,,,,policy_specific_eligible_subset_not_global_ranking
HEAD_seed37,sustained,48,3,9216,9216,197,0,10228,3,0,0,1.2449554438685102,-0.23951665461324131,-15.00665700460857,policy_specific_eligible_subset_not_global_ranking
QUEUE_seed11,low,48,33,1152,1152,15,0,3614,33,0,0,-0.14828428696478113,0.10840107432925816,4.24219715732751,policy_specific_eligible_subset_not_global_ranking
QUEUE_seed11,queue,48,0,1152,1152,9,177,496,0,0,0,,,,policy_specific_eligible_subset_not_global_ranking
QUEUE_seed11,burst,48,0,1152,1152,9,97,630,0,0,0,,,,policy_specific_eligible_subset_not_global_ranking
QUEUE_seed11,sustained,48,6,9216,9216,131,0,13049,6,0,0,-0.6002963646591913,0.16168615489645907,16.29701634830813,policy_specific_eligible_subset_not_global_ranking
QUEUE_seed23,low,48,48,1152,1152,0,0,0,48,0,0,0.0,0.0,0.0,policy_specific_eligible_subset_not_global_ranking
QUEUE_seed23,queue,48,0,1152,1152,0,110,0,0,0,0,,,,policy_specific_eligible_subset_not_global_ranking
QUEUE_seed23,burst,48,0,1152,1152,0,55,9,0,0,0,,,,policy_specific_eligible_subset_not_global_ranking
QUEUE_seed23,sustained,48,48,9216,9216,0,0,0,48,0,0,0.0,0.0,0.0,policy_specific_eligible_subset_not_global_ranking
QUEUE_seed37,low,48,48,1152,1152,0,0,0,48,0,0,0.0,0.0,0.0,policy_specific_eligible_subset_not_global_ranking
QUEUE_seed37,queue,48,0,1152,1152,6,138,584,0,0,0,,,,policy_specific_eligible_subset_not_global_ranking
QUEUE_seed37,burst,48,0,1152,1152,0,72,615,0,0,0,,,,policy_specific_eligible_subset_not_global_ranking
QUEUE_seed37,sustained,48,1,9216,9216,112,0,14373,1,0,0,1.2260391133191035,-0.27980683650331883,-25.684285383457336,policy_specific_eligible_subset_not_global_ranking
SHARED_EDF,low,48,48,1152,1152,0,0,0,48,0,0,0.0,0.0,0.0,policy_specific_eligible_subset_not_global_ranking
SHARED_EDF,queue,48,0,1152,1152,0,110,0,0,0,0,,,,policy_specific_eligible_subset_not_global_ranking
SHARED_EDF,burst,48,0,1152,1152,0,55,0,0,0,0,,,,policy_specific_eligible_subset_not_global_ranking
SHARED_EDF,sustained,48,48,9216,9216,0,0,0,48,0,0,0.0,0.0,0.0,policy_specific_eligible_subset_not_global_ranking
SHARED_EFT,low,48,48,1152,1152,0,0,0,48,0,0,0.0,0.0,0.0,policy_specific_eligible_subset_not_global_ranking
SHARED_EFT,queue,48,0,1152,1152,0,110,0,0,0,0,,,,policy_specific_eligible_subset_not_global_ranking
SHARED_EFT,burst,48,0,1152,1152,0,55,0,0,0,0,,,,policy_specific_eligible_subset_not_global_ranking
SHARED_EFT,sustained,48,48,9216,9216,0,0,0,48,0,0,0.0,0.0,0.0,policy_specific_eligible_subset_not_global_ranking
SPLIT_REFERENCE,low,48,48,1152,1152,0,0,0,48,0,0,0.2855510426356324,0.04637748392274391,1.7616037004381981,policy_specific_eligible_subset_not_global_ranking
SPLIT_REFERENCE,queue,48,0,1152,1152,0,111,0,0,0,0,,,,policy_specific_eligible_subset_not_global_ranking
SPLIT_REFERENCE,burst,48,0,1152,1152,0,63,0,0,0,0,,,,policy_specific_eligible_subset_not_global_ranking
SPLIT_REFERENCE,sustained,48,48,9216,9216,0,0,0,48,0,0,1.4403403148426193,0.08925413766686807,9.695453001816343,policy_specific_eligible_subset_not_global_ranking
