scenario,realized,seed,policy,start_s,end_s,state,frozen_state,predicted_j,observed_j,observed_coverage_s,signed_error_j
queue,1.5,201,RECORDED_B2_REPLAY_V1,0.0,0.009284923,idle,resident_idle,0.011378054955422035,0.021155617091293325,0.009284923,-0.00977756213587129
queue,1.5,201,RECORDED_B2_REPLAY_V1,0.009284923,0.204210077,detection:CPU,detection_CPU,0.3765830037941924,0.45125545080553786,0.194925154,-0.07467244701134546
queue,1.5,201,RECORDED_B2_REPLAY_V1,0.204210077,0.470064923,classification:GPU+detection:CPU,classification_GPU+detection_CPU,0.6186489728489963,0.6215168221828177,0.265854846,-0.0028678493338213373
queue,1.5,201,RECORDED_B2_REPLAY_V1,0.470064923,0.627472615,detection:CPU,detection_CPU,0.3041016526459743,0.3526406627728665,0.157407692,-0.04853901012689221
queue,1.5,201,RECORDED_B2_REPLAY_V1,0.627472615,0.759005769,idle,resident_idle,0.16118512287845477,0.2851265399753668,0.131533154,-0.12394141709691203
queue,1.5,201,RECORDED_B2_REPLAY_V1,0.759005769,1.007848539,detection:CPU,detection_CPU,0.48074840971559446,0.5156423840811619,0.24884277,-0.03489397436556746
queue,1.5,201,RECORDED_B2_REPLAY_V1,1.007848539,1.299485769,classification:GPU+detection:CPU,classification_GPU+detection_CPU,0.6786450407002413,0.5646361146300762,0.29163722999999997,0.1140089260701651
queue,1.5,201,RECORDED_B2_REPLAY_V1,1.299485769,1.380690154,detection:CPU,detection_CPU,0.1568817086816826,0.14801605115279154,0.081204385,0.008865657528891069
queue,1.5,201,RECORDED_B2_REPLAY_V1,1.380690154,1.507591923,idle,resident_idle,0.1555096689140309,0.22056812496947267,0.126901769,-0.06505845605544178
queue,1.5,201,RECORDED_B2_REPLAY_V1,1.507591923,1.806601231,detection:CPU,detection_CPU,0.5776669714420893,0.46790161429928834,0.299009308,0.109765357142801
queue,1.5,201,RECORDED_B2_REPLAY_V1,1.806601231,2.083888616,classification:GPU+detection:CPU,classification_GPU+detection_CPU,0.6452526952028331,0.3689033500310067,0.277287385,0.2763493451718264
queue,1.5,201,RECORDED_B2_REPLAY_V1,2.083888616,2.125971,detection:CPU,detection_CPU,0.0813004902052849,0.050519076746147355,0.042082384,0.030781413459137548
queue,1.5,201,RECORDED_B2_REPLAY_V1,2.125971,2.259112539,idle,resident_idle,0.16315609161125733,0.1503432770981286,0.133141539,0.012812814513128712
queue,1.5,201,RECORDED_B2_REPLAY_V1,2.259112539,2.606689846,detection:CPU,detection_CPU,0.6714972574589124,0.4735063997522056,0.347577307,0.19799085770670682
queue,1.5,201,RECORDED_B2_REPLAY_V1,2.606689846,2.874054692,classification:GPU+detection:CPU,classification_GPU+detection_CPU,0.6221627698064607,0.5303862086722899,0.267364846,0.09177656113417076
queue,1.5,201,RECORDED_B2_REPLAY_V1,2.874054692,2.874941231,detection:CPU,detection_CPU,0.001712736980065429,0.0019999021051417417,0.000886539,-0.0002871651250763126
queue,1.5,201,RECORDED_B2_REPLAY_V1,2.874941231,2.983411692,idle,resident_idle,0.1329233280984622,0.25672561492207785,0.108470461,-0.12380228682361566
queue,1.5,201,RECORDED_B2_REPLAY_V1,2.983411692,3.406960308,detection:CPU,detection_CPU,0.818268996038105,1.2053636115260522,0.423548616,-0.3870946154879472
queue,1.5,201,RECORDED_B2_REPLAY_V1,3.406960308,3.686251308,classification:GPU+detection:CPU,classification_GPU+detection_CPU,0.6499151430776219,0.7507445965536172,0.279291,-0.10082945347599537
queue,1.5,201,RECORDED_B2_REPLAY_V1,3.686251308,3.716975077,detection:CPU,detection_CPU,0.059356368228898726,0.07513107523013104,0.030723769,-0.01577470700123232
queue,1.5,201,RECORDED_B2_REPLAY_V1,3.716975077,3.719916923,idle,resident_idle,0.003605036407775277,0.0071163879213269636,0.002941846,-0.0035113515135516866
queue,1.5,201,RECORDED_B2_REPLAY_V1,3.719916923,4.206451693,detection:CPU,detection_CPU,0.9399542407795997,0.9905279619449058,0.48653477,-0.05057372116530612
queue,1.5,201,RECORDED_B2_REPLAY_V1,4.206451693,4.347739616,classification:GPU+detection:CPU,classification_GPU+detection_CPU,0.32877951918137377,0.22103118946884842,0.14128792299999998,0.10774832971252535
queue,1.5,201,RECORDED_B2_REPLAY_V1,4.347739616,4.353873846,classification:GPU,classification_GPU,0.009880966830718369,0.009275217418736314,0.00613423,0.0006057494119820553
queue,1.5,201,RECORDED_B2_REPLAY_V1,4.353873846,4.513733462,classification:GPU+detection:CPU,classification_GPU+detection_CPU,0.37199618034585374,0.23583537314563252,0.159859616,0.13616080720022122
queue,1.5,201,RECORDED_B2_REPLAY_V1,4.513733462,4.972120308,detection:CPU,detection_CPU,0.885574241313288,0.6134537814590427,0.458386846,0.27212045985424527
queue,1.5,201,RECORDED_B2_REPLAY_V1,4.972120308,5.041002462,idle,resident_idle,0.08441049362066233,0.08413734552556862,0.068882154,0.0002731480950937115
queue,1.5,201,RECORDED_B2_REPLAY_V1,5.041002462,5.65536977,detection:CPU,detection_CPU,1.1869185763454206,0.717259338626325,0.614367308,0.4696592377190957
queue,1.5,201,RECORDED_B2_REPLAY_V1,5.65536977,5.673757846,idle,resident_idle,0.02253336287791251,0.02309649213726055,0.018388076,-0.0005631292593480386
queue,1.5,201,RECORDED_B2_REPLAY_V1,5.673757846,6.297278385,detection:CPU,detection_CPU,1.204602036656562,0.8641288869403858,0.6235205389999999,0.34047314971617615
queue,1.5,201,RECORDED_B2_REPLAY_V1,6.297278385,6.30425077,idle,resident_idle,0.008544193602936847,0.010649636865250329,0.006972385,-0.002105443262313482
queue,1.5,201,RECORDED_B2_REPLAY_V1,6.30425077,6.929548847,detection:CPU,detection_CPU,1.2080361270531161,1.1623047416245627,0.625298077,0.045731385428553484
queue,1.5,201,RECORDED_B2_REPLAY_V1,6.929548847,6.932768616,idle,resident_idle,0.003945612540433182,0.007045604668708243,0.003219769,-0.003099992128275061
queue,1.5,201,RECORDED_B2_REPLAY_V1,6.932768616,7.566473462,detection:CPU,detection_CPU,1.2242774702418155,1.5126983806801904,0.633704846,-0.2884209104383748
queue,1.5,201,RECORDED_B2_REPLAY_V1,7.566473462,7.568328539,idle,resident_idle,0.002273273354290661,0.004178563467382226,0.001855077,-0.0019052901130915652
queue,1.5,201,RECORDED_B2_REPLAY_V1,7.568328539,8.184321231,detection:CPU,detection_CPU,1.1900587148882322,1.185638626107015,0.615992692,0.004420088781217135
queue,1.5,201,RECORDED_B2_REPLAY_V1,8.184321231,8.186871616,idle,resident_idle,0.0031253270153641212,0.004072076131155194,0.002550385,-0.0009467491157910731
queue,1.5,201,RECORDED_B2_REPLAY_V1,8.186871616,8.808113462,detection:CPU,detection_CPU,1.2001997466644514,1.0154541793580731,0.621241846,0.18474556730637826
queue,1.5,201,RECORDED_B2_REPLAY_V1,8.808113462,8.810886154,idle,resident_idle,0.0033977494428835027,0.005006460806227715,0.002772692,-0.001608711363344212
queue,1.5,201,RECORDED_B2_REPLAY_V1,8.810886154,9.459722385,detection:CPU,detection_CPU,1.2535103439778843,1.2764439580313953,0.648836231,-0.02293361405351102
queue,1.5,201,RECORDED_B2_REPLAY_V1,9.459722385,9.462730693,idle,resident_idle,0.003686481163800341,0.0059313176220030595,0.003008308,-0.0022448364582027184
queue,1.5,201,RECORDED_B2_REPLAY_V1,9.462730693,10.092611924,detection:CPU,detection_CPU,1.216890489174957,1.1176424535559104,0.629881231,0.0992480356190466
queue,1.5,201,RECORDED_B2_REPLAY_V1,10.092611924,10.095602078,idle,resident_idle,0.003664234645476771,0.004715772550642337,0.002990154,-0.0010515379051655662
queue,1.5,201,RECORDED_B2_REPLAY_V1,10.095602078,10.721854385,detection:CPU,detection_CPU,1.2098796387412505,0.9713053653575359,0.626252307,0.23857427338371462
queue,1.5,201,RECORDED_B2_REPLAY_V1,10.721854385,10.724492539,idle,resident_idle,0.0032328820812904373,0.004391730814515549,0.002638154,-0.0011588487332251114
queue,1.5,201,RECORDED_B2_REPLAY_V1,10.724492539,11.375439693,detection:CPU,detection_CPU,1.257588512997153,1.173705798232326,0.650947154,0.0838827147648269
queue,1.5,201,RECORDED_B2_REPLAY_V1,11.375439693,11.378349847,idle,resident_idle,0.0035661999717977624,0.005339746455984091,0.002910154,-0.0017735464841863286
queue,1.5,201,RECORDED_B2_REPLAY_V1,11.378349847,12.01349377,detection:CPU,detection_CPU,1.2270576755063998,0.9969507730194033,0.635143923,0.2301069024869965
queue,1.5,201,RECORDED_B2_REPLAY_V1,12.01349377,120.0,idle,resident_idle,132.33027374906223,132.95498459044904,107.98650623,-0.6247108413868148
