family,policy,conditions,arrival_seeds,planned,completed,deadline_met,delta_j,delta_ap_area,delta_peak,delta_p95,service_worse,j_worse,heat_worse,all_guard,strict_model_improvement,eft_improvement_ceiling_j,candidate_gap_to_bound_j,host_callback_total_s,mean_host_callback_p95_ms,max_host_callback_ms
low,CPU_REFERENCE,24,8,576,576,576,0.0,0.0,0.0,0.0,0,0,0,24,0,0.2594811027768576,0.2594811027768576,,,
low,SPLIT_REFERENCE,24,8,576,576,576,0.2855510426356318,1.7888165608430624,0.04738612115257723,137.87470399999998,0,24,24,0,0,0.2594811027768576,0.5450321454124895,,,
low,EFT_REFERENCE,24,8,576,576,576,0.0,0.0,0.0,0.0,0,0,0,24,0,0.2594811027768576,0.2594811027768576,,,
low,ECO_EDF_V1,24,8,576,576,576,0.0,0.0,0.0,0.0,0,0,0,24,0,0.2594811027768576,0.2594811027768576,0.0272390004247427,0.076299998909235,0.27189997490495443
low,LLF_EFT_V1,24,8,576,576,576,0.0,0.0,0.0,0.0,0,0,0,24,0,0.2594811027768576,0.2594811027768576,0.032056099036708474,0.0760791590437293,0.2047000452876091
low,RESERVED_BACKFILL_V1,24,8,576,576,576,0.0,0.0,0.0,0.0,0,0,0,24,0,0.2594811027768576,0.2594811027768576,0.022172901080921292,0.05487083884266516,0.19729998894035816
low,PARETO_MPC_V1,24,8,576,576,576,-0.040147849929798696,0.7143247110992449,0.019280712575518038,1216.8640604166667,0,0,24,0,0,0.2594811027768576,0.21933325284705893,12.265085399150848,5.9769333408136545,32.94669999741018
low,THERMAL_MPC_V1,24,8,576,576,576,-0.040147849929798696,0.7143247110992449,0.019280712575518038,1216.8640604166667,0,0,24,0,0,0.2594811027768576,0.21933325284705893,12.826329595060088,6.03144580963999,32.85139997024089
low,PPO_seed11,24,8,576,576,576,0.0,0.0,0.0,0.0,0,0,0,24,0,0.2594811027768576,0.2594811027768576,,,
low,PPO_seed23,24,8,576,576,576,0.0,0.0,0.0,0.0,0,0,0,24,0,0.2594811027768576,0.2594811027768576,,,
low,PPO_seed37,24,8,576,576,576,0.0,0.0,0.0,0.0,0,0,0,24,0,0.2594811027768576,0.2594811027768576,,,
queue,CPU_REFERENCE,24,8,576,576,456,0.16534659913423985,-2.381751790553872,-0.08606349059424279,401.97590045833334,24,24,0,0,0,0.0941344988063797,0.2594810979406195,,,
queue,SPLIT_REFERENCE,24,8,576,576,522,-0.061490739712178076,1.2332223986392303,0.03965064889234796,60.872322916666675,0,3,21,3,0,0.0941344988063797,0.03264375909420162,,,
queue,EFT_REFERENCE,24,8,576,576,499,0.0,0.0,0.0,0.0,0,0,0,24,0,0.0941344988063797,0.0941344988063797,,,
queue,ECO_EDF_V1,24,8,576,576,456,0.16534659913423985,-2.381751790553872,-0.08606349059424279,401.97590045833334,24,24,0,0,0,0.0941344988063797,0.2594810979406195,0.6739531987113878,0.3872999902038525,22.990999976173043
queue,LLF_EFT_V1,24,8,576,576,499,0.0,0.0,0.0,0.0,0,0,0,24,0,0.0941344988063797,0.0941344988063797,0.6268876990070567,0.34142917138524354,1.2443000450730324
queue,RESERVED_BACKFILL_V1,24,8,576,576,504,-0.03467008064297398,0.49046201447047605,0.014126512365971955,45.16098883333334,0,0,12,12,0,0.0941344988063797,0.05946441816340572,2.23703090287745,1.9113666494376957,5.511899944394827
queue,PARETO_MPC_V1,24,8,576,576,496,-4.3349028070830777e-11,0.003695538336006887,0.002163102285510495,16.736253374999993,3,0,9,15,0,0.0941344988063797,0.09413449876303066,15.146341296494938,7.878441659462017,41.45880008582026
queue,THERMAL_MPC_V1,24,8,576,576,496,-4.3349028070830777e-11,0.003695538336006887,0.002163102285510495,16.736253374999993,3,0,9,15,0,0.0941344988063797,0.09413449876303066,15.45695880393032,8.278524993026318,36.94350004661828
queue,PPO_seed11,24,8,576,576,515,-0.0418586730276805,0.7022330889759254,0.019747958209797318,23.64343783333334,0,2,16,8,0,0.0941344988063797,0.05227582577869919,,,
queue,PPO_seed23,24,8,576,576,511,-0.030160393499543876,0.557533589282719,0.014088328633133695,70.44556091666666,0,3,19,5,0,0.0941344988063797,0.06397410530683582,,,
queue,PPO_seed37,24,8,576,576,515,-0.0418586730276805,0.7022330889759254,0.019747958209797318,23.64343783333334,0,2,16,8,0,0.0941344988063797,0.05227582577869919,,,
burst,CPU_REFERENCE,24,8,576,576,489,0.18905651078048655,-2.6915864709540274,-0.09197574649619122,184.9634727083333,24,24,0,0,0,0.0704245870145428,0.2594810977950293,,,
burst,SPLIT_REFERENCE,24,8,576,576,543,-0.04370711043275103,0.9542952774383795,0.0350932418719497,129.93556,0,2,21,3,0,0.0704245870145428,0.02671747658179176,,,
burst,EFT_REFERENCE,24,8,576,576,534,0.0,0.0,0.0,0.0,0,0,0,24,0,0.0704245870145428,0.0704245870145428,,,
burst,ECO_EDF_V1,24,8,576,576,489,0.18905651078048655,-2.6915864709540274,-0.09197574649619122,184.9634727083333,24,24,0,0,0,0.0704245870145428,0.2594810977950293,0.6402010965393856,0.3910708425488944,1.0976999765262008
burst,LLF_EFT_V1,24,8,576,576,534,0.0,0.0,0.0,0.0,0,0,0,24,0,0.0704245870145428,0.0704245870145428,0.5858155051246285,0.3160125100597118,1.0690001072362065
burst,RESERVED_BACKFILL_V1,24,8,576,576,534,0.0,0.0,0.0,0.0,0,0,0,24,0,0.0704245870145428,0.0704245870145428,2.3574723991332576,1.9605625081264104,20.71579999756068
burst,PARETO_MPC_V1,24,8,576,576,501,0.027029281080440153,-0.4331056487053206,-0.010398641445828213,258.9748774583333,21,12,9,3,0,0.0704245870145428,0.09745386809498295,15.905484598944895,8.211166660961075,45.9017000393942
burst,THERMAL_MPC_V1,24,8,576,576,501,0.027029281080440153,-0.4331056487053206,-0.010398641445828213,258.9748774583333,21,12,9,3,0,0.0704245870145428,0.09745386809498295,15.759082501288503,8.197649998085884,50.420999992638826
burst,PPO_seed11,24,8,576,576,537,-0.02534201413863239,0.5886258430679844,0.022168149935914244,66.03848675,0,5,16,8,0,0.0704245870145428,0.04508257287591041,,,
burst,PPO_seed23,24,8,576,576,537,-0.02534201413863239,0.5886258430679844,0.022168149935914244,66.03848675,0,5,16,8,0,0.0704245870145428,0.04508257287591041,,,
burst,PPO_seed37,24,8,576,576,537,-0.02534201413863239,0.5886258430679844,0.022168149935914244,66.03848675,0,5,16,8,0,0.0704245870145428,0.04508257287591041,,,
sustained,CPU_REFERENCE,24,8,4608,4608,4608,1.803178768168003,-34.67668249334533,-0.5274926126762375,438.352549625,0,24,0,0,0,2.3485188001687605,4.151697568336764,,,
sustained,SPLIT_REFERENCE,24,8,4608,4608,4608,1.2214257072054562,19.10040722274572,0.21690597242940987,0.0,0,24,24,0,0,2.3485188001687605,3.569944507374217,,,
sustained,EFT_REFERENCE,24,8,4608,4608,4608,0.0,0.0,0.0,0.0,0,0,0,24,0,2.3485188001687605,2.3485188001687605,,,
sustained,ECO_EDF_V1,24,8,4608,4608,4608,1.803178768157294,-34.67668249355534,-0.5274926126782221,438.352549625,0,24,0,0,0,2.3485188001687605,4.151697568326054,2.485658995923586,0.17242499355537197,0.9865000611171126
sustained,LLF_EFT_V1,24,8,4608,4608,4608,0.0,0.0,0.0,0.0,0,0,0,24,0,2.3485188001687605,2.3485188001687605,1.5466584026580676,0.15116251112582782,58.296100003644824
sustained,RESERVED_BACKFILL_V1,24,8,4608,4608,4608,0.0,0.0,0.0,0.0,0,0,0,24,0,2.3485188001687605,2.3485188001687605,1.700898792827502,0.21495833546699336,0.8610999211668968
sustained,PARETO_MPC_V1,24,8,4608,4608,4141,-1.3850269473808214,18.921336808365595,0.19732230722896618,2746.13552825,24,0,24,0,0,2.3485188001687605,0.9634918527879393,117.11690020002425,7.634258339142737,64.69779997132719
sustained,THERMAL_MPC_V1,24,8,4608,4608,4141,-1.3850269473808214,18.921336808365595,0.19732230722896618,2746.13552825,24,0,24,0,0,2.3485188001687605,0.9634918527879393,115.9729470894672,7.593449990963563,49.250700045377016
sustained,PPO_seed11,24,8,4608,4608,4608,-0.18039841484083632,9.549086216523454,0.115170596246843,0.0,0,0,24,0,0,2.3485188001687605,2.1681203853279243,,,
sustained,PPO_seed23,24,8,4608,4608,4608,0.6165437048568213,-9.139038327604151,-0.09829866767839694,405.670478,0,24,3,0,0,2.3485188001687605,2.965062505025582,,,
sustained,PPO_seed37,24,8,4608,4608,4608,0.7615497216152735,-11.775237068041902,-0.3680862101089943,368.42401129166666,0,24,0,0,0,2.3485188001687605,3.1100685217840343,,,
all,CPU_REFERENCE,96,8,6336,6336,6129,0.5393954695206823,-9.937505188713308,-0.17638296244166787,256.32298069791665,48,72,0,24,0,0.6931397471916352,1.2325352167123176,,,
all,SPLIT_REFERENCE,96,8,6336,6336,6249,0.3504447249240397,5.769185364916598,0.08475899608657118,82.17064672916666,0,53,90,6,0,0.6931397471916352,1.0435844721156748,,,
all,EFT_REFERENCE,96,8,6336,6336,6217,0.0,0.0,0.0,0.0,0,0,0,96,0,0.6931397471916352,0.6931397471916352,,,
all,ECO_EDF_V1,96,8,6336,6336,6129,0.5393954695180051,-9.93750518876581,-0.17638296244216403,256.32298069791665,48,72,0,24,0,0.6931397471916352,1.2325352167096402,3.8270522915991023,0.25677395630433847,22.990999976173043
all,LLF_EFT_V1,96,8,6336,6336,6217,0.0,0.0,0.0,0.0,0,0,0,96,0,0.6931397471916352,0.6931397471916352,2.7914177058264613,0.22117083790362813,58.296100003644824
all,RESERVED_BACKFILL_V1,96,8,6336,6336,6222,-0.008667520160743495,0.12261550361761901,0.0035316280914929887,11.290247208333335,0,0,12,84,0,0.6931397471916352,0.6844722270308917,6.317574995919131,1.035439582968441,20.71579999756068
all,PARETO_MPC_V1,96,8,6336,6336,5714,-0.34953637906838225,4.801562852273881,0.05209187016104163,1059.677679875,48,12,66,18,0,0.6931397471916352,0.34360336812325293,160.43381149461493,7.425200000094871,64.69779997132719
all,THERMAL_MPC_V1,96,8,6336,6336,5714,-0.34953637906838225,4.801562852273881,0.05209187016104163,1059.677679875,48,12,66,18,0,0.6931397471916352,0.34360336812325293,160.0153179897461,7.525267697928939,50.420999992638826
all,PPO_seed11,96,8,6336,6336,6236,-0.0618997755017873,2.709986287141841,0.03927167609813864,22.420481145833335,0,7,56,40,0,0.6931397471916352,0.6312399716898479,,,
all,PPO_seed23,96,8,6336,6336,6232,0.14026032430466126,-1.9982197238133619,-0.01551054727733725,135.53863141666668,0,32,38,37,0,0.6931397471916352,0.8334000714962965,,,
all,PPO_seed37,96,8,6336,6336,6236,0.17358725861224014,-2.6210945339994978,-0.08154252549082068,114.52648396875,0,31,32,40,0,0.6931397471916352,0.8667270058038753,,,
