start_s,end_s,state
0.0,35.008447772,idle
35.008447772,35.084081925,detection:CPU
35.084081925,35.388204002,classification:GPU+detection:CPU
35.388204002,35.517335079,detection:CPU
35.517335079,35.631179772,classification:GPU+detection:CPU
35.631179772,35.806804695,classification:GPU
35.806804695,35.829119464,idle
35.829119464,36.475648695,detection:CPU
36.475648695,36.479077618,idle
36.479077618,36.731458541,detection:CPU
36.731458541,36.98181331,classification:GPU+detection:CPU
36.98181331,37.088462772,detection:CPU
37.088462772,37.195025849,idle
37.195025849,37.829145233,detection:CPU
37.829145233,37.832731464,idle
37.832731464,38.046296002,detection:CPU
38.046296002,38.312876002,classification:GPU+detection:CPU
38.312876002,38.463835464,detection:CPU
38.463835464,38.467289003,idle
38.467289003,38.572066464,classification:GPU
38.572066464,38.752777003,classification:GPU+detection:CPU
38.752777003,39.181774233,detection:CPU
39.181774233,39.275813541,idle
39.275813541,39.686043387,detection:CPU
39.686043387,39.905021003,classification:GPU+detection:CPU
39.905021003,39.93647331,classification:GPU
39.93647331,39.974606541,idle
39.974606541,40.617545003,detection:CPU
40.617545003,40.620946464,idle
40.620946464,41.248124618,detection:CPU
41.248124618,41.251102157,idle
41.251102157,41.858863387,detection:CPU
41.858863387,41.859272618,idle
41.859272618,42.47979331,detection:CPU
42.47979331,42.493860695,idle
42.493860695,43.131518464,detection:CPU
43.131518464,43.13313508,idle
43.13313508,43.738310849,detection:CPU
43.738310849,43.760279157,idle
43.760279157,44.394445234,detection:CPU
44.394445234,44.39705608,idle
44.39705608,45.016380388,detection:CPU
45.016380388,45.018965618,idle
45.018965618,45.644289311,detection:CPU
45.644289311,45.646784311,idle
45.646784311,46.254902234,detection:CPU
46.254902234,46.263926157,idle
46.263926157,46.884998772,detection:CPU
46.884998772,120.0,idle
