label,local_time,waited_s,SKIN,AP,BAT,thermal_status,soc,plugged,upper_pass,lower_skin_ge_29.1,lower_bat_ge_27.5,lower_pass,lower_policy,action
01_smokeN,2026-10-05T23:56:24,0,28.8,27.0,26.5,0,97,False,True,False,False,False,upper_only,run_upper_only
02_smokeG,2026-10-06T00:04:02,0,30.1,28.7,27.8,0,97,False,True,True,True,True,upper_only,run_upper_only
03_NAe_b1,2026-10-06T00:13:41,0,30.3,29.2,28.1,0,96,False,True,True,True,True,required,run
04_GBe_b1,2026-10-06T00:45:43,0,30.1,28.6,28.0,0,92,False,True,True,True,True,required,run
05_NBe_b1,2026-10-06T01:19:55,0,30.4,29.1,28.3,0,87,False,True,True,True,True,required,run
06_GAe_b1,2026-10-06T01:52:44,0,30.2,28.6,28.1,0,82,False,True,True,True,True,mark,run
07_GAe_b2,2026-10-06T02:22:56,0,29.6,28.2,27.5,0,78,False,True,True,True,True,required,run
08_NBe_b2,2026-10-06T02:52:37,0,29.8,28.3,27.7,0,74,False,True,True,True,True,required,run
09_GBe_b2,2026-10-06T03:23:39,0,30.4,29.0,28.5,0,70,False,True,True,True,True,required,run
10_NAe_b2,2026-10-06T03:54:21,0,31.0,29.7,29.2,0,65,False,True,True,True,True,mark,run
11_NIe_b1,2026-10-06T04:31:25,0,29.5,27.9,27.3,0,60,False,True,True,False,False,required,not_run_lower_required
12_GIe_b1,2026-10-06T04:31:26,0,29.3,27.7,27.2,0,60,False,True,True,False,False,mark,run_marked_lower_fail
13_NIe_b1,2026-10-06T05:11:25,0,30.2,28.8,28.2,0,52,False,True,True,True,True,mark,run
