case,period_ms,t,observed_j
sampling_0_1000ms,1000,1,1.2252537147868823
sampling_0_1000ms,1000,2,2.8229747960873697
sampling_0_1000ms,1000,3,3.9839711040648282
sampling_0_1000ms,1000,4,5.072779538083216
sampling_0_1000ms,1000,5,6.5947285650948375
sampling_0_1000ms,1000,6,7.662722370856302
sampling_0_1000ms,1000,7,8.830177417765402
sampling_0_1000ms,1000,8,9.814765273078686
sampling_0_1000ms,1000,9,10.7551333329719
sampling_0_1000ms,1000,10,11.677982151388013
sampling_0_1000ms,1000,11,12.718101120865972
sampling_0_1000ms,1000,12,14.128054161541035
sampling_0_1000ms,1000,13,15.080660118000019
sampling_0_1000ms,1000,14,16.069241856361383
sampling_0_1000ms,1000,15,17.190493551362902
sampling_0_1000ms,1000,16,18.112623350117016
sampling_0_1000ms,1000,17,19.011175599332873
sampling_0_1000ms,1000,18,19.88721744819399
sampling_0_1000ms,1000,19,20.93116540252067
sampling_0_1000ms,1000,20,22.2926137259593
sampling_0_1000ms,1000,21,23.805344046433984
sampling_0_1000ms,1000,22,25.002597136071774
sampling_0_1000ms,1000,23,26.342083017757865
sampling_0_1000ms,1000,24,28.041325145506477
sampling_0_1000ms,1000,25,29.82283689822487
sampling_0_1000ms,1000,26,30.86032520482172
sampling_0_1000ms,1000,27,31.95859623117054
sampling_0_1000ms,1000,28,33.59659281699373
sampling_0_1000ms,1000,29,34.730281442807446
sampling_0_1000ms,1000,30,36.24137654657286
sampling_0_1000ms,1000,31,37.20358354901328
sampling_0_1000ms,1000,32,38.26288279400938
sampling_0_1000ms,1000,33,39.63410863353755
sampling_0_1000ms,1000,34,40.65183078028108
sampling_0_1000ms,1000,35,41.75901291717269
sampling_0_1000ms,1000,36,43.84092288822552
sampling_0_1000ms,1000,37,46.43536835921586
sampling_0_1000ms,1000,38,48.97083848136124
sampling_0_1000ms,1000,39,50.67551389129559
sampling_0_1000ms,1000,40,52.25196851506407
sampling_0_1000ms,1000,41,53.753766457144756
sampling_0_1000ms,1000,42,55.40121971755455
sampling_0_1000ms,1000,43,57.35313853417227
sampling_0_1000ms,1000,44,59.77232951949052
sampling_0_1000ms,1000,45,61.92932201820013
sampling_0_1000ms,1000,46,63.69089243892997
sampling_0_1000ms,1000,47,65.54924152903803
sampling_0_1000ms,1000,48,67.20178194976366
sampling_0_1000ms,1000,49,69.16303114387912
sampling_0_1000ms,1000,50,70.62397702299418
sampling_0_1000ms,1000,51,72.13495955306256
sampling_0_1000ms,1000,52,74.02152531288648
sampling_0_1000ms,1000,53,76.64788537539417
sampling_0_1000ms,1000,54,78.81068524376978
sampling_0_1000ms,1000,55,80.39431218999464
sampling_0_1000ms,1000,56,81.92622551890001
sampling_0_1000ms,1000,57,84.10220531479922
sampling_0_1000ms,1000,58,85.70280593977066
sampling_0_1000ms,1000,59,87.34598451014759
sampling_0_1000ms,1000,60,89.15541039277458
sampling_0_1000ms,1000,61,90.91750788056038
sampling_0_1000ms,1000,62,92.61096508607874
sampling_0_1000ms,1000,63,94.8915000729871
sampling_0_1000ms,1000,64,96.58619261356696
sampling_0_1000ms,1000,65,98.67363357235936
sampling_0_1000ms,1000,66,100.241546125439
sampling_0_1000ms,1000,67,102.21907308378536
sampling_0_1000ms,1000,68,103.78844619349562
sampling_0_1000ms,1000,69,105.36951856955345
sampling_0_1000ms,1000,70,106.92880267485884
sampling_0_1000ms,1000,71,108.4008244125266
sampling_0_1000ms,1000,72,109.88624038341993
sampling_0_1000ms,1000,73,111.7399332417065
sampling_0_1000ms,1000,74,113.25976035798443
sampling_0_1000ms,1000,75,114.89029014145322
sampling_0_1000ms,1000,76,116.60693582656793
sampling_0_1000ms,1000,77,118.19912165579615
sampling_0_1000ms,1000,78,120.30352424386123
sampling_0_1000ms,1000,79,122.26704054947899
sampling_0_1000ms,1000,80,124.05459662787565
sampling_0_1000ms,1000,81,126.29677000867139
sampling_0_1000ms,1000,82,128.1851248793328
sampling_0_1000ms,1000,83,130.27603830268362
sampling_0_1000ms,1000,84,132.16353492487613
sampling_0_1000ms,1000,85,133.46699748241335
sampling_0_1000ms,1000,86,135.30615844318692
sampling_0_1000ms,1000,87,136.38168318017193
sampling_0_1000ms,1000,88,137.37396862068044
sampling_0_1000ms,1000,89,138.32752991982602
sampling_0_1000ms,1000,90,139.39754829688462
sampling_0_1000ms,1000,91,140.792010744537
sampling_0_1000ms,1000,92,142.204392351954
sampling_0_1000ms,1000,93,144.00916899967226
sampling_0_1000ms,1000,94,145.0467862696747
sampling_0_1000ms,1000,95,145.96016886692192
sampling_0_1000ms,1000,96,146.94567689031746
sampling_0_1000ms,1000,97,148.06423914500073
sampling_0_1000ms,1000,98,149.15400902456142
sampling_0_1000ms,1000,99,150.62505315086636
sampling_0_1000ms,1000,100,151.70903065572125
sampling_0_1000ms,1000,101,153.29972014365205
sampling_0_1000ms,1000,102,155.0085834247182
sampling_0_1000ms,1000,103,155.89624351405456
sampling_0_1000ms,1000,104,156.8329118617969
sampling_0_1000ms,1000,105,157.78014631491519
sampling_0_1000ms,1000,106,158.7418249155733
sampling_0_1000ms,1000,107,159.86176922934965
sampling_0_1000ms,1000,108,160.89970803515388
sampling_0_1000ms,1000,109,161.9205549336348
sampling_0_1000ms,1000,110,163.05007312411382
sampling_0_1000ms,1000,111,164.0975650427837
sampling_0_1000ms,1000,112,165.34173583811685
sampling_0_1000ms,1000,113,166.3250851067104
sampling_0_1000ms,1000,114,167.3204581661835
sampling_0_1000ms,1000,115,168.23224185591172
sampling_0_1000ms,1000,116,169.13890573984756
sampling_0_1000ms,1000,117,170.66944811673838
sampling_0_1000ms,1000,118,172.0329519023935
sampling_0_1000ms,1000,119,172.98910305411215
sampling_0_1000ms,1000,120,173.8143246280883
sampling_1_900ms,900,1,1.0756003537176055
sampling_1_900ms,900,2,2.6254881897590123
sampling_1_900ms,900,3,3.8695982537008082
sampling_1_900ms,900,4,5.089684283711893
sampling_1_900ms,900,5,6.380990845793173
sampling_1_900ms,900,6,7.156290924901
sampling_1_900ms,900,7,7.955172448584177
sampling_1_900ms,900,8,8.841669207492235
sampling_1_900ms,900,9,9.77313284913815
sampling_1_900ms,900,10,10.992357772586704
sampling_1_900ms,900,11,12.114025880483892
sampling_1_900ms,900,12,13.587824065216694
sampling_1_900ms,900,13,14.66230236116735
sampling_1_900ms,900,14,15.79245722780422
sampling_1_900ms,900,15,16.706704467735285
sampling_1_900ms,900,16,17.655552837905386
sampling_1_900ms,900,17,18.900826183057085
sampling_1_900ms,900,18,19.98406555021544
sampling_1_900ms,900,19,21.19849871874819
sampling_1_900ms,900,20,23.08380093142049
sampling_1_900ms,900,21,24.332520544347826
sampling_1_900ms,900,22,25.75291149760355
sampling_1_900ms,900,23,26.75464251415609
sampling_1_900ms,900,24,28.162348808604094
sampling_1_900ms,900,25,29.734885386320546
sampling_1_900ms,900,26,30.850990727330444
sampling_1_900ms,900,27,32.34066727161655
sampling_1_900ms,900,28,33.84599015693388
sampling_1_900ms,900,29,34.92609822201214
sampling_1_900ms,900,30,35.80227990390644
sampling_1_900ms,900,31,36.773463625267404
sampling_1_900ms,900,32,37.8933204941909
sampling_1_900ms,900,33,39.25231982580548
sampling_1_900ms,900,34,40.4423983775241
sampling_1_900ms,900,35,41.420766799553036
sampling_1_900ms,900,36,42.93596775028847
sampling_1_900ms,900,37,44.40163787242575
sampling_1_900ms,900,38,46.442381174369714
sampling_1_900ms,900,39,48.102721726575396
sampling_1_900ms,900,40,49.415749041606944
sampling_1_900ms,900,41,50.78293799589162
sampling_1_900ms,900,42,52.675019995994624
sampling_1_900ms,900,43,54.43739387450035
sampling_1_900ms,900,44,56.23560247421219
sampling_1_900ms,900,45,58.29806400050448
sampling_1_900ms,900,46,60.34555388761769
sampling_1_900ms,900,47,62.96887287143205
sampling_1_900ms,900,48,64.4791840494718
sampling_1_900ms,900,49,65.8264139061073
sampling_1_900ms,900,50,67.07400674152717
sampling_1_900ms,900,51,68.64306880444745
sampling_1_900ms,900,52,70.69255937657097
sampling_1_900ms,900,53,72.42024355151673
sampling_1_900ms,900,54,74.56284972813104
sampling_1_900ms,900,55,76.21896975330829
sampling_1_900ms,900,56,78.077586479258
sampling_1_900ms,900,57,80.31823373897876
sampling_1_900ms,900,58,81.95874489788301
sampling_1_900ms,900,59,83.80997752987663
sampling_1_900ms,900,60,85.75351500339752
sampling_1_900ms,900,61,87.40676742558394
sampling_1_900ms,900,62,89.34967745742148
sampling_1_900ms,900,63,91.06263794853517
sampling_1_900ms,900,64,92.9116147130697
sampling_1_900ms,900,65,94.65395880344143
sampling_1_900ms,900,66,96.59982520376865
sampling_1_900ms,900,67,98.20552341623323
sampling_1_900ms,900,68,100.19739518476194
sampling_1_900ms,900,69,102.10615155848927
sampling_1_900ms,900,70,104.19325169216415
sampling_1_900ms,900,71,106.68394447768779
sampling_1_900ms,900,72,108.92994427564672
sampling_1_900ms,900,73,111.30194284461608
sampling_1_900ms,900,74,113.06780096572781
sampling_1_900ms,900,75,115.06894377197247
sampling_1_900ms,900,76,116.43219228830344
sampling_1_900ms,900,77,117.85591346779755
sampling_1_900ms,900,78,119.58052038991548
sampling_1_900ms,900,79,121.1301101448897
sampling_1_900ms,900,80,123.14322501069195
sampling_1_900ms,900,81,124.93786155837667
sampling_1_900ms,900,82,126.63661213470841
sampling_1_900ms,900,83,128.9802916329871
sampling_1_900ms,900,84,130.43158087713465
sampling_1_900ms,900,85,131.36379405074652
sampling_1_900ms,900,86,132.30580154193353
sampling_1_900ms,900,87,133.23760703359963
sampling_1_900ms,900,88,134.1561688410945
sampling_1_900ms,900,89,135.06889858201316
sampling_1_900ms,900,90,136.00689822589413
sampling_1_900ms,900,91,136.91591936689514
sampling_1_900ms,900,92,137.67495507553505
sampling_1_900ms,900,93,139.1348680171458
sampling_1_900ms,900,94,141.2954420085171
sampling_1_900ms,900,95,142.88521867894266
sampling_1_900ms,900,96,144.19293622533044
sampling_1_900ms,900,97,145.1305784008134
sampling_1_900ms,900,98,146.51252328443263
sampling_1_900ms,900,99,147.5678316237219
sampling_1_900ms,900,100,148.46414476678544
sampling_1_900ms,900,101,150.16866455561745
sampling_1_900ms,900,102,151.42916682885044
sampling_1_900ms,900,103,152.64426635542256
sampling_1_900ms,900,104,153.58835063128018
sampling_1_900ms,900,105,154.5172901851472
sampling_1_900ms,900,106,155.4448672372236
sampling_1_900ms,900,107,156.43650349851671
sampling_1_900ms,900,108,158.02475699497546
sampling_1_900ms,900,109,159.08886933555507
sampling_1_900ms,900,110,160.0166996632526
sampling_1_900ms,900,111,160.98273622112976
sampling_1_900ms,900,112,161.9803696380039
sampling_1_900ms,900,113,163.02786857623482
sampling_1_900ms,900,114,163.82583229788304
sampling_1_900ms,900,115,164.67704771977304
sampling_1_900ms,900,116,165.59420150040893
sampling_1_900ms,900,117,166.5038131603175
sampling_1_900ms,900,118,167.46796524237627
sampling_1_900ms,900,119,168.40030199593346
sampling_1_900ms,900,120,169.61430441175756
remaining_0_900ms,900,1,1.3119931297201712
remaining_0_900ms,900,2,2.863457986015112
remaining_0_900ms,900,3,3.7851638429547796
remaining_0_900ms,900,4,4.588007883871314
remaining_0_900ms,900,5,5.534133509473527
remaining_0_900ms,900,6,6.98711672682665
remaining_0_900ms,900,7,8.606399710463165
remaining_0_900ms,900,8,9.715151681428333
remaining_0_900ms,900,9,10.807477809725086
remaining_0_900ms,900,10,11.762486457845647
remaining_0_900ms,900,11,12.529839988043978
remaining_0_900ms,900,12,13.519261226100122
remaining_0_900ms,900,13,14.75985179937451
remaining_0_900ms,900,14,15.97040154566142
remaining_0_900ms,900,15,17.016824284799373
remaining_0_900ms,900,16,18.02326361600742
remaining_0_900ms,900,17,18.95693745607727
remaining_0_900ms,900,18,19.995771907556385
remaining_0_900ms,900,19,21.45778135664756
remaining_0_900ms,900,20,22.561800918171294
remaining_0_900ms,900,21,23.881396685887207
remaining_0_900ms,900,22,25.022074271855754
remaining_0_900ms,900,23,26.061344989176106
remaining_0_900ms,900,24,27.00176997278052
remaining_0_900ms,900,25,27.891375467633846
remaining_0_900ms,900,26,28.84441577646616
remaining_0_900ms,900,27,29.855910542201293
remaining_0_900ms,900,28,31.152088120626782
remaining_0_900ms,900,29,31.936106857313845
remaining_0_900ms,900,30,32.839432004531794
remaining_0_900ms,900,31,33.778535245079674
remaining_0_900ms,900,32,34.70604818010364
remaining_0_900ms,900,33,35.8298245554956
remaining_0_900ms,900,34,37.6075751521244
remaining_0_900ms,900,35,39.166403834772446
remaining_0_900ms,900,36,40.63957704787361
remaining_0_900ms,900,37,42.4589220852943
remaining_0_900ms,900,38,44.514204518625306
remaining_0_900ms,900,39,46.957845205672776
remaining_0_900ms,900,40,48.514789920610085
remaining_0_900ms,900,41,50.30012895208208
remaining_0_900ms,900,42,52.54111858652365
remaining_0_900ms,900,43,54.40259891413613
remaining_0_900ms,900,44,56.26650366997985
remaining_0_900ms,900,45,57.90872264075473
remaining_0_900ms,900,46,59.33529525998913
remaining_0_900ms,900,47,60.851902991622474
remaining_0_900ms,900,48,62.760849391757105
remaining_0_900ms,900,49,65.20608556169573
remaining_0_900ms,900,50,66.80745934891284
remaining_0_900ms,900,51,68.09967398403637
remaining_0_900ms,900,52,69.8426390607318
remaining_0_900ms,900,53,71.64826706988976
remaining_0_900ms,900,54,74.06047112511219
remaining_0_900ms,900,55,76.30805992707998
remaining_0_900ms,900,56,78.2806010631505
remaining_0_900ms,900,57,79.58702604983637
remaining_0_900ms,900,58,80.88356659226734
remaining_0_900ms,900,59,82.61599970151256
remaining_0_900ms,900,60,85.02065683486595
remaining_0_900ms,900,61,86.77853699495368
remaining_0_900ms,900,62,88.32853223448805
remaining_0_900ms,900,63,90.29581406767927
remaining_0_900ms,900,64,92.1808059076614
remaining_0_900ms,900,65,94.71247540604074
remaining_0_900ms,900,66,96.3099533537906
remaining_0_900ms,900,67,97.80883398741997
remaining_0_900ms,900,68,98.93879522579432
remaining_0_900ms,900,69,100.3829412415388
remaining_0_900ms,900,70,102.27141946507503
remaining_0_900ms,900,71,103.91982779666736
remaining_0_900ms,900,72,105.39289911180295
remaining_0_900ms,900,73,106.86482043904992
remaining_0_900ms,900,74,108.68064500880908
remaining_0_900ms,900,75,111.36540016539067
remaining_0_900ms,900,76,112.74841593146202
remaining_0_900ms,900,77,114.1403107828554
remaining_0_900ms,900,78,115.90315227596659
remaining_0_900ms,900,79,118.05829428579635
remaining_0_900ms,900,80,120.19947339954342
remaining_0_900ms,900,81,122.03957914919513
remaining_0_900ms,900,82,124.13514228971296
remaining_0_900ms,900,83,125.68211925827346
remaining_0_900ms,900,84,127.20160216687279
remaining_0_900ms,900,85,128.7113798090901
remaining_0_900ms,900,86,130.32525786590614
remaining_0_900ms,900,87,131.47828392667566
remaining_0_900ms,900,88,132.3281634064757
remaining_0_900ms,900,89,133.040484154565
remaining_0_900ms,900,90,133.9191223187785
remaining_0_900ms,900,91,135.0902934350845
remaining_0_900ms,900,92,136.60993704171983
remaining_0_900ms,900,93,137.4713548265924
remaining_0_900ms,900,94,138.41157378443685
remaining_0_900ms,900,95,139.35381861500676
remaining_0_900ms,900,96,140.33940281757486
remaining_0_900ms,900,97,141.2780716961422
remaining_0_900ms,900,98,142.545760901405
remaining_0_900ms,900,99,143.69022415377447
remaining_0_900ms,900,100,144.70530438981487
remaining_0_900ms,900,101,145.62050289698107
remaining_0_900ms,900,102,146.5343981693018
remaining_0_900ms,900,103,147.4582802781445
remaining_0_900ms,900,104,148.53786713046696
remaining_0_900ms,900,105,149.81881960938594
remaining_0_900ms,900,106,151.19967626458185
remaining_0_900ms,900,107,152.79640446931194
remaining_0_900ms,900,108,153.9130288416129
remaining_0_900ms,900,109,154.98846592577883
remaining_0_900ms,900,110,156.632337434711
remaining_0_900ms,900,111,158.20327858444833
remaining_0_900ms,900,112,159.43975126344952
remaining_0_900ms,900,113,160.75994120077283
remaining_0_900ms,900,114,162.16980267407763
remaining_0_900ms,900,115,163.49547030247888
remaining_0_900ms,900,116,164.50561216323743
remaining_0_900ms,900,117,166.01730270598904
remaining_0_900ms,900,118,167.08435358611197
remaining_0_900ms,900,119,168.45135273966181
remaining_0_900ms,900,120,170.84615524309334
remaining_1_1000ms,1000,1,1.1403456553735065
remaining_1_1000ms,1000,2,2.193329182039179
remaining_1_1000ms,1000,3,3.0667935414210663
remaining_1_1000ms,1000,4,3.949585178179884
remaining_1_1000ms,1000,5,4.998084436989367
remaining_1_1000ms,1000,6,5.9798526550804905
remaining_1_1000ms,1000,7,7.062730936715488
remaining_1_1000ms,1000,8,8.130411457235033
remaining_1_1000ms,1000,9,9.106926675233938
remaining_1_1000ms,1000,10,10.462808698517504
remaining_1_1000ms,1000,11,11.683987620695538
remaining_1_1000ms,1000,12,12.68849188962616
remaining_1_1000ms,1000,13,13.710629085586426
remaining_1_1000ms,1000,14,14.65384175676529
remaining_1_1000ms,1000,15,15.572892165493412
remaining_1_1000ms,1000,16,16.493133487886173
remaining_1_1000ms,1000,17,17.52962142337532
remaining_1_1000ms,1000,18,18.56710979992381
remaining_1_1000ms,1000,19,19.694397576490204
remaining_1_1000ms,1000,20,20.811441898273895
remaining_1_1000ms,1000,21,21.799287405398616
remaining_1_1000ms,1000,22,23.110940456050994
remaining_1_1000ms,1000,23,24.524879643413655
remaining_1_1000ms,1000,24,25.710460794196784
remaining_1_1000ms,1000,25,26.653999291967388
remaining_1_1000ms,1000,26,27.575023890797905
remaining_1_1000ms,1000,27,28.873354609259902
remaining_1_1000ms,1000,28,30.20490055446726
remaining_1_1000ms,1000,29,31.300778876483882
remaining_1_1000ms,1000,30,32.34700189243791
remaining_1_1000ms,1000,31,33.40503261894915
remaining_1_1000ms,1000,32,34.536087737877736
remaining_1_1000ms,1000,33,35.45800416050361
remaining_1_1000ms,1000,34,36.28352692040694
remaining_1_1000ms,1000,35,37.01573250223944
remaining_1_1000ms,1000,36,37.96007075429359
remaining_1_1000ms,1000,37,39.61283959301284
remaining_1_1000ms,1000,38,41.54009291156671
remaining_1_1000ms,1000,39,43.49822253297851
remaining_1_1000ms,1000,40,45.53020842715831
remaining_1_1000ms,1000,41,47.30926120859705
remaining_1_1000ms,1000,42,49.28629453292911
remaining_1_1000ms,1000,43,51.63138476431479
remaining_1_1000ms,1000,44,53.54211438031697
remaining_1_1000ms,1000,45,55.59202977265261
remaining_1_1000ms,1000,46,57.684911923377214
remaining_1_1000ms,1000,47,59.3659179477788
remaining_1_1000ms,1000,48,60.80451547092715
remaining_1_1000ms,1000,49,62.60284283743606
remaining_1_1000ms,1000,50,64.430210625369
remaining_1_1000ms,1000,51,66.03441145804884
remaining_1_1000ms,1000,52,67.74141093411157
remaining_1_1000ms,1000,53,69.82169370534557
remaining_1_1000ms,1000,54,71.71559184651471
remaining_1_1000ms,1000,55,73.70619985146973
remaining_1_1000ms,1000,56,75.7187866566193
remaining_1_1000ms,1000,57,77.39648524474161
remaining_1_1000ms,1000,58,79.10625201362848
remaining_1_1000ms,1000,59,81.10530569676912
remaining_1_1000ms,1000,60,82.89749807371629
remaining_1_1000ms,1000,61,84.30796516905735
remaining_1_1000ms,1000,62,85.93737014853505
remaining_1_1000ms,1000,63,87.69217927410136
remaining_1_1000ms,1000,64,89.65552658322532
remaining_1_1000ms,1000,65,91.86819849417715
remaining_1_1000ms,1000,66,93.8114344704001
remaining_1_1000ms,1000,67,95.82905554774428
remaining_1_1000ms,1000,68,97.89255932355672
remaining_1_1000ms,1000,69,100.07464486864278
remaining_1_1000ms,1000,70,102.36478023412933
remaining_1_1000ms,1000,71,104.57879431607348
remaining_1_1000ms,1000,72,106.58618752683682
remaining_1_1000ms,1000,73,108.27969012626725
remaining_1_1000ms,1000,74,110.06202019467628
remaining_1_1000ms,1000,75,112.1457492087786
remaining_1_1000ms,1000,76,114.29018371543243
remaining_1_1000ms,1000,77,116.53269269631548
remaining_1_1000ms,1000,78,118.61838283281529
remaining_1_1000ms,1000,79,120.76300436943758
remaining_1_1000ms,1000,80,122.70266404087258
remaining_1_1000ms,1000,81,124.54221119068421
remaining_1_1000ms,1000,82,126.63771588039788
remaining_1_1000ms,1000,83,128.37653798168168
remaining_1_1000ms,1000,84,130.12027832202952
remaining_1_1000ms,1000,85,131.6273968288986
remaining_1_1000ms,1000,86,132.65224544463902
remaining_1_1000ms,1000,87,133.41340922056614
remaining_1_1000ms,1000,88,134.23150597612022
remaining_1_1000ms,1000,89,135.01724992267472
remaining_1_1000ms,1000,90,136.15966054430794
remaining_1_1000ms,1000,91,137.40677227004636
remaining_1_1000ms,1000,92,138.4056883199417
remaining_1_1000ms,1000,93,139.42447459908112
remaining_1_1000ms,1000,94,140.65431702035315
remaining_1_1000ms,1000,95,142.33173408760294
remaining_1_1000ms,1000,96,143.7194054889748
remaining_1_1000ms,1000,97,144.70968211139248
remaining_1_1000ms,1000,98,145.66147620117644
remaining_1_1000ms,1000,99,146.61820965793797
remaining_1_1000ms,1000,100,147.8822745373938
remaining_1_1000ms,1000,101,149.2004778807152
remaining_1_1000ms,1000,102,150.2499648153334
remaining_1_1000ms,1000,103,151.20083816118256
remaining_1_1000ms,1000,104,152.17764074415558
remaining_1_1000ms,1000,105,153.03835095694123
remaining_1_1000ms,1000,106,154.06562228401393
remaining_1_1000ms,1000,107,155.56627703596646
remaining_1_1000ms,1000,108,156.8402099760644
remaining_1_1000ms,1000,109,157.81494202582553
remaining_1_1000ms,1000,110,158.7792643017323
remaining_1_1000ms,1000,111,159.75155677013487
remaining_1_1000ms,1000,112,160.85404064584037
remaining_1_1000ms,1000,113,161.93089784653588
remaining_1_1000ms,1000,114,163.15912886019416
remaining_1_1000ms,1000,115,164.34248944723902
remaining_1_1000ms,1000,116,165.77426893458482
remaining_1_1000ms,1000,117,167.06080857005804
remaining_1_1000ms,1000,118,168.3594623695221
remaining_1_1000ms,1000,119,169.58454752644263
remaining_1_1000ms,1000,120,170.545658814411
