policy,condition,seed,family,context,baseline,passed,delta_incomplete,delta_urgent_failure,delta_normal_failure,delta_urgent_p95_ms,delta_energy_j,delta_peak_ap_c,delta_normal_mean_ms
OriginalV2,0,825060101,low,mean,Band,False,0,0,0,0.0,0.0,0.00482026713488537,138.8888888888889
OriginalV2,0,825060101,low,mean,Triton,True,0,0,0,-137.874704,-0.2855510426356318,-0.012679240708333595,138.8888888888889
OriginalV2,1,825060101,low,short_context,Band,False,0,0,0,0.0,0.0,0.00481458048477279,138.8888888888889
OriginalV2,1,825060101,low,short_context,Triton,True,0,0,0,-130.42854999999997,-0.2636374739105918,-0.010893484420282817,138.8888888888889
OriginalV2,2,825060101,low,long_context,Band,False,0,0,0,0.0,0.0,0.004825651331014313,138.8888888888889
OriginalV2,2,825060101,low,long_context,Triton,True,0,0,0,-145.320858,-0.3074646113606718,-0.014465906462017841,138.8888888888889
OriginalV2,3,825060101,queue,mean,Band,True,0,0,0,0.0,0.0,-0.0016098277910714387,197.9065969999997
OriginalV2,3,825060101,queue,mean,Triton,True,0,0,0,0.0,-0.0188408960557922,-0.004816735795955651,197.9065969999997
OriginalV2,4,825060101,queue,short_context,Band,True,0,0,0,0.0,0.0,-0.00321182074407389,197.90659700000015
OriginalV2,4,825060101,queue,short_context,Triton,True,0,0,0,0.0,-0.017490186662769247,-0.0060722177465954985,197.90659700000015
OriginalV2,5,825060101,queue,long_context,Band,False,0,0,0,-0.04596399999991263,-0.0007998724800017953,0.00013557358190041668,196.11716311111104
OriginalV2,5,825060101,queue,long_context,Triton,True,0,0,0,0.0,-0.020191605448815153,-0.0036504863672846,197.90659700000015
OriginalV2,6,825060101,burst,mean,Band,True,0,0,0,0.0,0.0,-0.016298670753194244,13.888888888889142
OriginalV2,6,825060101,burst,mean,Triton,False,0,0,0,0.0,0.01961314086230459,-0.02540606675919932,99.79698561111127
OriginalV2,7,825060101,burst,short_context,Band,True,0,0,0,0.0,0.0,-0.0178872394662406,13.888888888889142
OriginalV2,7,825060101,burst,short_context,Triton,False,0,0,0,0.0,0.020963850255327543,-0.02664812446987952,99.79698561111127
OriginalV2,8,825060101,burst,long_context,Band,True,0,0,0,0.0,0.0,-0.014798317039439013,13.888888888889142
OriginalV2,8,825060101,burst,long_context,Triton,False,0,0,0,0.0,0.018262430756323056,-0.024252344350351507,99.79698561111127
OriginalV2,9,825060101,sustained,mean,Band,True,0,0,0,0.0,-1.0700133032680128,-0.001675053153753936,353.67403588541663
OriginalV2,9,825060101,sustained,mean,Triton,True,0,0,0,0.0,-2.5520509848539916,-0.07550157791059675,353.67403588541663
OriginalV2,10,825060101,sustained,short_context,Band,True,0,0,0,0.0,-1.08321109823828,-0.006095569993728844,353.8322206562499
OriginalV2,10,825060101,sustained,short_context,Triton,True,0,0,0,0.0,-2.4460392926773693,-0.07221657594209319,353.8322206562499
OriginalV2,11,825060101,sustained,long_context,Band,False,0,0,0,0.0,-1.058045822555897,0.0027341893358894254,353.5355137708332
OriginalV2,11,825060101,sustained,long_context,Triton,True,0,0,0,0.0,-2.659751706858202,-0.07880873455664172,353.5355137708332
OriginalV2,12,825060102,low,mean,Band,False,0,0,0,0.0,0.0,0.00453541185703088,125.0
OriginalV2,12,825060102,low,mean,Triton,True,0,0,0,-137.874704,-0.2855510426356318,-0.01665402014548789,125.0
OriginalV2,13,825060102,low,short_context,Band,False,0,0,0,0.0,0.0,0.004530061264162555,125.0
OriginalV2,13,825060102,low,short_context,Triton,True,0,0,0,-130.42854999999997,-0.2636374739105918,-0.014491315216599077,125.0
OriginalV2,14,825060102,low,long_context,Band,False,0,0,0,0.0,0.0,0.004540477869667825,125.0
OriginalV2,14,825060102,low,long_context,Triton,True,0,0,0,-145.320858,-0.3074646113606718,-0.01881774314579232,125.0
OriginalV2,15,825060102,queue,mean,Band,True,0,0,0,0.0,0.0,-0.032612172577987764,13.888888888889142
OriginalV2,15,825060102,queue,mean,Triton,False,0,0,0,80.99681399999997,0.0,-0.032552608686657436,13.888888888889142
OriginalV2,16,825060102,queue,short_context,Band,True,0,0,0,0.0,0.0,-0.03259432140523799,13.888888888889142
OriginalV2,16,825060102,queue,short_context,Triton,False,0,0,0,88.72018500000001,0.0,-0.03253157396733286,13.888888888889142
OriginalV2,17,825060102,queue,long_context,Band,True,0,0,0,0.0,0.0,-0.03262908303761236,13.888888888888687
OriginalV2,17,825060102,queue,long_context,Triton,False,0,0,0,73.27344300000004,-1.7487877812527586e-10,-0.0325729502275216,13.888888888888687
OriginalV2,18,825060102,burst,mean,Band,True,0,0,0,0.0,0.0,-0.032612172577991316,13.888888888889142
OriginalV2,18,825060102,burst,mean,Triton,True,0,0,0,0.0,0.0,-0.032612172577991316,13.888888888889142
OriginalV2,19,825060102,burst,short_context,Band,True,0,0,0,0.0,0.0,-0.032594321405241544,13.888888888889142
OriginalV2,19,825060102,burst,short_context,Triton,True,0,0,0,0.0,0.0,-0.032594321405241544,13.888888888889142
OriginalV2,20,825060102,burst,long_context,Band,True,0,0,0,0.0,0.0,-0.03262908303760881,13.888888888889142
OriginalV2,20,825060102,burst,long_context,Triton,True,0,0,0,0.0,0.0,-0.03262908303760881,13.888888888889142
OriginalV2,21,825060102,sustained,mean,Band,True,0,0,0,0.0,-0.9379669450710821,-0.002007288054606704,856.46005275
OriginalV2,21,825060102,sustained,mean,Triton,True,0,0,0,0.0,-2.6136695510747927,-0.037397122122602156,856.46005275
OriginalV2,22,825060102,sustained,short_context,Band,True,0,0,0,0.0,-0.9497744461233708,-0.005130110789028919,860.9749624374998
OriginalV2,22,825060102,sustained,short_context,Triton,True,0,0,0,0.0,-2.49853205951635,-0.03568756325248046,860.9749624374998
OriginalV2,23,825060102,sustained,long_context,Band,True,0,0,0,0.0,-0.8907167716023139,-0.0015241825768441686,838.1254899375
OriginalV2,23,825060102,sustained,long_context,Triton,True,0,0,0,0.0,-2.6936378914136867,-0.04168209262634548,838.1254899375
ExecutionPrefix,0,825060101,low,mean,Band,False,0,0,0,0.0,0.0,0.004106034739972841,111.11111111111109
ExecutionPrefix,0,825060101,low,mean,Triton,True,0,0,0,-137.874704,-0.2855510426356318,-0.013393473103246123,111.11111111111109
ExecutionPrefix,1,825060101,low,short_context,Band,False,0,0,0,0.0,0.0,0.004101190698378332,111.11111111111109
ExecutionPrefix,1,825060101,low,short_context,Triton,True,0,0,0,-130.42854999999997,-0.2636374739105918,-0.011606874206677276,111.11111111111109
ExecutionPrefix,2,825060101,low,long_context,Band,False,0,0,0,0.0,0.0,0.004110621143119886,111.11111111111109
ExecutionPrefix,2,825060101,low,long_context,Triton,True,0,0,0,-145.320858,-0.3074646113606718,-0.015180936649912269,111.11111111111109
ExecutionPrefix,3,825060101,queue,mean,Band,True,0,0,0,0.0,0.0,-0.0016098277910714387,197.9065969999997
ExecutionPrefix,3,825060101,queue,mean,Triton,True,0,0,0,0.0,-0.0188408960557922,-0.004816735795955651,197.9065969999997
ExecutionPrefix,4,825060101,queue,short_context,Band,True,0,0,0,0.0,0.0,-0.00321182074407389,197.90659700000015
ExecutionPrefix,4,825060101,queue,short_context,Triton,True,0,0,0,0.0,-0.017490186662769247,-0.0060722177465954985,197.90659700000015
ExecutionPrefix,5,825060101,queue,long_context,Band,False,0,0,0,-0.04596399999991263,-0.0007998724800017953,0.00013557358190041668,196.11716311111104
ExecutionPrefix,5,825060101,queue,long_context,Triton,True,0,0,0,0.0,-0.020191605448815153,-0.0036504863672846,197.90659700000015
ExecutionPrefix,6,825060101,burst,mean,Band,False,0,0,1,0.0,0.0,-0.006859507663001807,194.44444444444434
ExecutionPrefix,6,825060101,burst,mean,Triton,False,0,0,1,0.0,0.01961314086230459,-0.015966903669006882,280.35254116666647
ExecutionPrefix,7,825060101,burst,short_context,Band,False,0,0,1,0.0,0.0,-0.008462466524104428,194.44444444444434
ExecutionPrefix,7,825060101,burst,short_context,Triton,False,0,0,1,0.0,0.020963850255327543,-0.017223351527743347,280.35254116666647
ExecutionPrefix,8,825060101,burst,long_context,Band,False,0,0,1,0.0,0.0,-0.005345521016145938,194.44444444444434
ExecutionPrefix,8,825060101,burst,long_context,Triton,False,0,0,1,0.0,0.018262430756323056,-0.014799548327058432,280.35254116666647
ExecutionPrefix,9,825060101,sustained,mean,Band,False,0,0,0,0.0,-0.8686721817753948,0.015099226436166902,487.75371248958334
ExecutionPrefix,9,825060101,sustained,mean,Triton,True,0,0,0,0.0,-2.3507098633613737,-0.058727298320675914,487.75371248958334
ExecutionPrefix,10,825060101,sustained,short_context,Band,False,0,0,0,0.0,-0.8791996719252495,0.011473993842557206,488.19813634375
ExecutionPrefix,10,825060101,sustained,short_context,Triton,True,0,0,0,0.0,-2.2420278663643387,-0.054647012105807136,488.19813634375
ExecutionPrefix,11,825060101,sustained,long_context,Band,False,0,0,0,0.0,-0.8598761310391865,0.018698342165393456,487.33293994791666
ExecutionPrefix,11,825060101,sustained,long_context,Triton,True,0,0,0,0.0,-2.4615820153414916,-0.0628445817271377,487.33293994791666
ExecutionPrefix,12,825060102,low,mean,Band,False,0,0,0,0.0,0.0,0.0037344075613710004,111.11111111111109
ExecutionPrefix,12,825060102,low,mean,Triton,True,0,0,0,-137.874704,-0.2855510426356318,-0.01745502444114777,111.11111111111109
ExecutionPrefix,13,825060102,low,short_context,Band,False,0,0,0,0.0,0.0,0.003730001945950079,111.11111111111109
ExecutionPrefix,13,825060102,low,short_context,Triton,True,0,0,0,-130.42854999999997,-0.2636374739105918,-0.015291374534811553,111.11111111111109
ExecutionPrefix,14,825060102,low,long_context,Band,False,0,0,0,0.0,0.0,0.0037385788567689815,111.11111111111109
ExecutionPrefix,14,825060102,low,long_context,Triton,True,0,0,0,-145.320858,-0.3074646113606718,-0.019619642158691164,111.11111111111109
ExecutionPrefix,15,825060102,queue,mean,Band,False,0,0,1,0.0,0.0,-0.026081856974755624,235.53790877777783
ExecutionPrefix,15,825060102,queue,mean,Triton,False,0,0,1,80.99681399999997,0.0,-0.026022293083425296,235.53790877777783
ExecutionPrefix,16,825060102,queue,short_context,Band,False,0,0,1,0.0,0.0,-0.02754338102415943,237.78764750000028
ExecutionPrefix,16,825060102,queue,short_context,Triton,False,0,0,1,88.72018500000001,0.0,-0.0274806335862543,237.78764750000028
ExecutionPrefix,17,825060102,queue,long_context,Band,False,0,0,1,0.0,0.0,-0.024702889319662802,233.40789633333316
ExecutionPrefix,17,825060102,queue,long_context,Triton,False,0,0,1,73.27344300000004,-1.7487877812527586e-10,-0.024646756509572043,233.40789633333316
ExecutionPrefix,18,825060102,burst,mean,Band,False,0,0,1,0.0,7.129301593522541e-10,-0.02392078555303101,298.62133622222245
ExecutionPrefix,18,825060102,burst,mean,Triton,False,0,0,1,0.0,7.129301593522541e-10,-0.02392078555303101,298.62133622222245
ExecutionPrefix,19,825060102,burst,short_context,Band,False,0,0,1,0.0,0.0,-0.02543235832272117,299.90690122222213
ExecutionPrefix,19,825060102,burst,short_context,Triton,False,0,0,1,0.0,0.0,-0.02543235832272117,299.90690122222213
ExecutionPrefix,20,825060102,burst,long_context,Band,False,0,0,1,0.0,-7.129301593522541e-10,-0.022494622731024094,297.4041862777781
ExecutionPrefix,20,825060102,burst,long_context,Triton,False,0,0,1,0.0,-7.129301593522541e-10,-0.022494622731024094,297.4041862777781
ExecutionPrefix,21,825060102,sustained,mean,Band,True,0,0,0,0.0,-1.0650656610642955,-0.07175200705881224,1197.0894372604166
ExecutionPrefix,21,825060102,sustained,mean,Triton,True,0,0,0,0.0,-2.740768267068006,-0.10714184112680769,1197.0894372604166
ExecutionPrefix,22,825060102,sustained,short_context,Band,True,0,0,0,0.0,-1.07970119755106,-0.07224045892303721,1225.6799853541665
ExecutionPrefix,22,825060102,sustained,short_context,Triton,True,0,0,0,0.0,-2.628458810944039,-0.10279791138648875,1225.6799853541665
ExecutionPrefix,23,825060102,sustained,long_context,Band,True,0,0,0,0.0,-1.049951353617388,-0.06806214091486495,1196.7185868541665
ExecutionPrefix,23,825060102,sustained,long_context,Triton,True,0,0,0,0.0,-2.8528724734287607,-0.10822005096436627,1196.7185868541665
