index,kind,status,exit,elapsed_s,timeout_s,stdout_bytes,stderr_bytes
0,,returned,0,0.05687589995795861,30,137,0
1,shell getprop ro.product.model,returned,0,0.24249530001543462,30,10,0
2,shell getprop ro.build.fingerprint,returned,0,0.09491419995902106,30,73,0
3,shell pm path,returned,0,0.23118230002000928,30,127,0
4,pull /data/app/~~Q92jVUVG2wgequJmSl_30g==/com.example.d1check.benchmarkrunner.modelprobe-vWQVweSeDRTsaJQ8vw3vuQ==/base.apk C:\Users\LG\Documents\D1Check_Arrival_Extension\separated_power_run_v1\development\installation\preflight\installed-base.apk,returned,0,19.41420489997836,180,0,184
5,devices -l,returned,0,0.0836482000304386,30,137,0
6,shell getprop ro.product.model,returned,0,0.09336180001264438,30,10,0
7,shell getprop ro.build.fingerprint,returned,0,0.09395120001863688,30,73,0
8,shell getprop ro.serialno,returned,0,0.09619569999631494,3,13,0
9,shell ps -A,returned,0,0.2030695999856107,15,75524,0
10,shell dumpsys battery,returned,0,0.13284119998570532,5,11363,0
11,exec-out cat /proc/uptime,returned,0,0.12399380002170801,2,19,0
12,shell dumpsys thermalservice,returned,0,0.10697970003820956,2,1527,0
13,exec-out cat /proc/uptime,returned,0,0.10872019996168092,2,19,0
14,shell sh -c,returned,0,0.25575040001422167,2,76,0
15,shell settings get,returned,0,0.1406120000174269,2,4,0
16,shell settings get,returned,0,0.10659119999036193,2,3,0
17,shell settings get,returned,0,0.13125410000793636,2,10,0
18,shell cat /proc/meminfo,returned,0,0.09629060002043843,3,1423,0
19,shell test -e,nonzero_exit,1,0.09850059996824712,3,0,0
20,push C:\Users\LG\Documents\D1Check_Arrival_Extension\separated_power_build_v1\build\_benchmark-runner\outputs\apk\modelProbe\benchmark-runner-modelProbe.apk /data/local/tmp/d1check-separated-power-study-01-development.apk,returned,0,14.31206809997093,120,0,218
21,shell sha256sum /data/local/tmp/d1check-separated-power-study-01-development.apk,returned,0,0.2199110999936238,5,132,0
22,shell pm install,returned,0,22.593899100029375,120,9,0
23,shell pm path,returned,0,0.14203280000947416,10,127,0
24,shell sha256sum /data/app/~~a4eMK0DmPYa6P-KsUuu86Q==/com.example.d1check.benchmarkrunner.modelprobe-XTyi_navG3OUV43sj782Vw==/base.apk,returned,0,0.2844289000495337,10,185,0
25,shell am force-stop,returned,0,0.15832590003265068,15,0,0
26,shell ps -A,returned,0,0.1566471999976784,15,76378,0
27,shell dumpsys thermalservice,returned,0,0.08094600000185892,15,1527,0
28,devices -l,returned,0,0.04230999998981133,30,137,0
29,shell getprop ro.product.model,returned,0,0.0739799999864772,30,10,0
30,shell getprop ro.build.fingerprint,returned,0,0.07506209996063262,30,73,0
31,shell getprop ro.serialno,returned,0,0.07296630000928417,3,13,0
32,shell ps -A,returned,0,0.12187069997889921,15,76251,0
33,shell dumpsys battery,returned,0,0.0819844999932684,5,11363,0
34,exec-out cat /proc/uptime,returned,0,0.1478773999842815,2,19,0
35,shell dumpsys thermalservice,returned,0,0.07603100000414997,2,1527,0
36,exec-out cat /proc/uptime,returned,0,0.08602649997919798,2,19,0
37,shell sh -c,returned,0,0.16968079999787733,2,76,0
38,shell settings get,returned,0,0.10351879999507219,2,4,0
39,shell settings get,returned,0,0.09262010001111776,2,3,0
40,shell settings get,returned,0,0.09280119999311864,2,10,0
41,shell cat /proc/meminfo,returned,0,0.07722370000556111,3,1423,0
42,shell pm path,returned,0,0.10221679997630417,10,127,0
43,shell sha256sum /data/app/~~a4eMK0DmPYa6P-KsUuu86Q==/com.example.d1check.benchmarkrunner.modelprobe-XTyi_navG3OUV43sj782Vw==/base.apk,returned,0,0.20871939999051392,10,185,0
44,shell run-as com.example.d1check.benchmarkrunner.modelprobe,nonzero_exit,1,0.10753969999495894,30,0,0
45,shell run-as com.example.d1check.benchmarkrunner.modelprobe,nonzero_exit,1,0.10657499998342246,30,0,0
46,shell test -e,nonzero_exit,1,0.07920179999200627,30,0,0
47,shell mkdir -p,returned,0,0.08077040000353009,30,0,0
48,shell run-as com.example.d1check.benchmarkrunner.modelprobe,returned,0,0.09891100000822917,30,0,0
49,push C:\Users\LG\Documents\D1Check_Telemetry_V4\resume_20260920T160724Z\smoke_plan_v2\inputs\4630548c-9d7c-4a54-ac3c-b82e6a1bba62\00575b9132bb3746.png /data/local/tmp/d1check-timing-calibration/d0c95c86-5738-5ee0-8ca2-97509cb9905a/00575b9132bb3746.png.part,returned,0,0.28375259996391833,90,0,208
50,shell run-as com.example.d1check.benchmarkrunner.modelprobe,returned,0,0.12314700003480539,30,0,0
51,shell run-as com.example.d1check.benchmarkrunner.modelprobe,returned,0,0.10138569999253377,30,161,0
52,shell run-as com.example.d1check.benchmarkrunner.modelprobe,returned,0,0.09450240002479404,30,0,0
53,push C:\Users\LG\Documents\D1Check_Telemetry_V4\resume_20260920T160724Z\smoke_plan_v2\inputs\4630548c-9d7c-4a54-ac3c-b82e6a1bba62\anchors.json /data/local/tmp/d1check-timing-calibration/d0c95c86-5738-5ee0-8ca2-97509cb9905a/anchors.json.part,returned,0,0.11783190001733601,90,0,203
54,shell run-as com.example.d1check.benchmarkrunner.modelprobe,returned,0,0.10373499995330349,30,0,0
55,shell run-as com.example.d1check.benchmarkrunner.modelprobe,returned,0,0.11766360001638532,30,153,0
56,shell run-as com.example.d1check.benchmarkrunner.modelprobe,returned,0,0.11337269999785349,30,0,0
57,push C:\Users\LG\Documents\D1Check_Telemetry_V4\resume_20260920T160724Z\smoke_plan_v2\inputs\4630548c-9d7c-4a54-ac3c-b82e6a1bba62\efficientdet_lite0.tflite /data/local/tmp/d1check-timing-calibration/d0c95c86-5738-5ee0-8ca2-97509cb9905a/efficientdet_lite0.tflite.part,returned,0,2.4417608000221662,90,0,215
58,shell run-as com.example.d1check.benchmarkrunner.modelprobe,returned,0,0.148580499982927,30,0,0
59,shell run-as com.example.d1check.benchmarkrunner.modelprobe,returned,0,0.11949599999934435,30,166,0
60,shell run-as com.example.d1check.benchmarkrunner.modelprobe,returned,0,0.11834650003584102,30,0,0
61,push C:\Users\LG\Documents\D1Check_Telemetry_V4\resume_20260920T160724Z\smoke_plan_v2\inputs\4630548c-9d7c-4a54-ac3c-b82e6a1bba62\efficientnet_lite0.tflite /data/local/tmp/d1check-timing-calibration/d0c95c86-5738-5ee0-8ca2-97509cb9905a/efficientnet_lite0.tflite.part,returned,0,3.35380590002751,90,0,215
62,shell run-as com.example.d1check.benchmarkrunner.modelprobe,returned,0,0.16037160000996664,30,0,0
63,shell run-as com.example.d1check.benchmarkrunner.modelprobe,returned,0,0.11569549998966977,30,166,0
64,shell run-as com.example.d1check.benchmarkrunner.modelprobe,returned,0,0.12790869997115806,30,0,0
65,push C:\Users\LG\Documents\D1Check_Telemetry_V4\resume_20260920T160724Z\smoke_plan_v2\inputs\4630548c-9d7c-4a54-ac3c-b82e6a1bba62\labels.txt /data/local/tmp/d1check-timing-calibration/d0c95c86-5738-5ee0-8ca2-97509cb9905a/labels.txt.part,returned,0,0.11669560003792867,90,0,195
66,shell run-as com.example.d1check.benchmarkrunner.modelprobe,returned,0,0.12761939998017624,30,0,0
67,shell run-as com.example.d1check.benchmarkrunner.modelprobe,returned,0,0.10950069996761158,30,151,0
68,shell run-as com.example.d1check.benchmarkrunner.modelprobe,returned,0,0.10778770002070814,30,0,0
69,push C:\Users\LG\Documents\D1Check_Telemetry_V4\resume_20260920T160724Z\smoke_plan_v2\inputs\4630548c-9d7c-4a54-ac3c-b82e6a1bba62\labels_without_background.txt /data/local/tmp/d1check-timing-calibration/d0c95c86-5738-5ee0-8ca2-97509cb9905a/labels_without_background.txt.part,returned,0,0.12077109998790547,90,0,217
70,shell run-as com.example.d1check.benchmarkrunner.modelprobe,returned,0,0.11568029999034479,30,0,0
71,shell run-as com.example.d1check.benchmarkrunner.modelprobe,returned,0,0.11774650000734255,30,170,0
72,shell run-as com.example.d1check.benchmarkrunner.modelprobe,returned,0,0.1250117999734357,30,0,0
73,push C:\Users\LG\Documents\D1Check_Arrival_Extension\separated_power_plan_v1\development\manifests\d0c95c86-5738-5ee0-8ca2-97509cb9905a.json /data/local/tmp/d1check-timing-calibration/d0c95c86-5738-5ee0-8ca2-97509cb9905a/manifest.json.part,returned,0,0.12267620000056922,90,0,198
74,shell run-as com.example.d1check.benchmarkrunner.modelprobe,returned,0,0.11765699996612966,30,0,0
75,shell run-as com.example.d1check.benchmarkrunner.modelprobe,returned,0,0.11134960001800209,30,154,0
76,shell run-as com.example.d1check.benchmarkrunner.modelprobe,returned,0,0.10693489998811856,30,0,0
77,shell am start,returned,0,0.9717796000186354,20,402,0
78,exec-out cat /proc/uptime,returned,0,0.1161889000213705,2,19,0
79,shell dumpsys thermalservice,returned,0,0.09147129999473691,2,1527,0
80,exec-out cat /proc/uptime,returned,0,0.09679739997955039,2,19,0
81,shell sh -c,returned,0,0.19007230002898723,2,76,0
82,shell run-as com.example.d1check.benchmarkrunner.modelprobe,returned,0,0.097950299968943,3,31,0
83,shell run-as com.example.d1check.benchmarkrunner.modelprobe,returned,0,0.24272430001292378,3,31,0
84,shell run-as com.example.d1check.benchmarkrunner.modelprobe,returned,0,0.18928330001654103,3,31,0
85,shell run-as com.example.d1check.benchmarkrunner.modelprobe,returned,0,0.11044359998777509,3,31,0
86,shell run-as com.example.d1check.benchmarkrunner.modelprobe,returned,0,0.1019395999610424,3,31,0
87,exec-out cat /proc/uptime,returned,0,0.08789080003043637,2,19,0
88,shell dumpsys thermalservice,returned,0,0.09205180004937574,2,1527,0
89,exec-out cat /proc/uptime,returned,0,0.10301019996404648,2,19,0
90,shell run-as com.example.d1check.benchmarkrunner.modelprobe,returned,0,0.10697789996629581,3,31,0
91,shell run-as com.example.d1check.benchmarkrunner.modelprobe,returned,0,0.18977499997708946,3,31,0
92,shell run-as com.example.d1check.benchmarkrunner.modelprobe,returned,0,0.0952013999922201,3,31,0
93,shell run-as com.example.d1check.benchmarkrunner.modelprobe,returned,0,0.09996680001495406,3,31,0
94,shell run-as com.example.d1check.benchmarkrunner.modelprobe,returned,0,0.1301742999930866,3,31,0
95,shell run-as com.example.d1check.benchmarkrunner.modelprobe,returned,0,0.10676379996584728,3,31,0
96,exec-out cat /proc/uptime,returned,0,0.11287190002622083,2,19,0
97,shell dumpsys thermalservice,returned,0,0.10896480001974851,2,1527,0
98,exec-out cat /proc/uptime,returned,0,0.10923530004220083,2,19,0
99,shell run-as com.example.d1check.benchmarkrunner.modelprobe,returned,0,0.09650559996953234,3,31,0
100,shell run-as com.example.d1check.benchmarkrunner.modelprobe,returned,0,0.11173170001711696,3,31,0
101,shell run-as com.example.d1check.benchmarkrunner.modelprobe,returned,0,0.11974880000343546,3,31,0
102,shell run-as com.example.d1check.benchmarkrunner.modelprobe,returned,0,0.09921580000082031,3,31,0
103,shell run-as com.example.d1check.benchmarkrunner.modelprobe,returned,0,0.09669509995728731,3,31,0
104,shell run-as com.example.d1check.benchmarkrunner.modelprobe,returned,0,0.1376400000299327,3,44,0
105,exec-out cat /proc/uptime,returned,0,0.12084489996777847,2,19,0
106,shell dumpsys thermalservice,returned,0,0.1115284999832511,2,1527,0
107,exec-out cat /proc/uptime,returned,0,0.0814375999616459,2,19,0
108,shell run-as com.example.d1check.benchmarkrunner.modelprobe,returned,0,0.1154009000165388,3,63,0
109,exec-out run-as com.example.d1check.benchmarkrunner.modelprobe,returned,0,0.13248119998024777,10,111,0
110,exec-out run-as com.example.d1check.benchmarkrunner.modelprobe,returned,0,0.11454999999841675,10,7837,0
111,shell pidof com.example.d1check.benchmarkrunner.modelprobe:model_probe,returned,0,0.11129380000056699,3,7,0
112,logcat -d -v,returned,0,0.3805949999950826,5,1424,0
113,shell run-as com.example.d1check.benchmarkrunner.modelprobe,returned,0,0.11983229999896139,5,0,0
114,shell run-as com.example.d1check.benchmarkrunner.modelprobe,returned,0,0.13209299999289215,3,63,0
115,shell run-as com.example.d1check.benchmarkrunner.modelprobe,returned,0,0.09997849998762831,3,63,0
116,exec-out cat /proc/uptime,returned,0,0.10478880000300705,2,19,0
117,shell dumpsys thermalservice,returned,0,0.10166649997700006,2,1527,0
118,exec-out cat /proc/uptime,returned,0,0.09245569998165593,2,19,0
119,shell sh -c,returned,0,0.1961767000029795,2,76,0
120,shell run-as com.example.d1check.benchmarkrunner.modelprobe,returned,0,0.10904250002931803,3,63,0
121,shell run-as com.example.d1check.benchmarkrunner.modelprobe,returned,0,0.15317080001113936,3,63,0
122,shell run-as com.example.d1check.benchmarkrunner.modelprobe,returned,0,0.10754120000638068,3,63,0
123,shell run-as com.example.d1check.benchmarkrunner.modelprobe,returned,0,0.11138029996072873,3,63,0
124,shell run-as com.example.d1check.benchmarkrunner.modelprobe,returned,0,0.11273729999084026,3,63,0
125,exec-out cat /proc/uptime,returned,0,0.19025450001936406,2,19,0
126,shell dumpsys thermalservice,returned,0,0.087028999987524,2,1527,0
127,exec-out cat /proc/uptime,returned,0,0.10722169996006414,2,19,0
128,shell run-as com.example.d1check.benchmarkrunner.modelprobe,returned,0,0.09661850001430139,3,63,0
129,shell run-as com.example.d1check.benchmarkrunner.modelprobe,returned,0,0.09768690000055358,3,63,0
130,shell run-as com.example.d1check.benchmarkrunner.modelprobe,returned,0,0.11014950001845136,3,63,0
131,shell run-as com.example.d1check.benchmarkrunner.modelprobe,returned,0,0.11793299997225404,3,63,0
132,shell run-as com.example.d1check.benchmarkrunner.modelprobe,returned,0,0.1581492999684997,3,63,0
133,shell run-as com.example.d1check.benchmarkrunner.modelprobe,returned,0,0.09477849997347221,3,63,0
134,exec-out cat /proc/uptime,returned,0,0.08207150001544505,2,19,0
135,shell dumpsys thermalservice,returned,0,0.10281420004321262,2,1527,0
136,exec-out cat /proc/uptime,returned,0,0.10762760002398863,2,19,0
137,shell run-as com.example.d1check.benchmarkrunner.modelprobe,returned,0,0.09159640001598746,3,63,0
138,shell run-as com.example.d1check.benchmarkrunner.modelprobe,returned,0,0.15941760002169758,3,63,0
139,shell run-as com.example.d1check.benchmarkrunner.modelprobe,returned,0,0.10944119998021051,3,63,0
140,shell run-as com.example.d1check.benchmarkrunner.modelprobe,returned,0,0.09889259998453781,3,63,0
141,shell run-as com.example.d1check.benchmarkrunner.modelprobe,returned,0,0.10829980002017692,3,63,0
142,shell run-as com.example.d1check.benchmarkrunner.modelprobe,returned,0,0.16918309999164194,3,63,0
143,exec-out cat /proc/uptime,returned,0,0.11521459999494255,2,19,0
144,shell dumpsys thermalservice,returned,0,0.085210699995514,2,1527,0
145,exec-out cat /proc/uptime,returned,0,0.1023257999913767,2,19,0
146,shell run-as com.example.d1check.benchmarkrunner.modelprobe,returned,0,0.10052239999640733,3,63,0
147,shell run-as com.example.d1check.benchmarkrunner.modelprobe,returned,0,0.09997420001309365,3,63,0
148,shell run-as com.example.d1check.benchmarkrunner.modelprobe,returned,0,0.1508258999674581,3,63,0
149,shell run-as com.example.d1check.benchmarkrunner.modelprobe,returned,0,0.10020169999916106,3,63,0
150,shell run-as com.example.d1check.benchmarkrunner.modelprobe,returned,0,0.11714079999364913,3,63,0
151,shell run-as com.example.d1check.benchmarkrunner.modelprobe,returned,0,0.1041807999718003,3,63,0
152,exec-out cat /proc/uptime,returned,0,0.16266779997386038,2,19,0
153,shell dumpsys thermalservice,returned,0,0.09168110002065077,2,1527,0
154,exec-out cat /proc/uptime,returned,0,0.11764289997518063,2,19,0
155,shell run-as com.example.d1check.benchmarkrunner.modelprobe,returned,0,0.1137816000264138,3,63,0
156,shell sh -c,returned,0,0.19809759996132925,2,76,0
157,shell run-as com.example.d1check.benchmarkrunner.modelprobe,returned,0,0.09256809996441007,3,63,0
158,shell run-as com.example.d1check.benchmarkrunner.modelprobe,returned,0,0.1274760999949649,3,63,0
159,shell run-as com.example.d1check.benchmarkrunner.modelprobe,returned,0,0.11494600004516542,3,63,0
160,shell run-as com.example.d1check.benchmarkrunner.modelprobe,returned,0,0.41301899997051805,3,63,0
161,exec-out cat /proc/uptime,returned,0,0.18001209996873513,2,19,0
162,shell dumpsys thermalservice,returned,0,0.10620089998701587,2,1527,0
163,exec-out cat /proc/uptime,returned,0,0.13075660000322387,2,19,0
164,shell run-as com.example.d1check.benchmarkrunner.modelprobe,returned,0,0.13159199996152893,3,63,0
165,shell run-as com.example.d1check.benchmarkrunner.modelprobe,returned,0,0.10415369999827817,3,63,0
166,shell run-as com.example.d1check.benchmarkrunner.modelprobe,returned,0,0.09330020000925288,3,63,0
167,shell run-as com.example.d1check.benchmarkrunner.modelprobe,returned,0,0.09954729996388778,3,63,0
168,shell run-as com.example.d1check.benchmarkrunner.modelprobe,returned,0,0.17819259996758774,3,63,0
169,shell run-as com.example.d1check.benchmarkrunner.modelprobe,returned,0,0.10369860002538189,3,63,0
170,exec-out cat /proc/uptime,returned,0,0.09266810002736747,2,19,0
171,shell dumpsys thermalservice,returned,0,0.08940450003137812,2,1527,0
172,exec-out cat /proc/uptime,returned,0,0.10272450000047684,2,19,0
173,shell run-as com.example.d1check.benchmarkrunner.modelprobe,returned,0,0.1210404000012204,3,63,0
174,shell run-as com.example.d1check.benchmarkrunner.modelprobe,returned,0,0.144069199974183,3,63,0
175,shell run-as com.example.d1check.benchmarkrunner.modelprobe,returned,0,0.10705900000175461,3,63,0
176,shell run-as com.example.d1check.benchmarkrunner.modelprobe,returned,0,0.09340200002770871,3,63,0
177,shell run-as com.example.d1check.benchmarkrunner.modelprobe,returned,0,0.15797820000443608,3,63,0
178,shell run-as com.example.d1check.benchmarkrunner.modelprobe,returned,0,0.1073945999960415,3,63,0
179,exec-out cat /proc/uptime,returned,0,0.10737139999400824,2,19,0
180,shell dumpsys thermalservice,returned,0,0.09943760000169277,2,1527,0
181,exec-out cat /proc/uptime,returned,0,0.0999611999723129,2,19,0
182,shell run-as com.example.d1check.benchmarkrunner.modelprobe,returned,0,0.09701659996062517,3,63,0
183,shell run-as com.example.d1check.benchmarkrunner.modelprobe,returned,0,0.12349560001166537,3,63,0
184,shell run-as com.example.d1check.benchmarkrunner.modelprobe,returned,0,0.09239220002200454,3,63,0
185,shell run-as com.example.d1check.benchmarkrunner.modelprobe,returned,0,0.09548109996831045,3,63,0
186,shell run-as com.example.d1check.benchmarkrunner.modelprobe,returned,0,0.16193309996742755,3,63,0
187,shell run-as com.example.d1check.benchmarkrunner.modelprobe,returned,0,0.10400930000469089,3,63,0
188,exec-out cat /proc/uptime,returned,0,0.09822529996745288,2,19,0
189,shell dumpsys thermalservice,returned,0,0.11080199998104945,2,1527,0
190,exec-out cat /proc/uptime,returned,0,0.0788697000243701,2,19,0
191,shell run-as com.example.d1check.benchmarkrunner.modelprobe,returned,0,0.107700000051409,3,63,0
192,shell sh -c,returned,0,0.2783239000127651,2,76,0
193,shell run-as com.example.d1check.benchmarkrunner.modelprobe,returned,0,0.09193200001027435,3,63,0
194,shell run-as com.example.d1check.benchmarkrunner.modelprobe,returned,0,0.10542599996551871,3,63,0
195,shell run-as com.example.d1check.benchmarkrunner.modelprobe,returned,0,0.11875069997040555,3,63,0
196,shell run-as com.example.d1check.benchmarkrunner.modelprobe,returned,0,0.11134330002823845,3,63,0
197,exec-out cat /proc/uptime,returned,0,0.15010269999038428,2,19,0
198,shell dumpsys thermalservice,returned,0,0.08707820001291111,2,1527,0
199,exec-out cat /proc/uptime,returned,0,0.08937729999888688,2,19,0
200,shell run-as com.example.d1check.benchmarkrunner.modelprobe,returned,0,0.11908299999777228,3,63,0
201,shell run-as com.example.d1check.benchmarkrunner.modelprobe,returned,0,0.11362219997681677,3,63,0
202,shell run-as com.example.d1check.benchmarkrunner.modelprobe,returned,0,0.10678259999258444,3,63,0
203,shell run-as com.example.d1check.benchmarkrunner.modelprobe,returned,0,0.13218350004171953,3,63,0
204,shell run-as com.example.d1check.benchmarkrunner.modelprobe,returned,0,0.10370109998621047,3,63,0
205,shell run-as com.example.d1check.benchmarkrunner.modelprobe,returned,0,0.10770870000123978,3,63,0
206,exec-out cat /proc/uptime,returned,0,0.12934129999484867,2,19,0
207,shell dumpsys thermalservice,returned,0,0.10294850001810119,2,1527,0
208,exec-out cat /proc/uptime,returned,0,0.08943900000303984,2,19,0
209,shell run-as com.example.d1check.benchmarkrunner.modelprobe,returned,0,0.10173210001084954,3,63,0
210,shell run-as com.example.d1check.benchmarkrunner.modelprobe,returned,0,0.10931129998061806,3,63,0
211,shell run-as com.example.d1check.benchmarkrunner.modelprobe,returned,0,0.1078169000102207,3,63,0
212,shell run-as com.example.d1check.benchmarkrunner.modelprobe,returned,0,0.16504619998158887,3,63,0
213,shell run-as com.example.d1check.benchmarkrunner.modelprobe,returned,0,0.11493520002113655,3,63,0
214,shell run-as com.example.d1check.benchmarkrunner.modelprobe,returned,0,0.11129919998347759,3,84,0
215,exec-out run-as com.example.d1check.benchmarkrunner.modelprobe,returned,0,0.12960990000283346,10,111,0
216,exec-out cat /proc/uptime,returned,0,0.07949319999897853,2,19,0
217,shell dumpsys thermalservice,returned,0,0.08182439999654889,2,1527,0
218,exec-out cat /proc/uptime,returned,0,0.08296199998585507,2,19,0
219,shell run-as com.example.d1check.benchmarkrunner.modelprobe,returned,0,0.12813230004394427,5,0,0
220,shell run-as com.example.d1check.benchmarkrunner.modelprobe,returned,0,0.09220499999355525,3,108,0
221,shell run-as com.example.d1check.benchmarkrunner.modelprobe,returned,0,0.10046230000443757,3,108,0
222,shell run-as com.example.d1check.benchmarkrunner.modelprobe,returned,0,0.08638719998998567,3,108,0
223,shell run-as com.example.d1check.benchmarkrunner.modelprobe,returned,0,0.19177179998951033,3,108,0
224,shell run-as com.example.d1check.benchmarkrunner.modelprobe,returned,0,0.11016430001473054,3,108,0
225,exec-out cat /proc/uptime,returned,0,0.11894059996120632,2,19,0
226,shell dumpsys thermalservice,returned,0,0.10145889996783808,2,1527,0
227,exec-out cat /proc/uptime,returned,0,0.10411670000758022,2,19,0
228,shell run-as com.example.d1check.benchmarkrunner.modelprobe,returned,0,0.1070051999995485,3,108,0
229,shell sh -c,returned,0,0.2722048000432551,2,76,0
230,shell run-as com.example.d1check.benchmarkrunner.modelprobe,returned,0,0.09166900004493073,3,108,0
231,shell run-as com.example.d1check.benchmarkrunner.modelprobe,returned,0,0.09876730001997203,3,108,0
232,shell run-as com.example.d1check.benchmarkrunner.modelprobe,returned,0,0.11974720004945993,3,108,0
233,shell run-as com.example.d1check.benchmarkrunner.modelprobe,returned,0,0.09207260003313422,3,108,0
234,exec-out cat /proc/uptime,returned,0,0.14370359998429194,2,19,0
235,shell dumpsys thermalservice,returned,0,0.10542549996171147,2,1527,0
236,exec-out cat /proc/uptime,returned,0,0.1057637000340037,2,19,0
237,shell run-as com.example.d1check.benchmarkrunner.modelprobe,returned,0,0.0901323999860324,3,108,0
238,shell run-as com.example.d1check.benchmarkrunner.modelprobe,returned,0,0.1303796000429429,3,108,0
239,shell run-as com.example.d1check.benchmarkrunner.modelprobe,returned,0,0.11884739995002747,3,108,0
240,shell run-as com.example.d1check.benchmarkrunner.modelprobe,returned,0,0.09951149998232722,3,108,0
241,shell run-as com.example.d1check.benchmarkrunner.modelprobe,returned,0,0.105919299996458,3,108,0
242,shell run-as com.example.d1check.benchmarkrunner.modelprobe,returned,0,0.14497870003106073,3,108,0
243,exec-out cat /proc/uptime,returned,0,0.11437950003892183,2,19,0
244,shell dumpsys thermalservice,returned,0,0.08398150000721216,2,1527,0
245,exec-out cat /proc/uptime,returned,0,0.10020119999535382,2,19,0
246,shell run-as com.example.d1check.benchmarkrunner.modelprobe,returned,0,0.10577510000439361,3,108,0
247,shell run-as com.example.d1check.benchmarkrunner.modelprobe,returned,0,0.0972372000105679,3,108,0
248,shell run-as com.example.d1check.benchmarkrunner.modelprobe,returned,0,0.17171720002079383,3,108,0
249,shell run-as com.example.d1check.benchmarkrunner.modelprobe,returned,0,0.0859436999890022,3,108,0
250,shell run-as com.example.d1check.benchmarkrunner.modelprobe,returned,0,0.09590519999619573,3,108,0
251,shell run-as com.example.d1check.benchmarkrunner.modelprobe,returned,0,0.10076060000574216,3,108,0
252,exec-out cat /proc/uptime,returned,0,0.17617769999196753,2,19,0
253,shell dumpsys thermalservice,returned,0,0.09398949996102601,2,1527,0
254,exec-out cat /proc/uptime,returned,0,0.09952139999950305,2,19,0
255,shell run-as com.example.d1check.benchmarkrunner.modelprobe,returned,0,0.10221340000862256,3,108,0
256,shell run-as com.example.d1check.benchmarkrunner.modelprobe,returned,0,0.12001849996158853,3,108,0
257,shell run-as com.example.d1check.benchmarkrunner.modelprobe,returned,0,0.09125489997677505,3,108,0
258,shell run-as com.example.d1check.benchmarkrunner.modelprobe,returned,0,0.17365630000131205,3,108,0
259,shell run-as com.example.d1check.benchmarkrunner.modelprobe,returned,0,0.10745589999714866,3,108,0
260,shell run-as com.example.d1check.benchmarkrunner.modelprobe,returned,0,0.11223160004010424,3,108,0
261,exec-out cat /proc/uptime,returned,0,0.07783460000064224,2,19,0
262,shell dumpsys thermalservice,returned,0,0.10008819994982332,2,1527,0
263,exec-out cat /proc/uptime,returned,0,0.09434969996800646,2,19,0
264,shell run-as com.example.d1check.benchmarkrunner.modelprobe,returned,0,0.0975229000323452,3,108,0
265,shell sh -c,returned,0,0.22758309997152537,2,76,0
266,shell run-as com.example.d1check.benchmarkrunner.modelprobe,returned,0,0.10523360001388937,3,108,0
267,shell run-as com.example.d1check.benchmarkrunner.modelprobe,returned,0,0.16744809999363497,3,108,0
268,shell run-as com.example.d1check.benchmarkrunner.modelprobe,returned,0,0.1118449000059627,3,108,0
269,shell run-as com.example.d1check.benchmarkrunner.modelprobe,returned,0,0.0969522999948822,3,108,0
270,exec-out cat /proc/uptime,returned,0,0.13640070002293214,2,19,0
271,shell dumpsys thermalservice,returned,0,0.10626219998812303,2,1527,0
272,exec-out cat /proc/uptime,returned,0,0.10227939998731017,2,19,0
273,shell run-as com.example.d1check.benchmarkrunner.modelprobe,returned,0,0.09067820000927895,3,108,0
274,shell run-as com.example.d1check.benchmarkrunner.modelprobe,returned,0,0.09573300002375618,3,108,0
275,shell run-as com.example.d1check.benchmarkrunner.modelprobe,returned,0,0.09189899999182671,3,108,0
276,shell run-as com.example.d1check.benchmarkrunner.modelprobe,returned,0,0.15845980000449345,3,108,0
277,shell run-as com.example.d1check.benchmarkrunner.modelprobe,returned,0,0.09657689998857677,3,108,0
278,shell run-as com.example.d1check.benchmarkrunner.modelprobe,returned,0,0.10688729997491464,3,108,0
279,exec-out cat /proc/uptime,returned,0,0.11434390000067651,2,19,0
280,shell dumpsys thermalservice,returned,0,0.10900539997965097,2,1527,0
281,exec-out cat /proc/uptime,returned,0,0.09359180001774803,2,19,0
282,shell run-as com.example.d1check.benchmarkrunner.modelprobe,returned,0,0.1079551000148058,3,108,0
283,shell run-as com.example.d1check.benchmarkrunner.modelprobe,returned,0,0.1523530000122264,3,108,0
284,shell run-as com.example.d1check.benchmarkrunner.modelprobe,returned,0,0.10740529996110126,3,108,0
285,shell run-as com.example.d1check.benchmarkrunner.modelprobe,returned,0,0.09756579995155334,3,108,0
286,shell run-as com.example.d1check.benchmarkrunner.modelprobe,returned,0,0.1411454000044614,3,108,0
287,shell run-as com.example.d1check.benchmarkrunner.modelprobe,returned,0,0.09654769999906421,3,108,0
288,exec-out cat /proc/uptime,returned,0,0.0938742000143975,2,19,0
289,shell dumpsys thermalservice,returned,0,0.08320910000475124,2,1527,0
290,exec-out cat /proc/uptime,returned,0,0.09571270004380494,2,19,0
291,shell run-as com.example.d1check.benchmarkrunner.modelprobe,returned,0,0.10316599998623133,3,108,0
292,shell run-as com.example.d1check.benchmarkrunner.modelprobe,returned,0,0.20260740001685917,3,108,0
293,shell run-as com.example.d1check.benchmarkrunner.modelprobe,returned,0,0.0947553000296466,3,108,0
294,shell run-as com.example.d1check.benchmarkrunner.modelprobe,returned,0,0.1092808999819681,3,108,0
295,shell run-as com.example.d1check.benchmarkrunner.modelprobe,returned,0,0.12676640000427142,3,108,0
296,shell run-as com.example.d1check.benchmarkrunner.modelprobe,returned,0,0.09910460002720356,3,108,0
297,exec-out cat /proc/uptime,returned,0,0.08284670003922656,2,19,0
298,shell dumpsys thermalservice,returned,0,0.09208360000047833,2,1527,0
299,exec-out cat /proc/uptime,returned,0,0.10175799997523427,2,19,0
300,shell run-as com.example.d1check.benchmarkrunner.modelprobe,returned,0,0.09558809996815398,3,108,0
301,shell sh -c,returned,0,0.30362129997229204,2,76,0
302,shell run-as com.example.d1check.benchmarkrunner.modelprobe,returned,0,0.10368110000854358,3,108,0
303,shell run-as com.example.d1check.benchmarkrunner.modelprobe,returned,0,0.09631890000309795,3,108,0
304,shell run-as com.example.d1check.benchmarkrunner.modelprobe,returned,0,0.08995490003144369,3,108,0
305,shell run-as com.example.d1check.benchmarkrunner.modelprobe,returned,0,0.13214939995668828,3,108,0
306,exec-out cat /proc/uptime,returned,0,0.09998800000175834,2,19,0
307,shell dumpsys thermalservice,returned,0,0.10162749997107312,2,1527,0
308,exec-out cat /proc/uptime,returned,0,0.09622110001510009,2,19,0
309,shell run-as com.example.d1check.benchmarkrunner.modelprobe,returned,0,0.09636959998169914,3,108,0
310,shell run-as com.example.d1check.benchmarkrunner.modelprobe,returned,0,0.10231680003926158,3,108,0
311,shell run-as com.example.d1check.benchmarkrunner.modelprobe,returned,0,0.14424590003909543,3,108,0
312,shell run-as com.example.d1check.benchmarkrunner.modelprobe,returned,0,0.11053030000766739,3,108,0
313,shell run-as com.example.d1check.benchmarkrunner.modelprobe,returned,0,0.10514729999704286,3,108,0
314,shell run-as com.example.d1check.benchmarkrunner.modelprobe,returned,0,0.09766199998557568,3,108,0
315,exec-out cat /proc/uptime,returned,0,0.1761498000123538,2,19,0
316,shell dumpsys thermalservice,returned,0,0.08908479998353869,2,1527,0
317,exec-out cat /proc/uptime,returned,0,0.12027689995011315,2,19,0
318,shell run-as com.example.d1check.benchmarkrunner.modelprobe,returned,0,0.11478669999632984,3,108,0
319,shell run-as com.example.d1check.benchmarkrunner.modelprobe,returned,0,0.09761749999597669,3,108,0
320,shell run-as com.example.d1check.benchmarkrunner.modelprobe,returned,0,0.1093434999929741,3,108,0
321,shell run-as com.example.d1check.benchmarkrunner.modelprobe,returned,0,0.15552680002292618,3,108,0
322,shell run-as com.example.d1check.benchmarkrunner.modelprobe,returned,0,0.10728920000838116,3,108,0
323,shell run-as com.example.d1check.benchmarkrunner.modelprobe,returned,0,0.10731859999941662,3,108,0
324,exec-out cat /proc/uptime,returned,0,0.11736440000822768,2,19,0
325,shell dumpsys thermalservice,returned,0,0.09107169997878373,2,1527,0
326,exec-out cat /proc/uptime,returned,0,0.10905599995749071,2,19,0
327,shell run-as com.example.d1check.benchmarkrunner.modelprobe,returned,0,0.0882347000297159,3,108,0
328,shell run-as com.example.d1check.benchmarkrunner.modelprobe,returned,0,0.10262810002313927,3,108,0
329,shell run-as com.example.d1check.benchmarkrunner.modelprobe,returned,0,0.14384850003989413,3,108,0
330,shell run-as com.example.d1check.benchmarkrunner.modelprobe,returned,0,0.09004829998593777,3,108,0
331,shell run-as com.example.d1check.benchmarkrunner.modelprobe,returned,0,0.09477519994834438,3,108,0
332,shell run-as com.example.d1check.benchmarkrunner.modelprobe,returned,0,0.16958200000226498,3,108,0
333,exec-out cat /proc/uptime,returned,0,0.10375589999603108,2,19,0
334,shell dumpsys thermalservice,returned,0,0.08943699998781085,2,1527,0
335,exec-out cat /proc/uptime,returned,0,0.09905919997254387,2,19,0
336,shell run-as com.example.d1check.benchmarkrunner.modelprobe,returned,0,0.11829839996062219,3,108,0
337,shell sh -c,returned,0,0.25255610002204776,2,76,0
338,shell run-as com.example.d1check.benchmarkrunner.modelprobe,returned,0,0.09689869999419898,3,108,0
339,shell run-as com.example.d1check.benchmarkrunner.modelprobe,returned,0,0.10536749998573214,3,207,0
340,shell run-as com.example.d1check.benchmarkrunner.modelprobe,returned,0,0.08397149998927489,3,405,0
341,shell run-as com.example.d1check.benchmarkrunner.modelprobe,returned,0,0.09751849999884143,3,702,0
342,exec-out cat /proc/uptime,returned,0,0.1902494000387378,2,19,0
343,shell dumpsys thermalservice,returned,0,0.10158989997580647,2,1527,0
344,exec-out cat /proc/uptime,returned,0,0.09322700003394857,2,19,0
345,shell run-as com.example.d1check.benchmarkrunner.modelprobe,returned,0,0.09323219995712861,3,1197,0
346,shell run-as com.example.d1check.benchmarkrunner.modelprobe,returned,0,0.18348740000510588,3,1450,0
347,shell run-as com.example.d1check.benchmarkrunner.modelprobe,returned,0,0.09510079998290166,3,1692,0
348,shell run-as com.example.d1check.benchmarkrunner.modelprobe,returned,0,0.13589500001398847,3,1890,0
349,shell run-as com.example.d1check.benchmarkrunner.modelprobe,returned,0,0.1287935000145808,3,2088,0
350,exec-out cat /proc/uptime,returned,0,0.08746599999722093,2,19,0
351,shell dumpsys thermalservice,returned,0,0.10259589995257556,2,1527,0
352,exec-out cat /proc/uptime,returned,0,0.08736529998714104,2,19,0
353,shell run-as com.example.d1check.benchmarkrunner.modelprobe,returned,0,0.11019620002480224,3,2583,0
354,shell run-as com.example.d1check.benchmarkrunner.modelprobe,returned,0,0.11634050001157448,3,2781,0
355,shell run-as com.example.d1check.benchmarkrunner.modelprobe,returned,0,0.08768940001027659,3,2979,0
356,shell run-as com.example.d1check.benchmarkrunner.modelprobe,returned,0,0.15690050000557676,3,3276,0
357,shell run-as com.example.d1check.benchmarkrunner.modelprobe,returned,0,0.12360720004653558,3,3276,0
358,exec-out cat /proc/uptime,returned,0,0.09914090001257136,2,19,0
359,shell dumpsys thermalservice,returned,0,0.09403179999208078,2,1527,0
360,exec-out cat /proc/uptime,returned,0,0.0889403999899514,2,19,0
361,shell run-as com.example.d1check.benchmarkrunner.modelprobe,returned,0,0.1027110000140965,3,3276,0
362,shell run-as com.example.d1check.benchmarkrunner.modelprobe,returned,0,0.1421832999913022,3,3276,0
363,shell run-as com.example.d1check.benchmarkrunner.modelprobe,returned,0,0.10648669995134696,3,3276,0
364,shell run-as com.example.d1check.benchmarkrunner.modelprobe,returned,0,0.10815119999460876,3,3276,0
365,shell run-as com.example.d1check.benchmarkrunner.modelprobe,returned,0,0.1197249999968335,3,3276,0
366,shell run-as com.example.d1check.benchmarkrunner.modelprobe,returned,0,0.11344909999752417,3,3276,0
367,exec-out cat /proc/uptime,returned,0,0.11519060004502535,2,19,0
368,shell dumpsys thermalservice,returned,0,0.1004706000094302,2,1527,0
369,exec-out cat /proc/uptime,returned,0,0.10154569998849183,2,19,0
370,shell run-as com.example.d1check.benchmarkrunner.modelprobe,returned,0,0.0947359999991022,3,3276,0
371,shell run-as com.example.d1check.benchmarkrunner.modelprobe,returned,0,0.10654220002470538,3,3276,0
372,shell sh -c,returned,0,0.22886039997683838,2,76,0
373,shell run-as com.example.d1check.benchmarkrunner.modelprobe,returned,0,0.10981439996976405,3,3276,0
374,shell run-as com.example.d1check.benchmarkrunner.modelprobe,returned,0,0.0974487000494264,3,3276,0
375,shell run-as com.example.d1check.benchmarkrunner.modelprobe,returned,0,0.178334399999585,3,3276,0
376,exec-out cat /proc/uptime,returned,0,0.15038920001825318,2,19,0
377,shell dumpsys thermalservice,returned,0,0.09387640003114939,2,1527,0
378,exec-out cat /proc/uptime,returned,0,0.0866377999773249,2,19,0
379,shell run-as com.example.d1check.benchmarkrunner.modelprobe,returned,0,0.1050251999986358,3,3276,0
380,shell run-as com.example.d1check.benchmarkrunner.modelprobe,returned,0,0.110281000030227,3,3276,0
381,shell run-as com.example.d1check.benchmarkrunner.modelprobe,returned,0,0.14328120002755895,3,3276,0
382,shell run-as com.example.d1check.benchmarkrunner.modelprobe,returned,0,0.12086600001202896,3,3276,0
383,shell run-as com.example.d1check.benchmarkrunner.modelprobe,returned,0,0.09201690001646057,3,3276,0
384,shell run-as com.example.d1check.benchmarkrunner.modelprobe,returned,0,0.11886079999385402,3,3276,0
385,exec-out cat /proc/uptime,returned,0,0.10669270000653341,2,19,0
386,shell dumpsys thermalservice,returned,0,0.09047240001382306,2,1527,0
387,exec-out cat /proc/uptime,returned,0,0.11234419996617362,2,19,0
388,shell run-as com.example.d1check.benchmarkrunner.modelprobe,returned,0,0.102293899981305,3,3276,0
389,shell run-as com.example.d1check.benchmarkrunner.modelprobe,returned,0,0.1110321000451222,3,3276,0
390,shell run-as com.example.d1check.benchmarkrunner.modelprobe,returned,0,0.12928419996751472,3,3276,0
391,shell run-as com.example.d1check.benchmarkrunner.modelprobe,returned,0,0.11045089998515323,3,3276,0
392,shell run-as com.example.d1check.benchmarkrunner.modelprobe,returned,0,0.10961360001238063,3,3276,0
393,shell run-as com.example.d1check.benchmarkrunner.modelprobe,returned,0,0.09594269999070093,3,3276,0
394,exec-out cat /proc/uptime,returned,0,0.1784103999962099,2,19,0
395,shell dumpsys thermalservice,returned,0,0.11338180000893772,2,1527,0
396,exec-out cat /proc/uptime,returned,0,0.08828270004596561,2,19,0
397,shell run-as com.example.d1check.benchmarkrunner.modelprobe,returned,0,0.09422969998558983,3,3276,0
398,shell run-as com.example.d1check.benchmarkrunner.modelprobe,returned,0,0.1179141000029631,3,3276,0
399,shell run-as com.example.d1check.benchmarkrunner.modelprobe,returned,0,0.10403950000181794,3,3276,0
400,shell run-as com.example.d1check.benchmarkrunner.modelprobe,returned,0,0.11235480004688725,3,3276,0
401,shell run-as com.example.d1check.benchmarkrunner.modelprobe,returned,0,0.1418668999685906,3,3276,0
402,shell run-as com.example.d1check.benchmarkrunner.modelprobe,returned,0,0.1141788000240922,3,3276,0
403,exec-out cat /proc/uptime,returned,0,0.15245900000445545,2,19,0
404,shell dumpsys thermalservice,returned,0,0.08868290000827983,2,1527,0
405,exec-out cat /proc/uptime,returned,0,0.09755599999334663,2,19,0
406,shell run-as com.example.d1check.benchmarkrunner.modelprobe,returned,0,0.09350630000699311,3,3276,0
407,shell sh -c,returned,0,0.19823310000356287,2,76,0
408,shell run-as com.example.d1check.benchmarkrunner.modelprobe,returned,0,0.17880870000226423,3,3331,0
409,shell run-as com.example.d1check.benchmarkrunner.modelprobe,returned,0,0.09624829998938367,3,3375,0
410,shell run-as com.example.d1check.benchmarkrunner.modelprobe,returned,0,0.09214819996850565,3,3474,0
411,shell run-as com.example.d1check.benchmarkrunner.modelprobe,returned,0,0.10473099997034296,3,3474,0
412,exec-out cat /proc/uptime,returned,0,0.17551889998139814,2,19,0
413,shell dumpsys thermalservice,returned,0,0.08829919999698177,2,1527,0
414,exec-out cat /proc/uptime,returned,0,0.07793770002899691,2,19,0
415,shell run-as com.example.d1check.benchmarkrunner.modelprobe,returned,0,0.08991819998482242,3,3628,0
416,shell run-as com.example.d1check.benchmarkrunner.modelprobe,returned,0,0.10856670001521707,3,3672,0
417,shell run-as com.example.d1check.benchmarkrunner.modelprobe,returned,0,0.0927691999822855,3,3771,0
418,shell run-as com.example.d1check.benchmarkrunner.modelprobe,returned,0,0.08414690004428849,3,3771,0
419,shell run-as com.example.d1check.benchmarkrunner.modelprobe,returned,0,0.11993700003949925,3,3870,0
420,shell run-as com.example.d1check.benchmarkrunner.modelprobe,returned,0,0.08870600000955164,3,3925,0
421,exec-out cat /proc/uptime,returned,0,0.08542610000586137,2,19,0
422,shell dumpsys thermalservice,returned,0,0.08314160001464188,2,1527,0
423,exec-out cat /proc/uptime,returned,0,0.08765269996365532,2,19,0
424,shell run-as com.example.d1check.benchmarkrunner.modelprobe,returned,0,0.1038455999805592,3,4068,0
425,shell run-as com.example.d1check.benchmarkrunner.modelprobe,returned,0,0.10813980002421886,3,4068,0
426,shell run-as com.example.d1check.benchmarkrunner.modelprobe,returned,0,0.08698720001848415,3,4167,0
427,shell run-as com.example.d1check.benchmarkrunner.modelprobe,returned,0,0.09092240000609308,3,4167,0
428,shell run-as com.example.d1check.benchmarkrunner.modelprobe,returned,0,0.15533209999557585,3,4266,0
429,shell run-as com.example.d1check.benchmarkrunner.modelprobe,returned,0,0.09181499999249354,3,4365,0
430,exec-out cat /proc/uptime,returned,0,0.10873999999603257,2,19,0
431,shell dumpsys thermalservice,returned,0,0.08360670000547543,2,1527,0
432,exec-out cat /proc/uptime,returned,0,0.07433749997289851,2,19,0
433,shell run-as com.example.d1check.benchmarkrunner.modelprobe,returned,0,0.10638399998424575,3,4464,0
434,shell run-as com.example.d1check.benchmarkrunner.modelprobe,returned,0,0.1797323999926448,3,4464,0
435,shell run-as com.example.d1check.benchmarkrunner.modelprobe,returned,0,0.09718229999998584,3,4563,0
436,shell run-as com.example.d1check.benchmarkrunner.modelprobe,returned,0,0.10857579996809363,3,4662,0
437,shell run-as com.example.d1check.benchmarkrunner.modelprobe,returned,0,0.09253490000264719,3,4662,0
438,shell run-as com.example.d1check.benchmarkrunner.modelprobe,returned,0,0.13359179999679327,3,4761,0
439,exec-out cat /proc/uptime,returned,0,0.08748149999883026,2,19,0
440,shell dumpsys thermalservice,returned,0,0.08606300002429634,2,1527,0
441,exec-out cat /proc/uptime,returned,0,0.09875970002030954,2,19,0
442,shell run-as com.example.d1check.benchmarkrunner.modelprobe,returned,0,0.10605250002117828,3,4860,0
443,shell sh -c,returned,0,0.2182108000270091,2,76,0
444,shell run-as com.example.d1check.benchmarkrunner.modelprobe,returned,0,0.09737990004941821,3,4959,0
445,shell run-as com.example.d1check.benchmarkrunner.modelprobe,returned,0,0.10321180004393682,3,5058,0
446,shell run-as com.example.d1check.benchmarkrunner.modelprobe,returned,0,0.1382731999619864,3,5058,0
447,shell run-as com.example.d1check.benchmarkrunner.modelprobe,returned,0,0.09819459996651858,3,5157,0
448,exec-out cat /proc/uptime,returned,0,0.08706470002653077,2,19,0
449,shell dumpsys thermalservice,returned,0,0.07959029998164624,2,1527,0
450,exec-out cat /proc/uptime,returned,0,0.08101950003765523,2,19,0
451,shell run-as com.example.d1check.benchmarkrunner.modelprobe,returned,0,0.08461730001727119,3,5256,0
452,shell run-as com.example.d1check.benchmarkrunner.modelprobe,returned,0,0.09990760002983734,3,5355,0
453,shell run-as com.example.d1check.benchmarkrunner.modelprobe,returned,0,0.08993429999100044,3,5355,0
454,shell run-as com.example.d1check.benchmarkrunner.modelprobe,returned,0,0.09339779999572784,3,5454,0
455,shell run-as com.example.d1check.benchmarkrunner.modelprobe,returned,0,0.1327201999956742,3,5454,0
456,shell run-as com.example.d1check.benchmarkrunner.modelprobe,returned,0,0.08769040001789108,3,5553,0
457,exec-out cat /proc/uptime,returned,0,0.08871209999779239,2,19,0
458,shell dumpsys thermalservice,returned,0,0.09512179996818304,2,1527,0
459,exec-out cat /proc/uptime,returned,0,0.0968336999649182,2,19,0
460,shell run-as com.example.d1check.benchmarkrunner.modelprobe,returned,0,0.09457749995635822,3,5652,0
461,shell run-as com.example.d1check.benchmarkrunner.modelprobe,returned,0,0.1365689000231214,3,5751,0
462,shell run-as com.example.d1check.benchmarkrunner.modelprobe,returned,0,0.08418890001485124,3,5751,0
463,shell run-as com.example.d1check.benchmarkrunner.modelprobe,returned,0,0.08880199998384342,3,5850,0
464,shell run-as com.example.d1check.benchmarkrunner.modelprobe,returned,0,0.16082020004978403,3,5949,0
465,shell run-as com.example.d1check.benchmarkrunner.modelprobe,returned,0,0.09234670002479106,3,5949,0
466,exec-out cat /proc/uptime,returned,0,0.10145239997655153,2,19,0
467,shell dumpsys thermalservice,returned,0,0.08312359999399632,2,1527,0
468,exec-out cat /proc/uptime,returned,0,0.08367700001690537,2,19,0
469,shell run-as com.example.d1check.benchmarkrunner.modelprobe,returned,0,0.0850254999822937,3,6048,0
470,shell run-as com.example.d1check.benchmarkrunner.modelprobe,returned,0,0.17907150002429262,3,6147,0
471,shell run-as com.example.d1check.benchmarkrunner.modelprobe,returned,0,0.10646659997291863,3,6246,0
472,shell run-as com.example.d1check.benchmarkrunner.modelprobe,returned,0,0.09023229999002069,3,6246,0
473,shell run-as com.example.d1check.benchmarkrunner.modelprobe,returned,0,0.09471759997541085,3,6345,0
474,shell run-as com.example.d1check.benchmarkrunner.modelprobe,returned,0,0.15067480003926903,3,6444,0
475,exec-out cat /proc/uptime,returned,0,0.22614789998624474,2,19,0
476,shell dumpsys thermalservice,returned,0,0.10472269996535033,2,1527,0
477,exec-out cat /proc/uptime,returned,0,0.09134759998414665,2,19,0
478,shell run-as com.example.d1check.benchmarkrunner.modelprobe,returned,0,0.09395559999393299,3,6444,0
479,shell sh -c,returned,0,0.21571919997222722,2,76,0
480,shell run-as com.example.d1check.benchmarkrunner.modelprobe,returned,0,0.13348479999694973,3,6444,0
481,shell run-as com.example.d1check.benchmarkrunner.modelprobe,returned,0,0.09589409996988252,3,6444,0
482,shell run-as com.example.d1check.benchmarkrunner.modelprobe,returned,0,0.09382080001523718,3,6444,0
483,shell run-as com.example.d1check.benchmarkrunner.modelprobe,returned,0,0.12974890001351014,3,6444,0
484,exec-out cat /proc/uptime,returned,0,0.10299909999594092,2,19,0
485,shell dumpsys thermalservice,returned,0,0.08216330001596361,2,1527,0
486,exec-out cat /proc/uptime,returned,0,0.10656759998528287,2,19,0
487,shell run-as com.example.d1check.benchmarkrunner.modelprobe,returned,0,0.10025089996634051,3,6444,0
488,shell run-as com.example.d1check.benchmarkrunner.modelprobe,returned,0,0.14544709998881444,3,6444,0
489,shell run-as com.example.d1check.benchmarkrunner.modelprobe,returned,0,0.11000719998264685,3,6444,0
490,shell run-as com.example.d1check.benchmarkrunner.modelprobe,returned,0,0.10107969999080524,3,6444,0
491,shell run-as com.example.d1check.benchmarkrunner.modelprobe,returned,0,0.12979539996013045,3,6444,0
492,shell run-as com.example.d1check.benchmarkrunner.modelprobe,returned,0,0.11066060001030564,3,6444,0
493,exec-out cat /proc/uptime,returned,0,0.12509099999442697,2,19,0
494,shell dumpsys thermalservice,returned,0,0.09341339999809861,2,1527,0
495,exec-out cat /proc/uptime,returned,0,0.10566709999693558,2,19,0
496,shell run-as com.example.d1check.benchmarkrunner.modelprobe,returned,0,0.10414960002526641,3,6444,0
497,shell run-as com.example.d1check.benchmarkrunner.modelprobe,returned,0,0.11093780002556741,3,6444,0
498,shell run-as com.example.d1check.benchmarkrunner.modelprobe,returned,0,0.120643200003542,3,6444,0
499,shell run-as com.example.d1check.benchmarkrunner.modelprobe,returned,0,0.11151130002690479,3,6444,0
500,shell run-as com.example.d1check.benchmarkrunner.modelprobe,returned,0,0.09845729998778552,3,6444,0
501,shell run-as com.example.d1check.benchmarkrunner.modelprobe,returned,0,0.17339010001160204,3,6444,0
502,exec-out cat /proc/uptime,returned,0,0.1050311999861151,2,19,0
503,shell dumpsys thermalservice,returned,0,0.10069420002400875,2,1527,0
504,exec-out cat /proc/uptime,returned,0,0.10175609996076673,2,19,0
505,shell run-as com.example.d1check.benchmarkrunner.modelprobe,returned,0,0.12312939995899796,3,6444,0
506,shell run-as com.example.d1check.benchmarkrunner.modelprobe,returned,0,0.1119683000142686,3,6444,0
507,shell run-as com.example.d1check.benchmarkrunner.modelprobe,returned,0,0.09632810001494363,3,6444,0
508,shell run-as com.example.d1check.benchmarkrunner.modelprobe,returned,0,0.09616760001517832,3,6444,0
509,shell run-as com.example.d1check.benchmarkrunner.modelprobe,returned,0,0.10889430000679567,3,6543,0
510,shell run-as com.example.d1check.benchmarkrunner.modelprobe,returned,0,0.10055979999015108,3,6543,0
511,exec-out cat /proc/uptime,returned,0,0.08132680004928261,2,19,0
512,shell dumpsys thermalservice,returned,0,0.08817820000695065,2,1527,0
513,exec-out cat /proc/uptime,returned,0,0.08720250002807006,2,19,0
514,shell run-as com.example.d1check.benchmarkrunner.modelprobe,returned,0,0.1096290999557823,3,6994,0
515,shell sh -c,returned,0,0.21105220000026748,2,76,0
516,shell run-as com.example.d1check.benchmarkrunner.modelprobe,returned,0,0.09553239995148033,3,7335,0
517,shell run-as com.example.d1check.benchmarkrunner.modelprobe,returned,0,0.11017659999197349,3,7533,0
518,shell run-as com.example.d1check.benchmarkrunner.modelprobe,returned,0,0.09685429994715378,3,7830,0
519,shell run-as com.example.d1check.benchmarkrunner.modelprobe,returned,0,0.09590160002699122,3,8028,0
520,exec-out cat /proc/uptime,returned,0,0.09812869998859242,2,19,0
521,shell dumpsys thermalservice,returned,0,0.08602109999628738,2,1527,0
522,exec-out cat /proc/uptime,returned,0,0.08742509997682646,2,19,0
523,shell run-as com.example.d1check.benchmarkrunner.modelprobe,returned,0,0.09080170001834631,3,8226,0
524,shell run-as com.example.d1check.benchmarkrunner.modelprobe,returned,0,0.18842720001703128,3,8226,0
525,shell run-as com.example.d1check.benchmarkrunner.modelprobe,returned,0,0.08972430002177134,3,8325,0
526,shell run-as com.example.d1check.benchmarkrunner.modelprobe,returned,0,0.09417500003473833,3,8424,0
527,shell run-as com.example.d1check.benchmarkrunner.modelprobe,returned,0,0.11487079999642447,3,8424,0
528,shell run-as com.example.d1check.benchmarkrunner.modelprobe,returned,0,0.10419260000344366,3,8523,0
529,exec-out cat /proc/uptime,returned,0,0.08149759995285422,2,19,0
530,shell dumpsys thermalservice,returned,0,0.07744150003418326,2,1527,0
531,exec-out cat /proc/uptime,returned,0,0.08680879999883473,2,19,0
532,shell run-as com.example.d1check.benchmarkrunner.modelprobe,returned,0,0.08765729999868199,3,8622,0
533,shell run-as com.example.d1check.benchmarkrunner.modelprobe,returned,0,0.10660340002505109,3,8622,0
534,shell run-as com.example.d1check.benchmarkrunner.modelprobe,returned,0,0.09877390001202002,3,8721,0
535,shell run-as com.example.d1check.benchmarkrunner.modelprobe,returned,0,0.11414800002239645,3,8820,0
536,shell run-as com.example.d1check.benchmarkrunner.modelprobe,returned,0,0.109504799998831,3,8820,0
537,shell run-as com.example.d1check.benchmarkrunner.modelprobe,returned,0,0.15282760001718998,3,8919,0
538,exec-out cat /proc/uptime,returned,0,0.17497199994977564,2,19,0
539,shell dumpsys thermalservice,returned,0,0.08965860004536808,2,1527,0
540,exec-out cat /proc/uptime,returned,0,0.0885234999586828,2,19,0
541,shell run-as com.example.d1check.benchmarkrunner.modelprobe,returned,0,0.09916429995791987,3,9018,0
542,shell run-as com.example.d1check.benchmarkrunner.modelprobe,returned,0,0.09351299999980256,3,9117,0
543,shell run-as com.example.d1check.benchmarkrunner.modelprobe,returned,0,0.20164939999813214,3,9216,0
544,shell run-as com.example.d1check.benchmarkrunner.modelprobe,returned,0,0.10683769994648173,3,9216,0
545,shell run-as com.example.d1check.benchmarkrunner.modelprobe,returned,0,0.09492399997543544,3,9315,0
546,exec-out cat /proc/uptime,returned,0,0.09767390001798049,2,19,0
547,shell dumpsys thermalservice,returned,0,0.09299680002732202,2,1527,0
548,exec-out cat /proc/uptime,returned,0,0.088444699998945,2,19,0
549,shell run-as com.example.d1check.benchmarkrunner.modelprobe,returned,0,0.09668410004815087,3,9414,0
550,shell sh -c,returned,0,0.2632613999885507,2,76,0
551,shell run-as com.example.d1check.benchmarkrunner.modelprobe,returned,0,0.09998139995150268,3,9513,0
552,shell run-as com.example.d1check.benchmarkrunner.modelprobe,returned,0,0.21723690000362694,3,9612,0
553,shell run-as com.example.d1check.benchmarkrunner.modelprobe,returned,0,0.11289689998375252,3,9612,0
554,shell run-as com.example.d1check.benchmarkrunner.modelprobe,returned,0,0.10091809998266399,3,9612,0
555,exec-out cat /proc/uptime,returned,0,0.10619829996721819,2,19,0
556,shell dumpsys thermalservice,returned,0,0.0980124999769032,2,1527,0
557,exec-out cat /proc/uptime,returned,0,0.10579790000338107,2,19,0
558,shell run-as com.example.d1check.benchmarkrunner.modelprobe,returned,0,0.10742720001144335,3,9612,0
559,shell run-as com.example.d1check.benchmarkrunner.modelprobe,returned,0,0.14691040001343936,3,9612,0
560,shell run-as com.example.d1check.benchmarkrunner.modelprobe,returned,0,0.10881479998352006,3,9612,0
561,shell run-as com.example.d1check.benchmarkrunner.modelprobe,returned,0,0.11910619999980554,3,9612,0
562,shell run-as com.example.d1check.benchmarkrunner.modelprobe,returned,0,0.09611060004681349,3,9612,0
563,shell run-as com.example.d1check.benchmarkrunner.modelprobe,returned,0,0.11308859998825938,3,9612,0
564,exec-out cat /proc/uptime,returned,0,0.09362810000311583,2,19,0
565,shell dumpsys thermalservice,returned,0,0.08720510004786775,2,1527,0
566,exec-out cat /proc/uptime,returned,0,0.08300700003746897,2,19,0
567,shell run-as com.example.d1check.benchmarkrunner.modelprobe,returned,0,0.10570430004736409,3,9612,0
568,shell run-as com.example.d1check.benchmarkrunner.modelprobe,returned,0,0.1909864000044763,3,9612,0
569,shell run-as com.example.d1check.benchmarkrunner.modelprobe,returned,0,0.0963694000383839,3,9612,0
570,shell run-as com.example.d1check.benchmarkrunner.modelprobe,returned,0,0.1469412999576889,3,9612,0
571,shell run-as com.example.d1check.benchmarkrunner.modelprobe,returned,0,0.2528407000354491,3,9612,0
572,exec-out cat /proc/uptime,returned,0,0.2230314000044018,2,19,0
573,shell dumpsys thermalservice,returned,0,0.1260482000070624,2,1527,0
574,exec-out cat /proc/uptime,returned,0,0.12437239999417216,2,19,0
575,shell run-as com.example.d1check.benchmarkrunner.modelprobe,returned,0,0.15757420001318678,3,9612,0
576,shell run-as com.example.d1check.benchmarkrunner.modelprobe,returned,0,0.1561865999829024,3,9612,0
577,shell run-as com.example.d1check.benchmarkrunner.modelprobe,returned,0,0.2271970000001602,3,9612,0
578,shell run-as com.example.d1check.benchmarkrunner.modelprobe,returned,0,0.22036029997980222,3,9612,0
579,shell run-as com.example.d1check.benchmarkrunner.modelprobe,returned,0,0.23776690004160628,3,9612,0
580,exec-out cat /proc/uptime,returned,0,0.21154910000041127,2,19,0
581,shell dumpsys thermalservice,returned,0,0.14231540000764653,2,1527,0
582,exec-out cat /proc/uptime,returned,0,0.15274709998629987,2,19,0
583,shell run-as com.example.d1check.benchmarkrunner.modelprobe,returned,0,0.15036679996410385,3,9612,0
584,shell sh -c,returned,0,0.33310260000871494,2,76,0
585,shell run-as com.example.d1check.benchmarkrunner.modelprobe,returned,0,0.1487986000138335,3,9612,0
586,shell run-as com.example.d1check.benchmarkrunner.modelprobe,returned,0,0.27185499999905005,3,9612,0
587,shell run-as com.example.d1check.benchmarkrunner.modelprobe,returned,0,0.24607289995765314,3,9612,0
588,exec-out cat /proc/uptime,returned,0,0.2066443000221625,2,19,0
589,shell dumpsys thermalservice,returned,0,0.13097290002042428,2,1527,0
590,exec-out cat /proc/uptime,returned,0,0.1264458000077866,2,19,0
591,shell run-as com.example.d1check.benchmarkrunner.modelprobe,returned,0,0.14100159995723516,3,9612,0
592,shell run-as com.example.d1check.benchmarkrunner.modelprobe,returned,0,0.24413329997332767,3,9612,0
593,shell run-as com.example.d1check.benchmarkrunner.modelprobe,returned,0,0.2367314999573864,3,9612,0
594,shell run-as com.example.d1check.benchmarkrunner.modelprobe,returned,0,0.23990809998940676,3,9612,0
595,exec-out cat /proc/uptime,returned,0,0.21930629998678342,2,19,0
596,shell dumpsys thermalservice,returned,0,0.15619720000540838,2,1527,0
597,exec-out cat /proc/uptime,returned,0,0.17686619999585673,2,19,0
598,shell run-as com.example.d1check.benchmarkrunner.modelprobe,returned,0,0.19478079996770248,3,9612,0
599,shell run-as com.example.d1check.benchmarkrunner.modelprobe,returned,0,0.23163600004045293,3,9612,0
600,shell run-as com.example.d1check.benchmarkrunner.modelprobe,returned,0,0.15590139996493235,3,9612,0
601,shell run-as com.example.d1check.benchmarkrunner.modelprobe,returned,0,0.17930319998413324,3,9612,0
602,shell run-as com.example.d1check.benchmarkrunner.modelprobe,returned,0,0.1579333000117913,3,9612,0
603,exec-out cat /proc/uptime,returned,0,0.14530139998532832,2,19,0
604,shell dumpsys thermalservice,returned,0,0.14250300003914163,2,1527,0
605,exec-out cat /proc/uptime,returned,0,0.1452290000161156,2,19,0
606,shell run-as com.example.d1check.benchmarkrunner.modelprobe,returned,0,0.1476503000012599,3,9612,0
607,shell run-as com.example.d1check.benchmarkrunner.modelprobe,returned,0,0.34806520002894104,3,9612,0
608,shell run-as com.example.d1check.benchmarkrunner.modelprobe,returned,0,0.18319519999204203,3,9612,0
609,shell run-as com.example.d1check.benchmarkrunner.modelprobe,returned,0,0.21224859997164458,3,9612,0
610,exec-out cat /proc/uptime,returned,0,0.2113653999986127,2,19,0
611,shell dumpsys thermalservice,returned,0,0.13665539998328313,2,1527,0
612,exec-out cat /proc/uptime,returned,0,0.12153900001430884,2,19,0
613,shell run-as com.example.d1check.benchmarkrunner.modelprobe,returned,0,0.14643929997691885,3,9612,0
614,shell sh -c,returned,0,0.27422640001168475,2,76,0
615,shell run-as com.example.d1check.benchmarkrunner.modelprobe,returned,0,0.1289950999780558,3,9612,0
616,shell run-as com.example.d1check.benchmarkrunner.modelprobe,returned,0,0.14248430001316592,3,9612,0
617,shell run-as com.example.d1check.benchmarkrunner.modelprobe,returned,0,0.15335500001674518,3,9649,0
618,shell run-as com.example.d1check.benchmarkrunner.modelprobe,returned,0,0.24296460003824905,3,9649,0
619,exec-out cat /proc/uptime,returned,0,0.2156220999895595,2,19,0
620,shell dumpsys thermalservice,returned,0,0.12770569999702275,2,1527,0
621,exec-out cat /proc/uptime,returned,0,0.15800199995283037,2,19,0
622,shell run-as com.example.d1check.benchmarkrunner.modelprobe,returned,0,0.1431505000218749,3,9649,0
623,shell run-as com.example.d1check.benchmarkrunner.modelprobe,returned,0,0.19172500004060566,3,9649,0
624,shell run-as com.example.d1check.benchmarkrunner.modelprobe,returned,0,0.14027699996950105,3,9649,0
625,shell run-as com.example.d1check.benchmarkrunner.modelprobe,returned,0,0.20352390001062304,3,9649,0
626,shell run-as com.example.d1check.benchmarkrunner.modelprobe,returned,0,0.22409949998836964,3,9649,0
627,exec-out cat /proc/uptime,returned,0,0.21462709998013452,2,19,0
628,shell dumpsys thermalservice,returned,0,0.15779109997674823,2,1527,0
629,exec-out cat /proc/uptime,returned,0,0.153152399987448,2,19,0
630,shell run-as com.example.d1check.benchmarkrunner.modelprobe,returned,0,0.1524714999832213,3,9649,0
631,shell run-as com.example.d1check.benchmarkrunner.modelprobe,returned,0,0.15881670004455373,3,9649,0
632,shell run-as com.example.d1check.benchmarkrunner.modelprobe,returned,0,0.1346818000311032,3,9649,0
633,shell run-as com.example.d1check.benchmarkrunner.modelprobe,returned,0,0.15939430001890287,3,9649,0
634,shell run-as com.example.d1check.benchmarkrunner.modelprobe,returned,0,0.2238943999982439,3,9649,0
635,exec-out cat /proc/uptime,returned,0,0.13913460000185296,2,19,0
636,shell dumpsys thermalservice,returned,0,0.1350160000147298,2,1527,0
637,exec-out cat /proc/uptime,returned,0,0.1293288999586366,2,19,0
638,shell run-as com.example.d1check.benchmarkrunner.modelprobe,returned,0,0.13703339995117858,3,9649,0
639,shell run-as com.example.d1check.benchmarkrunner.modelprobe,returned,0,0.15200219996040687,3,9649,0
640,shell run-as com.example.d1check.benchmarkrunner.modelprobe,returned,0,0.2586214000475593,3,9649,0
641,shell run-as com.example.d1check.benchmarkrunner.modelprobe,returned,0,0.12640869995811954,3,9649,0
642,shell run-as com.example.d1check.benchmarkrunner.modelprobe,returned,0,0.13490309996996075,3,9649,0
643,exec-out cat /proc/uptime,returned,0,0.2283572000451386,2,19,0
644,shell dumpsys thermalservice,returned,0,0.12148450000677258,2,1527,0
645,exec-out cat /proc/uptime,returned,0,0.12876209995010868,2,19,0
646,shell sh -c,returned,0,0.2330288999946788,2,76,0
647,shell run-as com.example.d1check.benchmarkrunner.modelprobe,returned,0,0.16181720001623034,3,9649,0
648,shell run-as com.example.d1check.benchmarkrunner.modelprobe,returned,0,0.14577130001271144,3,9649,0
649,shell run-as com.example.d1check.benchmarkrunner.modelprobe,returned,0,0.1614631999982521,3,9649,0
650,shell run-as com.example.d1check.benchmarkrunner.modelprobe,returned,0,0.2237687999731861,3,9649,0
651,exec-out cat /proc/uptime,returned,0,0.17215729999588802,2,19,0
652,shell dumpsys thermalservice,returned,0,0.14195429999381304,2,1527,0
653,exec-out cat /proc/uptime,returned,0,0.13756370003102347,2,19,0
654,shell run-as com.example.d1check.benchmarkrunner.modelprobe,returned,0,0.15730369999073446,3,9649,0
655,shell run-as com.example.d1check.benchmarkrunner.modelprobe,returned,0,0.1598975000088103,3,9649,0
656,shell run-as com.example.d1check.benchmarkrunner.modelprobe,returned,0,0.1406991999829188,3,9649,0
657,shell run-as com.example.d1check.benchmarkrunner.modelprobe,returned,0,0.14837770001031458,3,9649,0
658,shell run-as com.example.d1check.benchmarkrunner.modelprobe,returned,0,0.13647630001651123,3,9649,0
659,exec-out cat /proc/uptime,returned,0,0.14114070002688095,2,19,0
660,shell dumpsys thermalservice,returned,0,0.1277496000402607,2,1527,0
661,exec-out cat /proc/uptime,returned,0,0.14105590002145618,2,19,0
662,shell run-as com.example.d1check.benchmarkrunner.modelprobe,returned,0,0.14077579998411238,3,9649,0
663,shell run-as com.example.d1check.benchmarkrunner.modelprobe,returned,0,0.18996360001619905,3,9649,0
664,shell run-as com.example.d1check.benchmarkrunner.modelprobe,returned,0,0.1597442000056617,3,9649,0
665,shell run-as com.example.d1check.benchmarkrunner.modelprobe,returned,0,0.19771689997287467,3,9649,0
666,shell run-as com.example.d1check.benchmarkrunner.modelprobe,returned,0,0.2155773999984376,3,9649,0
667,exec-out cat /proc/uptime,returned,0,0.33395940001355484,2,19,0
668,shell dumpsys thermalservice,returned,0,0.1331767999799922,2,1527,0
669,exec-out cat /proc/uptime,returned,0,0.15730229998007417,2,19,0
670,shell run-as com.example.d1check.benchmarkrunner.modelprobe,returned,0,0.13774809997994453,3,9649,0
671,shell run-as com.example.d1check.benchmarkrunner.modelprobe,returned,0,0.14136070001404732,3,9649,0
672,shell run-as com.example.d1check.benchmarkrunner.modelprobe,returned,0,0.13885029999073595,3,9649,0
673,shell run-as com.example.d1check.benchmarkrunner.modelprobe,returned,0,0.22160849999636412,3,9649,0
674,shell run-as com.example.d1check.benchmarkrunner.modelprobe,returned,0,0.2007785000023432,3,9649,0
675,exec-out cat /proc/uptime,returned,0,0.26536750001832843,2,19,0
676,shell dumpsys thermalservice,returned,0,0.1399474000209011,2,1527,0
677,exec-out cat /proc/uptime,returned,0,0.12834190001012757,2,19,0
678,shell sh -c,returned,0,0.24928390001878142,2,76,0
679,shell run-as com.example.d1check.benchmarkrunner.modelprobe,returned,0,0.13483840000117198,3,9649,0
680,shell run-as com.example.d1check.benchmarkrunner.modelprobe,returned,0,0.14333270001225173,3,9649,0
681,shell run-as com.example.d1check.benchmarkrunner.modelprobe,returned,0,0.14204180001979694,3,9649,0
682,shell run-as com.example.d1check.benchmarkrunner.modelprobe,returned,0,0.15034000005107373,3,9649,0
683,shell run-as com.example.d1check.benchmarkrunner.modelprobe,returned,0,0.24026609997963533,3,9649,0
684,exec-out cat /proc/uptime,returned,0,0.22258090000832453,2,19,0
685,shell dumpsys thermalservice,returned,0,0.1449148000101559,2,1527,0
686,exec-out cat /proc/uptime,returned,0,0.1452605000231415,2,19,0
687,shell run-as com.example.d1check.benchmarkrunner.modelprobe,returned,0,0.13765710004372522,3,9649,0
688,shell run-as com.example.d1check.benchmarkrunner.modelprobe,returned,0,0.19802079995861277,3,9649,0
689,shell run-as com.example.d1check.benchmarkrunner.modelprobe,returned,0,0.20268089999444783,3,9649,0
690,shell run-as com.example.d1check.benchmarkrunner.modelprobe,returned,0,0.249206000007689,3,9649,0
691,shell run-as com.example.d1check.benchmarkrunner.modelprobe,returned,0,0.13551980000920594,3,9649,0
692,exec-out cat /proc/uptime,returned,0,0.21885850001126528,2,19,0
693,shell dumpsys thermalservice,returned,0,0.14276279998011887,2,1527,0
694,exec-out cat /proc/uptime,returned,0,0.14173079997999594,2,19,0
695,shell run-as com.example.d1check.benchmarkrunner.modelprobe,returned,0,0.14456359995529056,3,9649,0
696,shell run-as com.example.d1check.benchmarkrunner.modelprobe,returned,0,0.29247129999566823,3,9649,0
697,shell run-as com.example.d1check.benchmarkrunner.modelprobe,returned,0,0.2768161999993026,3,9649,0
698,shell run-as com.example.d1check.benchmarkrunner.modelprobe,returned,0,0.15542980004101992,3,9649,0
699,exec-out cat /proc/uptime,returned,0,0.13733369996771216,2,19,0
700,shell dumpsys thermalservice,returned,0,0.13444790005451068,2,1527,0
701,exec-out cat /proc/uptime,returned,0,0.11915859999135137,2,19,0
702,shell run-as com.example.d1check.benchmarkrunner.modelprobe,returned,0,0.15280159999383613,3,9649,0
703,shell run-as com.example.d1check.benchmarkrunner.modelprobe,returned,0,0.15442869998514652,3,9649,0
704,shell run-as com.example.d1check.benchmarkrunner.modelprobe,returned,0,0.1386454000021331,3,9649,0
705,shell run-as com.example.d1check.benchmarkrunner.modelprobe,returned,0,0.1471603999962099,3,9649,0
706,shell run-as com.example.d1check.benchmarkrunner.modelprobe,returned,0,0.2694107999559492,3,9649,0
707,exec-out cat /proc/uptime,returned,0,0.23102840001229197,2,19,0
708,shell dumpsys thermalservice,returned,0,0.13370800000848249,2,1527,0
709,exec-out cat /proc/uptime,returned,0,0.1374743000487797,2,19,0
710,shell sh -c,returned,0,0.2640160000300966,2,76,0
711,shell run-as com.example.d1check.benchmarkrunner.modelprobe,returned,0,0.14222650002921,3,9649,0
712,shell run-as com.example.d1check.benchmarkrunner.modelprobe,returned,0,0.15019130002474412,3,9649,0
713,shell run-as com.example.d1check.benchmarkrunner.modelprobe,returned,0,0.1532485000207089,3,9649,0
714,shell run-as com.example.d1check.benchmarkrunner.modelprobe,returned,0,0.15130100003443658,3,9649,0
715,exec-out cat /proc/uptime,returned,0,0.20361790002789348,2,19,0
716,shell dumpsys thermalservice,returned,0,0.1192478000302799,2,1527,0
717,exec-out cat /proc/uptime,returned,0,0.1549134999513626,2,19,0
718,shell run-as com.example.d1check.benchmarkrunner.modelprobe,returned,0,0.12960550002753735,3,9649,0
719,shell run-as com.example.d1check.benchmarkrunner.modelprobe,returned,0,0.15998160000890493,3,9649,0
720,shell run-as com.example.d1check.benchmarkrunner.modelprobe,returned,0,0.23943469999358058,3,9649,0
721,shell run-as com.example.d1check.benchmarkrunner.modelprobe,returned,0,0.22715399996377528,3,9649,0
722,shell run-as com.example.d1check.benchmarkrunner.modelprobe,returned,0,0.14185600000200793,3,9649,0
723,exec-out cat /proc/uptime,returned,0,0.21429979999084026,2,19,0
724,shell dumpsys thermalservice,returned,0,0.1535994000150822,2,1527,0
725,exec-out cat /proc/uptime,returned,0,0.13835059996927157,2,19,0
726,shell run-as com.example.d1check.benchmarkrunner.modelprobe,returned,0,0.15089669998269528,3,9649,0
727,shell run-as com.example.d1check.benchmarkrunner.modelprobe,returned,0,0.24016590003157035,3,9649,0
728,shell run-as com.example.d1check.benchmarkrunner.modelprobe,returned,0,0.15509539999766275,3,9649,0
729,shell run-as com.example.d1check.benchmarkrunner.modelprobe,returned,0,0.1393417000072077,3,9649,0
730,shell run-as com.example.d1check.benchmarkrunner.modelprobe,returned,0,0.14157279999926686,3,9649,0
731,exec-out cat /proc/uptime,returned,0,0.14573180000297725,2,19,0
732,shell dumpsys thermalservice,returned,0,0.14606939995428547,2,1527,0
733,exec-out cat /proc/uptime,returned,0,0.13013509998563677,2,19,0
734,shell run-as com.example.d1check.benchmarkrunner.modelprobe,returned,0,0.15972270001657307,3,9649,0
735,shell run-as com.example.d1check.benchmarkrunner.modelprobe,returned,0,0.14377070002956316,3,9649,0
736,shell run-as com.example.d1check.benchmarkrunner.modelprobe,returned,0,0.25081759999739006,3,9649,0
737,shell run-as com.example.d1check.benchmarkrunner.modelprobe,returned,0,0.20694079995155334,3,9649,0
738,shell run-as com.example.d1check.benchmarkrunner.modelprobe,returned,0,0.34399819996906444,3,9649,0
739,exec-out cat /proc/uptime,returned,0,0.15629759995499626,2,19,0
740,shell dumpsys thermalservice,returned,0,0.17253439995693043,2,1527,0
741,exec-out cat /proc/uptime,returned,0,0.19468650000635535,2,19,0
742,shell sh -c,returned,0,0.25186809996375814,2,76,0
743,shell run-as com.example.d1check.benchmarkrunner.modelprobe,returned,0,0.1346295999828726,3,9649,0
744,shell run-as com.example.d1check.benchmarkrunner.modelprobe,returned,0,0.18155450001358986,3,9649,0
745,shell run-as com.example.d1check.benchmarkrunner.modelprobe,returned,0,0.22259609994944185,3,9649,0
746,shell run-as com.example.d1check.benchmarkrunner.modelprobe,returned,0,0.22916129999794066,3,9649,0
747,exec-out cat /proc/uptime,returned,0,0.23567610001191497,2,19,0
748,shell dumpsys thermalservice,returned,0,0.13390820001950487,2,1527,0
749,exec-out cat /proc/uptime,returned,0,0.13648560002911836,2,19,0
750,shell run-as com.example.d1check.benchmarkrunner.modelprobe,returned,0,0.15573900000890717,3,9649,0
751,shell run-as com.example.d1check.benchmarkrunner.modelprobe,returned,0,0.12574200000381097,3,9649,0
752,shell run-as com.example.d1check.benchmarkrunner.modelprobe,returned,0,0.2384211999597028,3,9649,0
753,shell run-as com.example.d1check.benchmarkrunner.modelprobe,returned,0,0.2380602000048384,3,9649,0
754,shell run-as com.example.d1check.benchmarkrunner.modelprobe,returned,0,0.22961840004427359,3,9649,0
755,exec-out cat /proc/uptime,returned,0,0.13707260001683608,2,19,0
756,shell dumpsys thermalservice,returned,0,0.1298843999975361,2,1527,0
757,exec-out cat /proc/uptime,returned,0,0.1432695999974385,2,19,0
758,shell run-as com.example.d1check.benchmarkrunner.modelprobe,returned,0,0.1373250000178814,3,9649,0
759,shell run-as com.example.d1check.benchmarkrunner.modelprobe,returned,0,0.14977449999423698,3,9649,0
760,shell run-as com.example.d1check.benchmarkrunner.modelprobe,returned,0,0.2378811000380665,3,9649,0
761,shell run-as com.example.d1check.benchmarkrunner.modelprobe,returned,0,0.25259700004244223,3,9649,0
762,shell run-as com.example.d1check.benchmarkrunner.modelprobe,returned,0,0.22934499999973923,3,9649,0
763,exec-out cat /proc/uptime,returned,0,0.2063159000244923,2,19,0
764,shell dumpsys thermalservice,returned,0,0.14135009999154136,2,1527,0
765,exec-out cat /proc/uptime,returned,0,0.14133799995761365,2,19,0
766,shell run-as com.example.d1check.benchmarkrunner.modelprobe,returned,0,0.1576828000252135,3,9649,0
767,shell run-as com.example.d1check.benchmarkrunner.modelprobe,returned,0,0.21675799996592104,3,9649,0
768,shell run-as com.example.d1check.benchmarkrunner.modelprobe,returned,0,0.25417029997333884,3,9649,0
769,shell run-as com.example.d1check.benchmarkrunner.modelprobe,returned,0,0.21443219995126128,3,9649,0
770,shell sh -c,returned,0,0.347860399982892,2,76,0
771,shell run-as com.example.d1check.benchmarkrunner.modelprobe,returned,0,0.15393699996639043,3,9649,0
772,exec-out cat /proc/uptime,returned,0,0.12317839998286217,2,19,0
773,shell dumpsys thermalservice,returned,0,0.13116919994354248,2,1527,0
774,exec-out cat /proc/uptime,returned,0,0.13583079999079928,2,19,0
775,shell run-as com.example.d1check.benchmarkrunner.modelprobe,returned,0,0.10789450001902878,3,9649,0
776,shell run-as com.example.d1check.benchmarkrunner.modelprobe,returned,0,0.2301077000447549,3,9649,0
777,shell run-as com.example.d1check.benchmarkrunner.modelprobe,returned,0,0.22977259999606758,3,9649,0
778,shell run-as com.example.d1check.benchmarkrunner.modelprobe,returned,0,0.22443669999483973,3,9649,0
779,shell run-as com.example.d1check.benchmarkrunner.modelprobe,returned,0,0.289642299991101,3,9649,0
780,exec-out cat /proc/uptime,returned,0,0.19746920000761747,2,19,0
781,shell dumpsys thermalservice,returned,0,0.20088030002079904,2,1527,0
782,exec-out cat /proc/uptime,returned,0,0.19935539999278262,2,19,0
783,shell run-as com.example.d1check.benchmarkrunner.modelprobe,returned,0,0.14165040000807494,3,9649,0
784,shell run-as com.example.d1check.benchmarkrunner.modelprobe,returned,0,0.22096710000187159,3,9649,0
785,shell run-as com.example.d1check.benchmarkrunner.modelprobe,returned,0,0.20626819995231926,3,9677,0
786,exec-out run-as com.example.d1check.benchmarkrunner.modelprobe,returned,0,0.15986969997175038,10,27382,0
787,exec-out run-as com.example.d1check.benchmarkrunner.modelprobe,returned,0,0.32580619998043403,10,687260,0
788,exec-out run-as com.example.d1check.benchmarkrunner.modelprobe,returned,0,0.1381975999684073,10,122,0
789,exec-out run-as com.example.d1check.benchmarkrunner.modelprobe,returned,0,0.5913500000024214,35,1167872,0
790,shell am force-stop,returned,0,0.19544630002928898,15,0,0
791,shell ps -A,returned,0,0.19174939999356866,15,74147,0
792,shell dumpsys thermalservice,returned,0,0.13851850002538413,15,1527,0
793,devices -l,returned,0,0.07878189999610186,30,137,0
794,shell getprop ro.product.model,returned,0,0.22709330002544448,30,10,0
795,shell getprop ro.build.fingerprint,returned,0,0.11683110002195463,30,73,0
796,shell getprop ro.serialno,returned,0,0.13668789999792352,3,13,0
797,shell ps -A,returned,0,0.17458680004347116,15,72564,0
798,shell dumpsys battery,returned,0,0.14977319998433813,5,11363,0
799,exec-out cat /proc/uptime,returned,0,0.1520848000072874,2,19,0
800,shell dumpsys thermalservice,returned,0,0.17604900000151247,2,1527,0
801,exec-out cat /proc/uptime,returned,0,0.14282840001396835,2,19,0
802,shell sh -c,returned,0,0.2546060999738984,2,76,0
803,shell settings get,returned,0,0.16225829999893904,2,4,0
804,shell settings get,returned,0,0.16775640001287684,2,3,0
805,shell settings get,returned,0,0.1601216999697499,2,10,0
806,shell cat /proc/meminfo,returned,0,0.12527540000155568,3,1423,0
807,shell pm path,returned,0,0.17789780005114153,10,127,0
808,shell sha256sum /data/app/~~a4eMK0DmPYa6P-KsUuu86Q==/com.example.d1check.benchmarkrunner.modelprobe-XTyi_navG3OUV43sj782Vw==/base.apk,returned,0,0.33045100001618266,10,185,0
809,shell run-as com.example.d1check.benchmarkrunner.modelprobe,nonzero_exit,1,0.14620840002316982,30,0,0
810,shell run-as com.example.d1check.benchmarkrunner.modelprobe,nonzero_exit,1,0.14686690003145486,30,0,0
811,shell test -e,nonzero_exit,1,0.14382909995038062,30,0,0
812,shell mkdir -p,returned,0,0.12915230001090094,30,0,0
813,shell run-as com.example.d1check.benchmarkrunner.modelprobe,returned,0,0.13597399997524917,30,0,0
814,push C:\Users\LG\Documents\D1Check_Telemetry_V4\resume_20260920T160724Z\smoke_plan_v2\inputs\4630548c-9d7c-4a54-ac3c-b82e6a1bba62\00575b9132bb3746.png /data/local/tmp/d1check-timing-calibration/db80ecec-af10-540c-977a-1660d12f11ce/00575b9132bb3746.png.part,returned,0,0.30264459998579696,90,0,208
815,shell run-as com.example.d1check.benchmarkrunner.modelprobe,returned,0,0.14909589994931594,30,0,0
816,shell run-as com.example.d1check.benchmarkrunner.modelprobe,returned,0,0.13253020000411198,30,161,0
817,shell run-as com.example.d1check.benchmarkrunner.modelprobe,returned,0,0.13289930002065375,30,0,0
818,push C:\Users\LG\Documents\D1Check_Telemetry_V4\resume_20260920T160724Z\smoke_plan_v2\inputs\4630548c-9d7c-4a54-ac3c-b82e6a1bba62\anchors.json /data/local/tmp/d1check-timing-calibration/db80ecec-af10-540c-977a-1660d12f11ce/anchors.json.part,returned,0,0.19402570003876463,90,0,202
819,shell run-as com.example.d1check.benchmarkrunner.modelprobe,returned,0,0.14826119999634102,30,0,0
820,shell run-as com.example.d1check.benchmarkrunner.modelprobe,returned,0,0.15657679998548701,30,153,0
821,shell run-as com.example.d1check.benchmarkrunner.modelprobe,returned,0,0.14787230000365525,30,0,0
822,push C:\Users\LG\Documents\D1Check_Telemetry_V4\resume_20260920T160724Z\smoke_plan_v2\inputs\4630548c-9d7c-4a54-ac3c-b82e6a1bba62\efficientdet_lite0.tflite /data/local/tmp/d1check-timing-calibration/db80ecec-af10-540c-977a-1660d12f11ce/efficientdet_lite0.tflite.part,returned,0,2.289215400000103,90,0,215
823,shell run-as com.example.d1check.benchmarkrunner.modelprobe,returned,0,0.1800150999915786,30,0,0
824,shell run-as com.example.d1check.benchmarkrunner.modelprobe,returned,0,0.17285019997507334,30,166,0
825,shell run-as com.example.d1check.benchmarkrunner.modelprobe,returned,0,0.16116060002241284,30,0,0
826,push C:\Users\LG\Documents\D1Check_Telemetry_V4\resume_20260920T160724Z\smoke_plan_v2\inputs\4630548c-9d7c-4a54-ac3c-b82e6a1bba62\efficientnet_lite0.tflite /data/local/tmp/d1check-timing-calibration/db80ecec-af10-540c-977a-1660d12f11ce/efficientnet_lite0.tflite.part,returned,0,3.260740800003987,90,0,215
827,shell run-as com.example.d1check.benchmarkrunner.modelprobe,returned,0,0.17381419998127967,30,0,0
828,shell run-as com.example.d1check.benchmarkrunner.modelprobe,returned,0,0.17603460000827909,30,166,0
829,shell run-as com.example.d1check.benchmarkrunner.modelprobe,returned,0,0.14553959999466315,30,0,0
830,push C:\Users\LG\Documents\D1Check_Telemetry_V4\resume_20260920T160724Z\smoke_plan_v2\inputs\4630548c-9d7c-4a54-ac3c-b82e6a1bba62\labels.txt /data/local/tmp/d1check-timing-calibration/db80ecec-af10-540c-977a-1660d12f11ce/labels.txt.part,returned,0,0.171794600028079,90,0,195
831,shell run-as com.example.d1check.benchmarkrunner.modelprobe,returned,0,0.14034959999844432,30,0,0
832,shell run-as com.example.d1check.benchmarkrunner.modelprobe,returned,0,0.14387359999818727,30,151,0
833,shell run-as com.example.d1check.benchmarkrunner.modelprobe,returned,0,0.15811940003186464,30,0,0
834,push C:\Users\LG\Documents\D1Check_Telemetry_V4\resume_20260920T160724Z\smoke_plan_v2\inputs\4630548c-9d7c-4a54-ac3c-b82e6a1bba62\labels_without_background.txt /data/local/tmp/d1check-timing-calibration/db80ecec-af10-540c-977a-1660d12f11ce/labels_without_background.txt.part,returned,0,0.17108300002291799,90,0,216
835,shell run-as com.example.d1check.benchmarkrunner.modelprobe,returned,0,0.154753900016658,30,0,0
836,shell run-as com.example.d1check.benchmarkrunner.modelprobe,returned,0,0.14316630002576858,30,170,0
837,shell run-as com.example.d1check.benchmarkrunner.modelprobe,returned,0,0.14947740000206977,30,0,0
838,push C:\Users\LG\Documents\D1Check_Arrival_Extension\separated_power_plan_v1\development\manifests\db80ecec-af10-540c-977a-1660d12f11ce.json /data/local/tmp/d1check-timing-calibration/db80ecec-af10-540c-977a-1660d12f11ce/manifest.json.part,returned,0,0.15105109999421984,90,0,198
839,shell run-as com.example.d1check.benchmarkrunner.modelprobe,returned,0,0.15142879995983094,30,0,0
840,shell run-as com.example.d1check.benchmarkrunner.modelprobe,returned,0,0.1530971999745816,30,154,0
841,shell run-as com.example.d1check.benchmarkrunner.modelprobe,returned,0,0.15077229996677488,30,0,0
842,shell am start,returned,0,0.7359456999693066,20,402,0
843,exec-out cat /proc/uptime,returned,0,0.22438279999187216,2,19,0
844,shell dumpsys thermalservice,returned,0,0.11839930003043264,2,1527,0
845,exec-out cat /proc/uptime,returned,0,0.15181159996427596,2,19,0
846,shell sh -c,returned,0,0.33241929998621345,2,76,0
847,shell run-as com.example.d1check.benchmarkrunner.modelprobe,returned,0,0.19163770001614466,3,31,0
848,shell run-as com.example.d1check.benchmarkrunner.modelprobe,returned,0,0.1567225000471808,3,31,0
849,shell run-as com.example.d1check.benchmarkrunner.modelprobe,returned,0,0.1328120999969542,3,31,0
850,shell run-as com.example.d1check.benchmarkrunner.modelprobe,returned,0,0.13108409999404103,3,31,0
851,exec-out cat /proc/uptime,returned,0,0.10764469997957349,2,19,0
852,shell dumpsys thermalservice,returned,0,0.19128059997456148,2,1527,0
853,exec-out cat /proc/uptime,returned,0,0.11504880001302809,2,19,0
854,shell run-as com.example.d1check.benchmarkrunner.modelprobe,returned,0,0.12525310000637546,3,31,0
855,shell run-as com.example.d1check.benchmarkrunner.modelprobe,returned,0,0.14772780000930652,3,31,0
856,shell run-as com.example.d1check.benchmarkrunner.modelprobe,returned,0,0.12862170004518703,3,31,0
857,shell run-as com.example.d1check.benchmarkrunner.modelprobe,returned,0,0.12892590003320947,3,31,0
858,shell run-as com.example.d1check.benchmarkrunner.modelprobe,returned,0,0.12166849995264784,3,31,0
859,shell run-as com.example.d1check.benchmarkrunner.modelprobe,returned,0,0.12735460000112653,3,31,0
860,exec-out cat /proc/uptime,returned,0,0.14153639995492995,2,19,0
861,shell dumpsys thermalservice,returned,0,0.12192440003855154,2,1527,0
862,exec-out cat /proc/uptime,returned,0,0.14576059998944402,2,19,0
863,shell run-as com.example.d1check.benchmarkrunner.modelprobe,returned,0,0.1514601999660954,3,31,0
864,shell run-as com.example.d1check.benchmarkrunner.modelprobe,returned,0,0.23051099997246638,3,31,0
865,shell run-as com.example.d1check.benchmarkrunner.modelprobe,returned,0,0.27607879997231066,3,31,0
866,shell run-as com.example.d1check.benchmarkrunner.modelprobe,timeout,1,3.0041070000152104,3,0,0
867,exec-out run-as com.example.d1check.benchmarkrunner.modelprobe,returned,0,0.23741609998978674,9.996450899983756,27384,0
868,exec-out run-as com.example.d1check.benchmarkrunner.modelprobe,returned,0,0.20554090000223368,9.712046700005885,32068,0
869,exec-out run-as com.example.d1check.benchmarkrunner.modelprobe,returned,0,0.1763848999980837,9.477208000025712,116,0
870,exec-out run-as com.example.d1check.benchmarkrunner.modelprobe,returned,0,0.17346869996981695,9.266961699991953,124,0
871,exec-out run-as com.example.d1check.benchmarkrunner.modelprobe,returned,0,0.16516520001459867,9.068172900006175,124,0
872,exec-out run-as com.example.d1check.benchmarkrunner.modelprobe,returned,0,0.16493179998360574,8.85631750000175,124,0
873,exec-out run-as com.example.d1check.benchmarkrunner.modelprobe,returned,0,0.1601758999750018,8.671376199985389,117,0
874,shell am force-stop,returned,0,0.2719197999686003,15,0,0
875,shell ps -A,returned,0,0.16977370000677183,15,72566,0
876,shell dumpsys thermalservice,returned,0,0.11974739999277517,15,1527,0
