tag,seg,seg_label,accelerator,duty,t_s,t_load_s,n_inf,lat_med_ms,power_w,SKIN,AP,PA,BAT,status,active,in_transition
ni300,0,cold_ref_d10,NPU,10,0,0.0,1219,0.775898,5.2404,31.1,30.3,29.7,29.3,0,1,0
ni300,0,cold_ref_d10,NPU,10,1,1.0,0,,0.941,31.1,30.3,29.7,29.3,0,0,0
ni300,0,cold_ref_d10,NPU,10,2,2.0,0,,0.7088,31.1,30.3,29.7,29.3,0,0,0
ni300,0,cold_ref_d10,NPU,10,3,3.0,0,,1.7984,31.2,31.1,30.7,29.3,0,0,0
ni300,0,cold_ref_d10,NPU,10,4,4.0,0,,0.7893,31.2,31.1,30.7,29.3,0,0,0
ni300,0,cold_ref_d10,NPU,10,5,5.0,0,,0.9812,31.2,31.1,30.7,29.3,0,0,0
ni300,0,cold_ref_d10,NPU,10,6,6.0,0,,0.7893,31.2,31.1,30.7,29.3,0,0,0
ni300,0,cold_ref_d10,NPU,10,7,7.0,0,,0.8914,31.2,31.1,30.7,29.3,0,0,0
ni300,0,cold_ref_d10,NPU,10,8,8.0,0,,0.7181,31.2,31.1,30.7,29.3,0,0,0
ni300,0,cold_ref_d10,NPU,10,9,9.0,0,,0.7181,31.2,31.1,30.7,29.3,0,0,0
ni300,0,cold_ref_d10,NPU,10,10,10.0,1198,0.765019,5.618,31.2,31.1,30.7,29.3,0,1,0
ni300,0,cold_ref_d10,NPU,10,11,11.0,0,,1.9408,31.2,31.1,30.7,29.3,0,0,0
ni300,0,cold_ref_d10,NPU,10,12,12.0,0,,1.2226,31.2,31.1,30.7,29.3,0,0,0
ni300,0,cold_ref_d10,NPU,10,13,13.0,0,,1.1112,31.4,31.4,31.3,29.4,0,0,0
ni300,0,cold_ref_d10,NPU,10,14,14.0,0,,1.2226,31.4,31.4,31.3,29.4,0,0,0
ni300,0,cold_ref_d10,NPU,10,15,15.0,0,,1.1638,31.4,31.4,31.3,29.4,0,0,0
ni300,0,cold_ref_d10,NPU,10,16,16.0,0,,1.2319,31.4,31.4,31.3,29.4,0,0,0
ni300,0,cold_ref_d10,NPU,10,17,17.0,0,,0.8295,31.4,31.4,31.3,29.4,0,0,0
ni300,0,cold_ref_d10,NPU,10,18,18.0,0,,1.0926,31.4,31.4,31.3,29.4,0,0,0
ni300,0,cold_ref_d10,NPU,10,19,19.0,0,,1.2846,31.4,31.4,31.3,29.4,0,0,0
ni300,0,cold_ref_d10,NPU,10,20,20.0,966,0.768945,1.8696,31.4,31.4,31.3,29.4,0,1,0
ni300,0,cold_ref_d10,NPU,10,21,21.0,0,,1.0122,31.4,31.4,31.3,29.4,0,0,0
ni300,0,cold_ref_d10,NPU,10,22,22.0,0,,1.1236,31.4,31.4,31.3,29.4,0,0,0
ni300,0,cold_ref_d10,NPU,10,23,23.0,0,,0.8698,31.5,31.6,31.6,29.5,0,0,0
ni300,0,cold_ref_d10,NPU,10,24,24.0,0,,0.8698,31.5,31.6,31.6,29.5,0,0,0
ni300,0,cold_ref_d10,NPU,10,25,25.0,0,,1.0215,31.5,31.6,31.6,29.5,0,0,0
ni300,0,cold_ref_d10,NPU,10,26,26.0,0,,1.4672,31.5,31.6,31.6,29.5,0,0,0
ni300,0,cold_ref_d10,NPU,10,27,27.0,0,,0.9905,31.5,31.6,31.6,29.5,0,0,0
ni300,0,cold_ref_d10,NPU,10,28,28.0,0,,1.0215,31.5,31.6,31.6,29.5,0,0,0
ni300,0,cold_ref_d10,NPU,10,29,29.0,0,,1.0091,31.5,31.6,31.6,29.5,0,0,0
ni300,0,cold_ref_d10,NPU,10,30,30.0,1204,0.740995,5.2744,31.5,31.6,31.6,29.5,0,1,0
ni300,0,cold_ref_d10,NPU,10,31,31.0,0,,0.9998,31.5,31.6,31.6,29.5,0,0,0
ni300,0,cold_ref_d10,NPU,10,32,32.0,0,,1.4146,31.5,31.6,31.6,29.5,0,0,0
ni300,0,cold_ref_d10,NPU,10,33,33.0,0,,1.2134,31.7,31.8,31.8,29.6,0,0,0
ni300,0,cold_ref_d10,NPU,10,34,34.0,0,,1.1607,31.7,31.8,31.8,29.6,0,0,0
ni300,0,cold_ref_d10,NPU,10,35,35.0,0,,1.1329,31.7,31.8,31.8,29.6,0,0,0
ni300,0,cold_ref_d10,NPU,10,36,36.0,0,,1.1917,31.7,31.8,31.8,29.6,0,0,0
ni300,0,cold_ref_d10,NPU,10,37,37.0,0,,1.1731,31.7,31.8,31.8,29.6,0,0,0
ni300,0,cold_ref_d10,NPU,10,38,38.0,0,,1.95,31.7,31.8,31.8,29.6,0,0,0
ni300,0,cold_ref_d10,NPU,10,39,39.0,0,,1.3434,31.7,31.8,31.8,29.6,0,0,0
ni300,0,cold_ref_d10,NPU,10,40,40.0,1175,0.761485,6.7385,31.7,31.8,31.8,29.6,0,1,0
ni300,0,cold_ref_d10,NPU,10,41,41.0,0,,1.7179,31.7,31.8,31.8,29.6,0,0,0
ni300,0,cold_ref_d10,NPU,10,42,42.0,0,,1.1917,31.7,31.8,31.8,29.6,0,0,0
ni300,0,cold_ref_d10,NPU,10,43,43.0,0,,1.0926,31.8,32.1,32.1,29.7,0,0,0
ni300,0,cold_ref_d10,NPU,10,44,44.0,0,,1.1731,31.8,32.1,32.1,29.7,0,0,0
ni300,0,cold_ref_d10,NPU,10,45,45.0,0,,1.7489,31.8,32.1,32.1,29.7,0,0,0
ni300,0,cold_ref_d10,NPU,10,46,46.0,0,,1.9408,31.8,32.1,32.1,29.7,0,0,0
ni300,0,cold_ref_d10,NPU,10,47,47.0,0,,1.526,31.8,32.1,32.1,29.7,0,0,0
ni300,0,cold_ref_d10,NPU,10,48,48.0,0,,1.2536,31.8,32.1,32.1,29.7,0,0,0
ni300,0,cold_ref_d10,NPU,10,49,49.0,0,,1.2226,31.8,32.1,32.1,29.7,0,0,0
ni300,0,cold_ref_d10,NPU,10,50,50.0,1139,0.759804,5.8378,31.8,32.1,32.1,29.7,0,1,0
ni300,0,cold_ref_d10,NPU,10,51,51.0,0,,1.5074,31.8,32.1,32.1,29.7,0,0,0
ni300,0,cold_ref_d10,NPU,10,52,52.0,0,,1.2226,31.8,32.1,32.1,29.7,0,0,0
ni300,0,cold_ref_d10,NPU,10,53,53.0,0,,1.5569,32.0,32.2,32.4,29.8,0,0,0
ni300,0,cold_ref_d10,NPU,10,54,54.0,0,,1.6065,32.0,32.2,32.4,29.8,0,0,0
ni300,0,cold_ref_d10,NPU,10,55,55.0,0,,1.1019,32.0,32.2,32.4,29.8,0,0,0
ni300,0,cold_ref_d10,NPU,10,56,56.0,0,,1.1515,32.0,32.2,32.4,29.8,0,0,0
ni300,0,cold_ref_d10,NPU,10,57,57.0,0,,1.3031,32.0,32.2,32.4,29.8,0,0,0
ni300,0,cold_ref_d10,NPU,10,58,58.0,0,,0.9812,32.0,32.2,32.4,29.8,0,0,0
ni300,0,cold_ref_d10,NPU,10,59,59.0,0,,1.6467,32.0,32.2,32.4,29.8,0,0,0
ni300,0,cold_ref_d10,NPU,10,60,60.0,0,,4.3582,32.0,32.2,32.4,29.8,0,0,0
ni300,1,heat_d100,NPU,100,0,60.161,1246,0.750762,4.3582,32.0,32.2,32.4,29.8,0,1,0
ni300,1,heat_d100,NPU,100,1,61.161,1285,0.739726,5.4447,32.0,32.2,32.4,29.8,0,1,0
ni300,1,heat_d100,NPU,100,2,62.161,1275,0.745235,6.6549,32.0,32.2,32.4,29.8,0,1,0
ni300,1,heat_d100,NPU,100,3,63.161,1274,0.746269,6.1504,32.1,32.9,33.9,29.9,0,1,0
ni300,1,heat_d100,NPU,100,4,64.161,1265,0.751368,6.1442,32.1,32.9,33.9,29.9,0,1,0
ni300,1,heat_d100,NPU,100,5,65.161,1275,0.73875,4.6492,32.1,32.9,33.9,29.9,0,1,0
ni300,1,heat_d100,NPU,100,6,66.161,1282,0.741075,6.9459,32.1,32.9,33.9,29.9,0,1,0
ni300,1,heat_d100,NPU,100,7,67.161,1284,0.743027,6.5744,32.1,32.9,33.9,29.9,0,1,0
ni300,1,heat_d100,NPU,100,8,68.161,1262,0.747343,5.8935,32.1,32.9,33.9,29.9,0,1,0
ni300,1,heat_d100,NPU,100,9,69.161,1259,0.758047,6.2432,32.1,32.9,33.9,29.9,0,1,0
ni300,1,heat_d100,NPU,100,10,70.161,1261,0.753164,5.6273,32.1,32.9,33.9,29.9,0,1,0
ni300,1,heat_d100,NPU,100,11,71.161,1281,0.738046,4.8658,32.1,32.9,33.9,29.9,0,1,0
ni300,1,heat_d100,NPU,100,12,72.161,1270,0.748009,3.5318,32.1,32.9,33.9,29.9,0,1,0
ni300,1,heat_d100,NPU,100,13,73.161,1293,0.741602,7.5618,33.2,35.1,36.7,30.4,0,1,0
ni300,1,heat_d100,NPU,100,14,74.161,1273,0.747539,5.5778,33.2,35.1,36.7,30.4,0,1,0
ni300,1,heat_d100,NPU,100,15,75.161,1271,0.744453,7.4659,33.2,35.1,36.7,30.4,0,1,0
ni300,1,heat_d100,NPU,100,16,76.161,1279,0.745391,5.1258,33.2,35.1,36.7,30.4,0,1,0
ni300,1,heat_d100,NPU,100,17,77.161,1242,0.749316,6.624,33.2,35.1,36.7,30.4,0,1,0
ni300,1,heat_d100,NPU,100,18,78.161,1272,0.749942,4.5099,33.2,35.1,36.7,30.4,0,1,0
ni300,1,heat_d100,NPU,100,19,79.161,1287,0.743984,4.6244,33.2,35.1,36.7,30.4,0,1,0
ni300,1,heat_d100,NPU,100,20,80.161,1260,0.747051,4.5161,33.2,35.1,36.7,30.4,0,1,0
ni300,1,heat_d100,NPU,100,21,81.161,1286,0.73959,4.3458,33.2,35.1,36.7,30.4,0,1,0
ni300,1,heat_d100,NPU,100,22,82.161,1267,0.746836,5.844,33.2,35.1,36.7,30.4,0,1,0
ni300,1,heat_d100,NPU,100,23,83.161,1264,0.752285,4.807,33.9,36.4,38.2,31.1,0,1,0
ni300,1,heat_d100,NPU,100,24,84.161,1261,0.745625,5.7078,33.9,36.4,38.2,31.1,0,1,0
ni300,1,heat_d100,NPU,100,25,85.161,1283,0.740312,5.2744,33.9,36.4,38.2,31.1,0,1,0
ni300,1,heat_d100,NPU,100,26,86.161,1254,0.753067,6.1163,33.9,36.4,38.2,31.1,0,1,0
ni300,1,heat_d100,NPU,100,27,87.161,1261,0.74832,5.1723,33.9,36.4,38.2,31.1,0,1,0
ni300,1,heat_d100,NPU,100,28,88.161,1267,0.750078,3.7113,33.9,36.4,38.2,31.1,0,1,0
ni300,1,heat_d100,NPU,100,29,89.161,1273,0.741523,5.3889,33.9,36.4,38.2,31.1,0,1,0
ni300,1,heat_d100,NPU,100,30,90.161,1280,0.745371,7.89,34.3,37.1,38.9,31.5,0,1,0
ni300,1,heat_d100,NPU,100,31,91.161,1281,0.740898,6.6859,34.3,37.1,38.9,31.5,0,1,0
ni300,1,heat_d100,NPU,100,32,92.161,1259,0.738281,4.872,34.4,37.2,39.1,31.6,0,1,0
ni300,1,heat_d100,NPU,100,33,93.161,1285,0.739687,3.5906,34.4,37.2,39.1,31.6,0,1,0
ni300,1,heat_d100,NPU,100,34,94.161,1273,0.742656,5.8068,34.4,37.2,39.1,31.6,0,1,0
ni300,1,heat_d100,NPU,100,35,95.161,1265,0.751992,5.9151,34.4,37.2,39.1,31.6,0,1,0
ni300,1,heat_d100,NPU,100,36,96.161,1287,0.739336,6.5466,34.4,37.2,39.1,31.6,0,1,0
ni300,1,heat_d100,NPU,100,37,97.161,1262,0.752363,6.4537,34.6,37.5,39.5,31.9,0,1,0
ni300,1,heat_d100,NPU,100,38,98.161,1142,0.746778,4.7544,34.6,37.5,39.5,31.9,0,1,0
ni300,1,heat_d100,NPU,100,39,99.161,1267,0.749727,5.5203,34.7,37.7,39.5,31.9,0,1,0
ni300,1,heat_d100,NPU,100,40,100.161,1266,0.746602,4.4786,34.7,37.7,39.5,31.9,0,1,0
ni300,1,heat_d100,NPU,100,41,101.161,1280,0.743731,2.8131,34.8,37.8,39.8,32.1,0,1,0
ni300,1,heat_d100,NPU,100,42,102.161,1239,0.74289,5.5294,34.8,37.8,39.8,32.1,0,1,0
ni300,1,heat_d100,NPU,100,43,103.161,1262,0.741582,5.057,34.8,37.9,39.8,32.2,0,1,0
ni300,1,heat_d100,NPU,100,44,104.161,1238,0.75998,4.1243,34.8,37.9,39.8,32.2,0,1,0
ni300,1,heat_d100,NPU,100,45,105.161,1254,0.758438,6.1683,35.0,38.1,40.0,32.3,0,1,0
ni300,1,heat_d100,NPU,100,46,106.161,1286,0.741739,6.3015,35.0,38.1,40.0,32.3,0,1,0
ni300,1,heat_d100,NPU,100,47,107.161,1270,0.744883,7.3977,35.0,38.1,40.2,32.4,0,1,0
ni300,1,heat_d100,NPU,100,48,108.161,1307,0.72789,6.677,35.0,38.1,40.2,32.4,0,1,0
ni300,1,heat_d100,NPU,100,49,109.161,1293,0.738399,4.3544,35.2,38.3,40.4,32.5,0,1,0
ni300,1,heat_d100,NPU,100,50,110.161,1282,0.745996,4.951,35.2,38.3,40.4,32.5,0,1,0
ni300,1,heat_d100,NPU,100,51,111.161,1267,0.734141,5.0994,35.2,38.4,40.4,32.5,0,1,0
ni300,1,heat_d100,NPU,100,52,112.161,1200,0.732227,7.0071,35.2,38.4,40.4,32.5,0,1,0
ni300,1,heat_d100,NPU,100,53,113.161,1284,0.741231,4.5876,35.3,38.5,40.6,32.6,0,1,0
ni300,1,heat_d100,NPU,100,54,114.161,1260,0.757441,4.3332,35.3,38.5,40.6,32.6,0,1,0
ni300,1,heat_d100,NPU,100,55,115.161,1278,0.741016,5.9018,35.4,38.6,40.6,32.7,0,1,0
ni300,1,heat_d100,NPU,100,56,116.161,1307,0.735703,6.6861,35.4,38.6,40.6,32.7,0,1,0
ni300,1,heat_d100,NPU,100,57,117.161,1287,0.739297,6.4984,35.5,38.7,40.7,32.8,0,1,0
ni300,1,heat_d100,NPU,100,58,118.161,1292,0.738672,5.596,35.5,38.7,40.7,32.8,0,1,0
ni300,1,heat_d100,NPU,100,59,119.161,1271,0.748672,4.0092,35.5,38.9,41.0,32.9,0,1,0
ni300,1,heat_d100,NPU,100,60,120.161,1275,0.736094,6.4166,35.5,38.9,41.0,32.9,0,1,0
ni300,1,heat_d100,NPU,100,61,121.161,1281,0.743789,6.0805,35.6,39.0,41.0,33.0,0,1,0
ni300,1,heat_d100,NPU,100,62,122.161,1291,0.735625,3.9033,35.6,39.0,41.0,33.0,0,1,0
ni300,1,heat_d100,NPU,100,63,123.161,1302,0.732363,4.5392,35.7,39.0,41.1,33.1,0,1,0
ni300,1,heat_d100,NPU,100,64,124.161,1289,0.738047,6.0714,35.7,39.0,41.1,33.1,0,1,0
ni300,1,heat_d100,NPU,100,65,125.161,1264,0.745449,5.1751,35.7,39.1,41.1,33.2,0,1,0
ni300,1,heat_d100,NPU,100,66,126.161,1275,0.747539,8.4909,35.7,39.1,41.1,33.2,0,1,0
ni300,1,heat_d100,NPU,100,67,127.161,1269,0.741953,3.3552,35.8,39.2,41.4,33.2,0,1,0
ni300,1,heat_d100,NPU,100,68,128.161,1285,0.733125,3.2855,35.8,39.2,41.4,33.2,0,1,0
ni300,1,heat_d100,NPU,100,69,129.161,1289,0.735507,6.9032,35.9,39.3,41.4,33.3,0,1,0
ni300,1,heat_d100,NPU,100,70,130.161,1284,0.73791,7.2053,35.9,39.3,41.4,33.3,0,1,0
ni300,1,heat_d100,NPU,100,71,131.161,1258,0.751914,5.0996,36.0,39.3,41.6,33.4,0,1,0
ni300,1,heat_d100,NPU,100,72,132.161,1270,0.739375,3.6495,36.0,39.3,41.6,33.4,0,1,0
ni300,1,heat_d100,NPU,100,73,133.161,1283,0.737579,4.2295,35.9,39.4,41.4,33.4,0,1,0
ni300,1,heat_d100,NPU,100,74,134.161,1308,0.731426,4.7069,35.9,39.4,41.4,33.4,0,1,0
ni300,1,heat_d100,NPU,100,75,135.161,1277,0.738242,5.5467,36.1,39.6,41.7,33.5,0,1,0
ni300,1,heat_d100,NPU,100,76,136.161,1271,0.746484,5.3775,36.1,39.6,41.7,33.5,0,1,0
ni300,1,heat_d100,NPU,100,77,137.161,1266,0.742851,3.5891,36.1,39.8,41.7,33.6,0,1,0
ni300,1,heat_d100,NPU,100,78,138.161,1283,0.735547,3.2054,36.1,39.8,41.7,33.6,0,1,0
ni300,1,heat_d100,NPU,100,79,139.161,1276,0.73416,6.154,36.2,39.8,42.0,33.7,0,1,0
ni300,1,heat_d100,NPU,100,80,140.161,1284,0.734492,7.737,36.2,39.8,42.0,33.7,0,1,0
ni300,1,heat_d100,NPU,100,81,141.161,1269,0.744297,3.1661,36.2,40.0,42.1,33.8,0,1,0
ni300,1,heat_d100,NPU,100,82,142.161,1285,0.738477,5.6071,36.2,40.0,42.1,33.8,0,1,0
ni300,1,heat_d100,NPU,100,83,143.161,1287,0.732657,5.7552,36.3,40.1,42.1,33.9,0,1,0
ni300,1,heat_d100,NPU,100,84,144.161,1293,0.726211,5.9093,36.3,40.1,42.1,33.9,0,1,0
ni300,1,heat_d100,NPU,100,85,145.161,1295,0.730273,5.8942,36.4,40.4,42.5,33.9,0,1,0
ni300,1,heat_d100,NPU,100,86,146.161,1287,0.740039,5.6253,36.4,40.4,42.5,33.9,0,1,0
ni300,1,heat_d100,NPU,100,87,147.161,1286,0.734511,8.6403,36.5,40.4,42.5,34.0,0,1,0
ni300,1,heat_d100,NPU,100,88,148.161,1263,0.74164,6.0603,36.5,40.4,42.5,34.0,0,1,0
ni300,1,heat_d100,NPU,100,89,149.161,1309,0.730977,3.7039,36.5,40.5,42.6,34.1,0,1,0
ni300,1,heat_d100,NPU,100,90,150.161,1299,0.733164,4.2567,36.5,40.5,42.6,34.1,0,1,0
ni300,1,heat_d100,NPU,100,91,151.161,1293,0.73289,5.7914,36.6,40.7,42.8,34.2,0,1,0
ni300,1,heat_d100,NPU,100,92,152.161,1295,0.731328,5.8579,36.6,40.7,42.8,34.2,0,1,0
ni300,1,heat_d100,NPU,100,93,153.161,1292,0.734961,6.1026,36.7,40.7,42.8,34.3,0,1,0
ni300,1,heat_d100,NPU,100,94,154.161,1301,0.730742,6.3715,36.7,40.7,42.8,34.3,0,1,0
ni300,1,heat_d100,NPU,100,95,155.161,1317,0.726015,6.1932,36.7,40.8,42.7,34.3,0,1,0
ni300,1,heat_d100,NPU,100,96,156.161,1309,0.725469,7.015,36.7,40.8,42.7,34.3,0,1,0
ni300,1,heat_d100,NPU,100,97,157.161,1323,0.728321,5.7371,36.7,40.9,42.7,34.4,0,1,0
ni300,1,heat_d100,NPU,100,98,158.161,1307,0.7275,5.8398,36.7,40.9,42.7,34.4,0,1,0
ni300,1,heat_d100,NPU,100,99,159.161,1299,0.730196,7.1932,36.8,40.9,42.8,34.5,0,1,0
ni300,1,heat_d100,NPU,100,100,160.161,1307,0.732149,7.6345,36.8,40.9,42.8,34.5,0,1,0
ni300,1,heat_d100,NPU,100,101,161.161,1302,0.732383,6.4642,37.0,41.0,43.2,34.5,0,1,0
ni300,1,heat_d100,NPU,100,102,162.161,1285,0.734922,5.3028,37.0,41.0,43.2,34.5,0,1,0
ni300,1,heat_d100,NPU,100,103,163.161,1287,0.733633,4.0209,36.9,41.0,42.7,34.6,0,1,0
ni300,1,heat_d100,NPU,100,104,164.161,1284,0.73666,5.7402,36.9,41.0,42.7,34.6,0,1,0
ni300,1,heat_d100,NPU,100,105,165.161,1285,0.743242,6.1112,37.1,41.1,43.3,34.7,0,1,0
ni300,1,heat_d100,NPU,100,106,166.161,1288,0.73918,5.0947,37.1,41.1,43.3,34.7,0,1,0
ni300,1,heat_d100,NPU,100,107,167.161,1251,0.743867,7.3027,37.1,41.1,43.4,34.8,0,1,0
ni300,1,heat_d100,NPU,100,108,168.161,1280,0.747422,3.3965,37.1,41.1,43.4,34.8,0,1,0
ni300,1,heat_d100,NPU,100,109,169.161,1288,0.735351,3.6318,37.1,41.2,43.2,34.8,0,1,0
ni300,1,heat_d100,NPU,100,110,170.161,1230,0.731388,5.7342,37.1,41.2,43.2,34.8,0,1,0
ni300,1,heat_d100,NPU,100,111,171.161,1287,0.736445,3.0255,37.1,41.1,43.1,34.8,0,1,0
ni300,1,heat_d100,NPU,100,112,172.161,1279,0.742344,3.683,37.1,41.1,43.1,34.8,0,1,0
ni300,1,heat_d100,NPU,100,113,173.161,1282,0.736309,4.9741,37.2,41.2,43.2,34.9,0,1,0
ni300,1,heat_d100,NPU,100,114,174.161,1030,0.755625,4.1114,37.2,41.2,43.2,34.9,0,1,0
ni300,1,heat_d100,NPU,100,115,175.161,1254,0.761289,6.0931,37.3,41.3,43.2,34.9,0,1,0
ni300,1,heat_d100,NPU,100,116,176.161,1241,0.766485,5.9996,37.3,41.3,43.2,34.9,0,1,0
ni300,1,heat_d100,NPU,100,117,177.161,1286,0.738945,5.9393,37.2,41.3,43.1,35.0,0,1,0
ni300,1,heat_d100,NPU,100,118,178.161,1275,0.744375,3.8338,37.2,41.3,43.1,35.0,0,1,0
ni300,1,heat_d100,NPU,100,119,179.161,1275,0.742735,6.5004,37.2,41.4,43.3,35.0,0,1,0
ni300,1,heat_d100,NPU,100,120,180.161,1297,0.735938,5.8066,37.2,41.4,43.3,35.0,0,1,0
ni300,1,heat_d100,NPU,100,121,181.161,1260,0.756485,5.324,37.4,41.4,43.4,35.2,0,1,0
ni300,1,heat_d100,NPU,100,122,182.161,1222,0.766738,6.4249,37.4,41.4,43.4,35.2,0,1,0
ni300,1,heat_d100,NPU,100,123,183.161,1205,0.763321,4.1988,37.4,41.5,43.3,35.2,0,1,0
ni300,1,heat_d100,NPU,100,124,184.161,1240,0.76,3.9183,37.4,41.5,43.3,35.2,0,1,0
ni300,1,heat_d100,NPU,100,125,185.161,1221,0.764258,4.7237,37.5,41.5,43.4,35.3,0,1,0
ni300,1,heat_d100,NPU,100,126,186.161,1063,0.771679,2.3679,37.5,41.5,43.4,35.3,0,1,0
ni300,1,heat_d100,NPU,100,127,187.161,1220,0.773203,6.5607,37.5,41.5,43.3,35.4,0,1,0
ni300,1,heat_d100,NPU,100,128,188.161,1254,0.763164,5.1852,37.5,41.5,43.3,35.4,0,1,0
ni300,1,heat_d100,NPU,100,129,189.161,1213,0.774844,5.4205,37.5,41.5,43.3,35.4,0,1,0
ni300,1,heat_d100,NPU,100,130,190.161,1247,0.766094,4.8142,37.5,41.5,43.3,35.4,0,1,0
ni300,1,heat_d100,NPU,100,131,191.161,1232,0.771739,5.6286,37.6,41.6,43.4,35.4,0,1,0
ni300,1,heat_d100,NPU,100,132,192.161,1210,0.78375,6.3797,37.6,41.6,43.4,35.4,0,1,0
ni300,1,heat_d100,NPU,100,133,193.161,1227,0.775351,5.336,37.6,41.6,43.5,35.5,0,1,0
ni300,1,heat_d100,NPU,100,134,194.161,1233,0.771719,5.9453,37.6,41.6,43.5,35.5,0,1,0
ni300,1,heat_d100,NPU,100,135,195.161,1188,0.794239,5.1188,37.7,41.7,43.6,35.5,0,1,0
ni300,1,heat_d100,NPU,100,136,196.161,1161,0.819961,5.2546,37.7,41.7,43.6,35.5,0,1,0
ni300,1,heat_d100,NPU,100,137,197.161,1180,0.803516,4.9801,37.7,41.7,43.5,35.6,0,1,0
ni300,1,heat_d100,NPU,100,138,198.161,1199,0.792187,4.7901,37.7,41.7,43.5,35.6,0,1,0
ni300,1,heat_d100,NPU,100,139,199.161,1240,0.778496,6.1565,37.6,41.6,43.5,35.6,0,1,0
ni300,1,heat_d100,NPU,100,140,200.161,1220,0.776133,4.1596,37.6,41.6,43.5,35.6,0,1,0
ni300,1,heat_d100,NPU,100,141,201.161,1191,0.780391,5.2787,37.7,41.8,43.7,35.7,0,1,0
ni300,1,heat_d100,NPU,100,142,202.161,1196,0.793731,3.2607,37.7,41.8,43.7,35.7,0,1,0
ni300,1,heat_d100,NPU,100,143,203.161,1104,0.810488,3.8218,37.8,41.8,43.6,35.7,0,1,0
ni300,1,heat_d100,NPU,100,144,204.161,1154,0.818378,5.4657,37.8,41.8,43.6,35.7,0,1,0
ni300,1,heat_d100,NPU,100,145,205.161,1153,0.816328,6.1746,37.8,41.8,43.6,35.8,0,1,0
ni300,1,heat_d100,NPU,100,146,206.161,1183,0.810117,4.6845,37.8,41.8,43.6,35.8,0,1,0
ni300,1,heat_d100,NPU,100,147,207.161,1166,0.817481,4.5367,37.9,41.9,43.7,35.8,0,1,0
ni300,1,heat_d100,NPU,100,148,208.161,1153,0.822774,4.1777,37.9,41.9,43.7,35.8,0,1,0
ni300,1,heat_d100,NPU,100,149,209.161,1158,0.816113,5.4506,37.9,41.9,43.5,35.9,0,1,0
ni300,1,heat_d100,NPU,100,150,210.161,1157,0.82207,4.787,37.9,41.9,43.5,35.9,0,1,0
ni300,1,heat_d100,NPU,100,151,211.161,1152,0.819765,5.6859,38.0,41.9,43.9,35.9,0,1,0
ni300,1,heat_d100,NPU,100,152,212.161,1165,0.817539,4.962,38.0,41.9,43.9,35.9,0,1,0
ni300,1,heat_d100,NPU,100,153,213.161,1160,0.819765,3.9515,38.0,41.9,43.8,36.0,0,1,0
ni300,1,heat_d100,NPU,100,154,214.161,1152,0.823359,4.6573,38.0,41.9,43.8,36.0,0,1,0
ni300,1,heat_d100,NPU,100,155,215.161,1160,0.82123,5.882,38.1,41.9,43.9,36.0,0,1,0
ni300,1,heat_d100,NPU,100,156,216.161,1160,0.816718,4.7177,38.1,41.9,43.9,36.0,0,1,0
ni300,1,heat_d100,NPU,100,157,217.161,1160,0.821719,4.1355,38.1,41.9,43.9,36.1,0,1,0
ni300,1,heat_d100,NPU,100,158,218.161,1143,0.822656,4.5306,38.1,41.9,43.9,36.1,0,1,0
ni300,1,heat_d100,NPU,100,159,219.161,1154,0.816543,5.143,38.1,41.9,43.8,36.1,0,1,0
ni300,1,heat_d100,NPU,100,160,220.161,1158,0.821035,5.5381,38.1,41.9,43.8,36.1,0,1,0
ni300,1,heat_d100,NPU,100,161,221.161,1153,0.817695,4.632,38.2,42.0,44.0,36.2,0,1,0
ni300,1,heat_d100,NPU,100,162,222.161,1160,0.81998,5.1718,38.2,42.0,44.0,36.2,0,1,0
ni300,1,heat_d100,NPU,100,163,223.161,1154,0.82045,5.7086,38.2,42.1,44.0,36.2,0,1,0
ni300,1,heat_d100,NPU,100,164,224.161,1136,0.826895,5.2985,38.2,42.1,44.0,36.2,0,1,0
ni300,1,heat_d100,NPU,100,165,225.161,1177,0.804141,5.4492,38.1,42.1,43.8,36.2,0,1,0
ni300,1,heat_d100,NPU,100,166,226.161,1194,0.787813,5.1447,38.1,42.1,43.8,36.2,0,1,0
ni300,1,heat_d100,NPU,100,167,227.161,1202,0.793731,4.9698,38.2,42.1,44.1,36.3,0,1,0
ni300,1,heat_d100,NPU,100,168,228.161,1159,0.821328,4.9758,38.2,42.1,44.1,36.3,0,1,0
ni300,1,heat_d100,NPU,100,169,229.161,1175,0.819179,4.9245,38.3,42.1,44.1,36.3,0,1,0
ni300,1,heat_d100,NPU,100,170,230.161,1170,0.810195,5.5638,38.3,42.1,44.1,36.3,0,1,0
ni300,1,heat_d100,NPU,100,171,231.161,1153,0.821368,5.0572,38.4,42.2,44.2,36.4,0,1,0
ni300,1,heat_d100,NPU,100,172,232.161,1153,0.819727,5.4372,38.4,42.2,44.2,36.4,0,1,0
ni300,1,heat_d100,NPU,100,173,233.161,1159,0.819102,4.1525,38.4,42.2,44.2,36.4,0,1,0
ni300,1,heat_d100,NPU,100,174,234.161,1153,0.817461,4.0771,38.4,42.2,44.2,36.4,0,1,0
ni300,1,heat_d100,NPU,100,175,235.161,1159,0.817968,4.5928,38.3,42.3,44.0,36.5,0,1,0
ni300,1,heat_d100,NPU,100,176,236.161,956,0.805683,2.3039,38.3,42.3,44.0,36.5,0,1,0
ni300,1,heat_d100,NPU,100,177,237.161,1197,0.800078,6.4685,38.4,42.3,44.1,36.5,0,1,0
ni300,1,heat_d100,NPU,100,178,238.161,1172,0.813848,4.6169,38.4,42.3,44.1,36.5,0,1,0
ni300,1,heat_d100,NPU,100,179,239.161,1156,0.813476,3.9082,38.5,42.4,44.2,36.5,0,1,0
ni300,1,heat_d100,NPU,100,180,240.161,1179,0.813672,6.556,38.5,42.4,44.2,36.5,0,1,0
ni300,1,heat_d100,NPU,100,181,241.161,1178,0.808203,3.6067,38.5,42.4,44.2,36.5,0,1,0
ni300,1,heat_d100,NPU,100,182,242.161,1207,0.788438,5.1808,38.4,42.3,44.3,36.5,0,1,0
ni300,1,heat_d100,NPU,100,183,243.161,1195,0.800039,5.4492,38.5,42.4,44.4,36.6,0,1,0
ni300,1,heat_d100,NPU,100,184,244.161,1158,0.819551,6.7098,38.5,42.4,44.4,36.6,0,1,0
ni300,1,heat_d100,NPU,100,185,245.161,1188,0.805098,4.2731,38.5,42.4,44.4,36.6,0,1,0
ni300,1,heat_d100,NPU,100,186,246.161,1200,0.789355,5.1356,38.4,42.5,44.1,36.6,0,1,0
ni300,1,heat_d100,NPU,100,187,247.161,1215,0.792422,5.0663,38.4,42.5,44.1,36.6,0,1,0
ni300,1,heat_d100,NPU,100,188,248.161,1165,0.815664,5.7327,38.5,42.6,44.4,36.7,0,1,0
ni300,1,heat_d100,NPU,100,189,249.161,1136,0.820078,4.8793,38.7,42.5,44.5,36.8,0,1,0
ni300,1,heat_d100,NPU,100,190,250.161,1149,0.824062,4.9366,38.7,42.5,44.5,36.8,0,1,0
ni300,1,heat_d100,NPU,100,191,251.161,1161,0.819492,4.0289,38.7,42.5,44.5,36.8,0,1,0
ni300,1,heat_d100,NPU,100,192,252.161,1154,0.824472,4.3335,38.7,42.6,44.5,36.8,0,1,0
ni300,1,heat_d100,NPU,100,193,253.161,1161,0.825078,5.217,38.7,42.6,44.5,36.8,0,1,0
ni300,1,heat_d100,NPU,100,194,254.161,1154,0.815625,4.1616,38.8,42.6,44.5,36.9,0,1,0
ni300,1,heat_d100,NPU,100,195,255.161,1176,0.82004,4.3606,38.8,42.6,44.5,36.9,0,1,0
ni300,1,heat_d100,NPU,100,196,256.161,1094,0.832539,3.4046,38.8,42.6,44.6,36.9,0,1,0
ni300,1,heat_d100,NPU,100,197,257.161,1041,0.83043,5.8473,38.8,42.6,44.6,36.9,0,1,0
ni300,1,heat_d100,NPU,100,198,258.161,1162,0.822188,6.5168,38.8,42.6,44.6,36.9,0,1,0
ni300,1,heat_d100,NPU,100,199,259.161,1164,0.819492,5.594,38.8,42.6,44.6,36.9,0,1,0
ni300,1,heat_d100,NPU,100,200,260.161,1173,0.813281,4.6531,38.8,42.7,44.6,37.0,0,1,0
ni300,1,heat_d100,NPU,100,201,261.161,1152,0.818535,5.7176,38.8,42.7,44.6,37.0,0,1,0
ni300,1,heat_d100,NPU,100,202,262.161,1174,0.820215,5.8624,38.8,42.7,44.6,37.0,0,1,0
ni300,1,heat_d100,NPU,100,203,263.161,1160,0.818281,3.4408,38.8,42.7,44.6,37.0,0,1,0
ni300,1,heat_d100,NPU,100,204,264.161,1169,0.816641,5.4281,38.8,42.8,44.5,37.0,0,1,0
ni300,1,heat_d100,NPU,100,205,265.161,1177,0.812188,5.79,38.8,42.8,44.5,37.0,0,1,0
ni300,1,heat_d100,NPU,100,206,266.161,998,0.825918,6.0192,38.8,42.8,44.5,37.1,0,1,0
ni300,1,heat_d100,NPU,100,207,267.161,1174,0.817832,3.9987,38.8,42.8,44.5,37.1,0,1,0
ni300,1,heat_d100,NPU,100,208,268.161,1168,0.821368,4.5536,38.9,42.8,44.6,37.1,0,1,0
ni300,1,heat_d100,NPU,100,209,269.161,1169,0.809571,5.2321,38.9,42.8,44.6,37.1,0,1,0
ni300,1,heat_d100,NPU,100,210,270.161,1191,0.795274,5.0572,38.8,42.8,44.3,37.1,0,1,0
ni300,1,heat_d100,NPU,100,211,271.161,1198,0.798574,5.0874,38.8,42.8,44.3,37.1,0,1,0
ni300,1,heat_d100,NPU,100,212,272.161,1176,0.814882,3.6248,39.0,42.9,44.9,37.2,0,1,0
ni300,1,heat_d100,NPU,100,213,273.161,1166,0.819414,7.7622,39.0,42.9,44.9,37.2,0,1,0
ni300,1,heat_d100,NPU,100,214,274.161,1160,0.823789,4.5506,39.0,42.9,45.0,37.2,0,1,0
ni300,1,heat_d100,NPU,100,215,275.161,1155,0.818555,3.8721,39.0,42.9,45.0,37.2,0,1,0
ni300,1,heat_d100,NPU,100,216,276.161,1167,0.820078,4.7074,39.1,42.9,45.0,37.3,0,1,0
ni300,1,heat_d100,NPU,100,217,277.161,1017,0.841172,4.7918,39.1,42.9,45.0,37.3,0,1,0
ni300,1,heat_d100,NPU,100,218,278.161,1150,0.827031,5.9046,39.1,42.9,44.9,37.3,0,1,0
ni300,1,heat_d100,NPU,100,219,279.161,1166,0.815567,4.9728,39.1,42.9,44.9,37.3,0,1,0
ni300,1,heat_d100,NPU,100,220,280.161,1170,0.820762,3.7394,39.1,43.0,44.9,37.4,0,1,0
ni300,1,heat_d100,NPU,100,221,281.161,1140,0.826738,7.2858,39.1,43.0,44.9,37.4,0,1,0
ni300,1,heat_d100,NPU,100,222,282.161,1158,0.821133,5.8654,39.1,43.0,45.0,37.4,0,1,0
ni300,1,heat_d100,NPU,100,223,283.161,1131,0.819844,5.6298,39.1,43.0,45.0,37.4,0,1,0
ni300,1,heat_d100,NPU,100,224,284.161,1141,0.827266,5.8232,39.2,43.1,45.0,37.4,0,1,0
ni300,1,heat_d100,NPU,100,225,285.161,1173,0.81668,3.7622,39.2,43.1,45.0,37.4,0,1,0
ni300,1,heat_d100,NPU,100,226,286.161,1163,0.816132,4.3847,39.2,43.1,45.1,37.5,0,1,0
ni300,1,heat_d100,NPU,100,227,287.161,1156,0.817187,5.2309,39.2,43.1,45.1,37.5,0,1,0
ni300,1,heat_d100,NPU,100,228,288.161,1153,0.824101,4.8259,39.2,43.2,45.0,37.5,0,1,0
ni300,1,heat_d100,NPU,100,229,289.161,1156,0.821368,7.0259,39.2,43.2,45.0,37.5,0,1,0
ni300,1,heat_d100,NPU,100,230,290.161,1171,0.815039,5.3004,39.3,43.1,45.1,37.6,0,1,0
ni300,1,heat_d100,NPU,100,231,291.161,1164,0.817949,5.2248,39.3,43.1,45.1,37.6,0,1,0
ni300,1,heat_d100,NPU,100,232,292.161,1163,0.821055,4.8048,39.3,43.2,45.2,37.6,0,1,0
ni300,1,heat_d100,NPU,100,233,293.161,1164,0.822324,4.8592,39.3,43.2,45.2,37.6,0,1,0
ni300,1,heat_d100,NPU,100,234,294.161,1159,0.818907,4.9408,39.3,43.2,45.1,37.6,0,1,0
ni300,1,heat_d100,NPU,100,235,295.161,1141,0.82207,6.0438,39.3,43.2,45.1,37.6,0,1,0
ni300,1,heat_d100,NPU,100,236,296.161,1167,0.814687,4.2034,39.4,43.4,45.2,37.7,0,1,0
ni300,1,heat_d100,NPU,100,237,297.161,1154,0.825313,3.9043,39.4,43.4,45.2,37.7,0,1,0
ni300,1,heat_d100,NPU,100,238,298.161,1165,0.819297,6.2674,39.4,43.5,45.3,37.7,0,1,0
ni300,1,heat_d100,NPU,100,239,299.161,1165,0.817969,4.6174,39.4,43.5,45.3,37.7,0,1,0
ni300,1,heat_d100,NPU,100,240,300.161,1156,0.822833,5.5935,39.3,43.4,45.1,37.7,0,1,0
ni300,1,heat_d100,NPU,100,241,301.161,1165,0.821484,3.5537,39.3,43.4,45.1,37.7,0,1,0
ni300,1,heat_d100,NPU,100,242,302.161,1049,0.830391,3.9919,39.4,43.5,45.4,37.8,0,1,0
ni300,1,heat_d100,NPU,100,243,303.161,1155,0.826289,5.255,39.4,43.5,45.4,37.8,0,1,0
ni300,1,heat_d100,NPU,100,244,304.161,1157,0.816758,5.4122,39.5,43.5,45.2,37.8,0,1,0
ni300,1,heat_d100,NPU,100,245,305.161,1169,0.822422,7.6242,39.5,43.5,45.2,37.8,0,1,0
ni300,1,heat_d100,NPU,100,246,306.161,1169,0.818868,5.7446,39.5,43.5,45.4,37.9,0,1,0
ni300,1,heat_d100,NPU,100,247,307.161,1111,0.824726,5.0344,39.5,43.5,45.4,37.9,0,1,0
ni300,1,heat_d100,NPU,100,248,308.161,1177,0.81375,6.1828,39.5,43.6,45.4,37.9,0,1,0
ni300,1,heat_d100,NPU,100,249,309.161,1155,0.821289,5.2158,39.5,43.6,45.4,37.9,0,1,0
ni300,1,heat_d100,NPU,100,250,310.161,1159,0.824531,4.8531,39.4,43.5,45.1,37.9,0,1,0
ni300,1,heat_d100,NPU,100,251,311.161,1173,0.818906,5.5693,39.4,43.5,45.1,37.9,0,1,0
ni300,1,heat_d100,NPU,100,252,312.161,1158,0.82211,3.6444,39.6,43.5,45.5,37.9,0,1,0
ni300,1,heat_d100,NPU,100,253,313.161,1089,0.818633,5.2369,39.6,43.5,45.5,37.9,0,1,0
ni300,1,heat_d100,NPU,100,254,314.161,1179,0.816953,5.2037,39.6,43.7,45.5,38.0,0,1,0
ni300,1,heat_d100,NPU,100,255,315.161,1150,0.819824,5.7204,39.6,43.7,45.5,38.0,0,1,0
ni300,1,heat_d100,NPU,100,256,316.161,1160,0.816894,5.6237,39.6,43.7,45.6,38.0,0,1,0
ni300,1,heat_d100,NPU,100,257,317.161,1118,0.828359,4.4935,39.6,43.7,45.6,38.0,0,1,0
ni300,1,heat_d100,NPU,100,258,318.161,1051,0.824062,4.2518,39.7,43.7,45.6,38.1,0,1,0
ni300,1,heat_d100,NPU,100,259,319.161,1163,0.814687,4.9801,39.7,43.7,45.6,38.1,0,1,0
ni300,1,heat_d100,NPU,100,260,320.161,1132,0.828281,3.8287,39.7,43.8,45.5,38.1,0,1,0
ni300,1,heat_d100,NPU,100,261,321.161,1155,0.8175,5.6841,39.7,43.8,45.5,38.1,0,1,0
ni300,1,heat_d100,NPU,100,262,322.161,1142,0.822402,5.3759,39.7,43.8,45.6,38.2,0,1,0
ni300,1,heat_d100,NPU,100,263,323.161,1160,0.820742,3.3936,39.7,43.8,45.6,38.2,0,1,0
ni300,1,heat_d100,NPU,100,264,324.161,1136,0.826465,3.8801,39.7,43.8,45.7,38.2,0,1,0
ni300,1,heat_d100,NPU,100,265,325.161,1142,0.826601,4.6295,39.7,43.8,45.7,38.2,0,1,0
ni300,1,heat_d100,NPU,100,266,326.161,1160,0.818164,6.0407,39.8,43.9,45.7,38.2,0,1,0
ni300,1,heat_d100,NPU,100,267,327.161,1144,0.819199,4.3908,39.8,43.9,45.7,38.2,0,1,0
ni300,1,heat_d100,NPU,100,268,328.161,1163,0.811055,5.3306,39.8,43.9,45.8,38.3,0,1,0
ni300,1,heat_d100,NPU,100,269,329.161,1163,0.820859,4.7051,39.8,43.9,45.8,38.3,0,1,0
ni300,1,heat_d100,NPU,100,270,330.161,1116,0.826445,4.9529,39.8,43.9,45.6,38.3,0,1,0
ni300,1,heat_d100,NPU,100,271,331.161,1159,0.824805,5.9863,39.8,43.9,45.6,38.3,0,1,0
ni300,1,heat_d100,NPU,100,272,332.161,1159,0.82082,5.8503,39.9,44.0,45.8,38.3,0,1,0
ni300,1,heat_d100,NPU,100,273,333.161,1173,0.816914,3.1004,39.9,44.0,45.8,38.3,0,1,0
ni300,1,heat_d100,NPU,100,274,334.161,1161,0.821055,6.5121,39.8,44.0,45.8,38.3,0,1,0
ni300,1,heat_d100,NPU,100,275,335.161,1155,0.818438,6.9926,39.8,44.0,45.8,38.3,0,1,0
ni300,1,heat_d100,NPU,100,276,336.161,1121,0.824101,5.5482,39.8,44.0,45.7,38.3,0,1,0
ni300,1,heat_d100,NPU,100,277,337.161,1159,0.823086,5.7688,39.8,44.0,45.7,38.3,0,1,0
ni300,1,heat_d100,NPU,100,278,338.161,1127,0.838399,5.8836,40.0,44.1,45.9,38.4,1,1,0
ni300,1,heat_d100,NPU,100,279,339.161,1053,0.846992,4.4754,40.0,44.1,45.9,38.4,1,1,0
ni300,1,heat_d100,NPU,100,280,340.161,1109,0.849258,4.3303,40.0,44.1,45.9,38.5,1,1,0
ni300,1,heat_d100,NPU,100,281,341.161,1120,0.848047,4.3847,40.0,44.1,45.9,38.5,1,1,0
ni300,1,heat_d100,NPU,100,282,342.161,1115,0.845742,4.276,40.0,44.1,45.7,38.5,1,1,0
ni300,1,heat_d100,NPU,100,283,343.161,1126,0.842833,4.1883,40.0,44.1,45.7,38.5,1,1,0
ni300,1,heat_d100,NPU,100,284,344.161,1073,0.847656,4.1016,40.1,44.1,46.0,38.5,1,1,0
ni300,1,heat_d100,NPU,100,285,345.161,1112,0.849804,5.8866,40.1,44.1,46.0,38.5,1,1,0
ni300,1,heat_d100,NPU,100,286,346.161,1112,0.844356,6.2883,40.1,44.2,45.9,38.6,1,1,0
ni300,1,heat_d100,NPU,100,287,347.161,1122,0.844531,5.7114,40.1,44.2,45.9,38.6,1,1,0
ni300,1,heat_d100,NPU,100,288,348.161,1136,0.829044,4.8718,40.0,44.2,45.9,38.6,1,1,0
ni300,1,heat_d100,NPU,100,289,349.161,1153,0.82418,5.8685,40.0,44.2,45.9,38.6,1,1,0
ni300,1,heat_d100,NPU,100,290,350.161,1048,0.844024,5.2765,40.2,44.2,46.1,38.6,1,1,0
ni300,1,heat_d100,NPU,100,291,351.161,1116,0.841836,4.1046,40.2,44.2,46.1,38.6,1,1,0
ni300,1,heat_d100,NPU,100,292,352.161,1147,0.829414,4.7812,40.1,44.2,46.0,38.7,1,1,0
ni300,1,heat_d100,NPU,100,293,353.161,1154,0.820331,4.159,40.1,44.2,46.0,38.7,1,1,0
ni300,1,heat_d100,NPU,100,294,354.161,1121,0.839257,4.1257,40.2,44.3,46.1,38.7,1,1,0
ni300,1,heat_d100,NPU,100,295,355.161,1116,0.843066,5.1889,40.2,44.3,46.1,38.7,1,1,0
ni300,1,heat_d100,NPU,100,296,356.161,1044,0.848418,3.9415,40.2,44.3,46.1,38.7,1,1,0
ni300,1,heat_d100,NPU,100,297,357.161,1087,0.849414,5.0469,40.2,44.3,46.1,38.7,1,1,0
ni300,1,heat_d100,NPU,100,298,358.161,1022,0.852031,5.2735,40.2,44.3,45.7,38.7,1,1,0
ni300,1,heat_d100,NPU,100,299,359.161,1007,0.85293,2.4193,40.2,44.3,45.7,38.7,1,1,0
ni300,1,heat_d100,NPU,100,300,360.161,0,,4.307,40.2,44.3,45.8,38.8,1,0,0
ni300,2,rest_idle,NPU,1,0,360.323,110,0.856972,4.307,40.2,44.3,45.8,38.8,1,1,0
ni300,2,rest_idle,NPU,1,1,361.323,0,,1.3591,40.2,44.3,45.8,38.8,1,0,0
ni300,2,rest_idle,NPU,1,2,362.323,0,,1.489,40.1,43.9,44.6,38.8,1,0,0
ni300,2,rest_idle,NPU,1,3,363.323,0,,1.0752,40.1,43.9,44.6,38.8,1,0,0
ni300,2,rest_idle,NPU,1,4,364.323,0,,1.0632,39.9,43.4,43.7,38.8,1,0,0
ni300,2,rest_idle,NPU,1,5,365.323,0,,0.9665,39.9,43.4,43.7,38.8,1,0,0
ni300,2,rest_idle,NPU,1,6,366.323,0,,1.1326,39.7,42.9,43.2,38.7,1,0,0
ni300,2,rest_idle,NPU,1,7,367.323,0,,1.1719,39.7,42.9,43.2,38.7,1,0,0
ni300,2,rest_idle,NPU,1,8,368.323,0,,1.1447,39.6,42.5,42.6,38.7,1,0,0
ni300,2,rest_idle,NPU,1,9,369.323,0,,1.0632,39.6,42.5,42.6,38.7,1,0,0
ni300,2,rest_idle,NPU,1,10,370.323,18,5.731739,0.9846,39.5,42.2,42.3,38.7,1,1,0
ni300,2,rest_idle,NPU,1,11,371.323,0,,0.9574,39.5,42.2,42.3,38.7,1,0,0
ni300,2,rest_idle,NPU,1,12,372.323,0,,1.036,39.3,41.9,42.0,38.6,1,0,0
ni300,2,rest_idle,NPU,1,13,373.323,0,,1.045,39.3,41.9,42.0,38.6,1,0,0
ni300,2,rest_idle,NPU,1,14,374.323,0,,1.2927,39.2,41.7,41.7,38.5,1,0,0
ni300,2,rest_idle,NPU,1,15,375.323,0,,1.0843,39.2,41.7,41.7,38.5,1,0,0
ni300,2,rest_idle,NPU,1,16,376.323,0,,2.1686,39.1,41.6,41.5,38.4,1,0,0
ni300,2,rest_idle,NPU,1,17,377.323,0,,1.184,39.1,41.6,41.5,38.4,1,0,0
ni300,2,rest_idle,NPU,1,18,378.323,0,,1.2716,39.1,41.4,41.3,38.4,1,0,0
ni300,2,rest_idle,NPU,1,19,379.323,0,,1.0058,39.1,41.4,41.3,38.4,1,0,0
ni300,2,rest_idle,NPU,1,20,380.323,22,4.225703,2.1112,38.9,41.2,41.1,38.3,1,1,0
ni300,2,rest_idle,NPU,1,21,381.323,0,,1.036,38.9,41.2,41.1,38.3,1,0,0
ni300,2,rest_idle,NPU,1,22,382.323,0,,1.341,38.9,41.0,40.9,38.3,1,0,0
ni300,2,rest_idle,NPU,1,23,383.323,0,,1.2021,38.9,41.0,40.9,38.3,1,0,0
ni300,2,rest_idle,NPU,1,24,384.323,0,,1.341,38.8,40.8,40.8,38.2,1,0,0
ni300,2,rest_idle,NPU,1,25,385.323,0,,1.2413,38.8,40.8,40.8,38.2,1,0,0
ni300,2,rest_idle,NPU,1,26,386.323,0,,1.0148,38.7,40.7,40.4,38.1,1,0,0
ni300,2,rest_idle,NPU,1,27,387.323,0,,0.9272,38.7,40.7,40.4,38.1,1,0,0
ni300,2,rest_idle,NPU,1,28,388.323,0,,1.1145,38.7,40.6,40.5,38.1,1,0,0
ni300,2,rest_idle,NPU,1,29,389.323,0,,1.3712,38.7,40.6,40.5,38.1,1,0,0
ni300,2,rest_idle,NPU,1,30,390.323,20,4.777949,1.6461,38.6,40.6,40.4,38.0,1,1,0
ni300,2,rest_idle,NPU,1,31,391.323,0,,1.0752,38.6,40.6,40.4,38.0,1,0,0
ni300,2,rest_idle,NPU,1,32,392.323,0,,0.6886,38.5,40.3,39.9,37.9,1,0,0
ni300,2,rest_idle,NPU,1,33,393.323,0,,0.7098,38.5,40.3,39.9,37.9,1,0,0
ni300,2,rest_idle,NPU,1,34,394.323,0,,0.6796,38.4,40.2,39.7,37.9,1,0,0
ni300,2,rest_idle,NPU,1,35,395.323,0,,0.8185,38.4,40.2,39.7,37.9,1,0,0
ni300,2,rest_idle,NPU,1,36,396.323,0,,0.7974,38.5,40.0,39.8,37.9,1,0,0
ni300,2,rest_idle,NPU,1,37,397.323,0,,0.9756,38.5,40.0,39.8,37.9,1,0,0
ni300,2,rest_idle,NPU,1,38,398.323,0,,0.6796,38.4,39.9,39.5,37.8,1,0,0
ni300,2,rest_idle,NPU,1,39,399.323,0,,1.0752,38.4,39.9,39.5,37.8,1,0,0
ni300,2,rest_idle,NPU,1,40,400.323,19,4.558437,1.8454,38.3,39.8,39.4,37.7,1,1,0
ni300,2,rest_idle,NPU,1,41,401.323,0,,3.1653,38.3,39.8,39.4,37.7,1,0,0
ni300,2,rest_idle,NPU,1,42,402.323,0,,2.0206,38.3,39.9,39.8,37.6,1,0,0
ni300,2,rest_idle,NPU,1,43,403.323,0,,1.6461,38.3,39.9,39.8,37.6,1,0,0
ni300,2,rest_idle,NPU,1,44,404.323,0,,1.4286,38.3,39.9,39.8,37.6,1,0,0
ni300,2,rest_idle,NPU,1,45,405.323,0,,1.5887,38.3,39.9,39.8,37.6,1,0,0
ni300,2,rest_idle,NPU,1,46,406.323,0,,1.6068,38.2,39.9,39.7,37.5,1,0,0
ni300,2,rest_idle,NPU,1,47,407.323,0,,1.3622,38.2,39.9,39.7,37.5,1,0,0
ni300,2,rest_idle,NPU,1,48,408.323,0,,1.48,38.3,39.9,39.9,37.6,1,0,0
ni300,2,rest_idle,NPU,1,49,409.323,0,,1.5887,38.3,39.9,39.9,37.6,1,0,0
ni300,2,rest_idle,NPU,1,50,410.323,17,6.05461,1.7246,38.2,39.9,39.9,37.5,1,1,0
ni300,2,rest_idle,NPU,1,51,411.323,0,,1.4286,38.2,39.9,39.9,37.5,1,0,0
ni300,2,rest_idle,NPU,1,52,412.323,0,,1.3108,38.2,39.9,39.9,37.5,1,0,0
ni300,2,rest_idle,NPU,1,53,413.323,0,,1.2534,38.2,39.9,39.9,37.5,1,0,0
ni300,2,rest_idle,NPU,1,54,414.323,0,,1.341,38.2,39.8,39.8,37.4,1,0,0
ni300,2,rest_idle,NPU,1,55,415.323,0,,1.933,38.2,39.8,39.8,37.4,1,0,0
ni300,2,rest_idle,NPU,1,56,416.323,0,,1.5283,38.1,39.6,39.5,37.4,1,0,0
ni300,2,rest_idle,NPU,1,57,417.323,0,,1.2111,38.1,39.6,39.5,37.4,1,0,0
ni300,2,rest_idle,NPU,1,58,418.323,0,,1.1054,38.1,39.5,39.5,37.3,1,0,0
ni300,2,rest_idle,NPU,1,59,419.323,0,,1.2021,38.1,39.5,39.5,37.3,1,0,0
ni300,2,rest_idle,NPU,1,60,420.323,18,5.644844,1.6763,38.1,39.5,39.4,37.3,1,1,0
ni300,2,rest_idle,NPU,1,61,421.323,0,,1.184,38.1,39.5,39.4,37.3,1,0,0
ni300,2,rest_idle,NPU,1,62,422.323,0,,1.7759,38.1,39.5,39.5,37.3,1,0,0
ni300,2,rest_idle,NPU,1,63,423.323,0,,1.5585,38.1,39.5,39.5,37.3,1,0,0
ni300,2,rest_idle,NPU,1,64,424.323,0,,1.5675,38.1,39.4,39.3,37.3,1,0,0
ni300,2,rest_idle,NPU,1,65,425.323,0,,1.5796,38.1,39.4,39.3,37.3,1,0,0
ni300,2,rest_idle,NPU,1,66,426.323,0,,1.4769,38.0,39.4,39.3,37.2,1,0,0
ni300,2,rest_idle,NPU,1,67,427.323,0,,1.2625,38.0,39.4,39.3,37.2,1,0,0
ni300,2,rest_idle,NPU,1,68,428.323,0,,1.4709,38.0,39.3,39.3,37.2,1,0,0
ni300,2,rest_idle,NPU,1,69,429.323,0,,1.785,38.0,39.3,39.3,37.2,1,0,0
ni300,2,rest_idle,NPU,1,70,430.323,51,0.745821,1.3622,37.8,39.3,38.8,37.1,0,1,0
ni300,2,rest_idle,NPU,1,71,431.323,0,,1.7457,37.8,39.3,38.8,37.1,0,0,0
ni300,2,rest_idle,NPU,1,72,432.323,0,,1.341,37.8,39.5,39.1,37.1,0,0,0
ni300,2,rest_idle,NPU,1,73,433.323,0,,1.5162,37.8,39.5,39.1,37.1,0,0,0
ni300,2,rest_idle,NPU,1,74,434.323,0,,1.5283,37.9,39.5,39.1,37.1,0,0,0
ni300,2,rest_idle,NPU,1,75,435.323,0,,1.7759,37.9,39.5,39.1,37.1,0,0,0
ni300,2,rest_idle,NPU,1,76,436.323,0,,1.8726,37.9,39.5,39.1,37.1,0,0,0
ni300,2,rest_idle,NPU,1,77,437.323,0,,1.4537,37.9,39.5,39.1,37.1,0,0,0
ni300,2,rest_idle,NPU,1,78,438.323,0,,1.4933,38.0,39.4,39.3,37.1,0,0,0
ni300,2,rest_idle,NPU,1,79,439.323,0,,1.5909,38.0,39.4,39.3,37.1,0,0,0
ni300,2,rest_idle,NPU,1,80,440.323,19,5.107227,2.2187,37.9,39.3,39.2,37.0,0,1,0
ni300,2,rest_idle,NPU,1,81,441.323,0,,1.4537,37.9,39.3,39.2,37.0,0,0,0
ni300,2,rest_idle,NPU,1,82,442.323,0,,1.7219,37.9,39.2,39.0,37.0,0,0,0
ni300,2,rest_idle,NPU,1,83,443.323,0,,1.7615,37.9,39.2,39.0,37.0,0,0,0
ni300,2,rest_idle,NPU,1,84,444.323,0,,1.2434,37.9,39.1,39.1,37.0,0,0,0
ni300,2,rest_idle,NPU,1,85,445.323,0,,1.661,37.9,39.1,39.1,37.0,0,0,0
ni300,2,rest_idle,NPU,1,86,446.323,0,,1.3928,37.8,39.0,38.9,36.9,0,0,0
ni300,2,rest_idle,NPU,1,87,447.323,0,,1.1551,37.8,39.0,38.9,36.9,0,0,0
ni300,2,rest_idle,NPU,1,88,448.323,0,,1.5817,37.8,38.9,39.0,36.9,0,0,0
ni300,2,rest_idle,NPU,1,89,449.323,0,,1.7402,37.8,38.9,39.0,36.9,0,0,0
ni300,2,rest_idle,NPU,1,90,450.323,55,0.846367,1.5817,37.8,38.9,38.9,36.9,0,1,0
ni300,2,rest_idle,NPU,1,91,451.323,0,,1.92,37.8,38.9,38.9,36.9,0,0,0
ni300,2,rest_idle,NPU,1,92,452.323,0,,1.1733,37.8,38.9,38.9,36.9,0,0,0
ni300,2,rest_idle,NPU,1,93,453.323,0,,1.3318,37.7,38.9,38.9,36.8,0,0,0
ni300,2,rest_idle,NPU,1,94,454.323,0,,1.3745,37.7,38.8,38.8,36.8,0,0,0
ni300,2,rest_idle,NPU,1,95,455.323,0,,1.0636,37.7,38.8,38.8,36.8,0,0,0
ni300,2,rest_idle,NPU,1,96,456.323,0,,1.2831,37.7,38.8,38.8,36.8,0,0,0
ni300,2,rest_idle,NPU,1,97,457.323,0,,1.6914,37.7,38.8,38.8,36.8,0,0,0
ni300,2,rest_idle,NPU,1,98,458.323,0,,1.2922,37.7,38.7,38.7,36.8,0,0,0
ni300,2,rest_idle,NPU,1,99,459.323,0,,1.9322,37.7,38.7,38.7,36.8,0,0,0
ni300,2,rest_idle,NPU,1,100,460.323,66,0.736835,4.6934,37.6,38.7,38.7,36.7,0,1,0
ni300,2,rest_idle,NPU,1,101,461.323,0,,1.1825,37.6,38.7,38.7,36.7,0,0,0
ni300,2,rest_idle,NPU,1,102,462.323,0,,1.024,37.6,38.7,38.7,36.7,0,0,0
ni300,2,rest_idle,NPU,1,103,463.323,0,,0.7954,37.6,38.7,38.7,36.7,0,0,0
ni300,2,rest_idle,NPU,1,104,464.323,0,,1.7006,37.6,38.7,38.6,36.6,0,0,0
ni300,2,rest_idle,NPU,1,105,465.323,0,,2.0206,37.6,38.7,38.6,36.6,0,0,0
ni300,2,rest_idle,NPU,1,106,466.323,0,,1.3044,37.6,38.7,38.6,36.6,0,0,0
ni300,2,rest_idle,NPU,1,107,467.323,0,,1.9688,37.6,38.6,38.6,36.6,0,0,0
ni300,2,rest_idle,NPU,1,108,468.323,0,,1.6031,37.6,38.6,38.6,36.6,0,0,0
ni300,2,rest_idle,NPU,1,109,469.323,0,,1.2922,37.5,38.6,38.4,36.6,0,0,0
ni300,2,rest_idle,NPU,1,110,470.323,31,3.114297,1.3806,37.5,38.6,38.4,36.6,0,1,0
ni300,2,rest_idle,NPU,1,111,471.323,0,,1.4141,37.5,38.5,38.5,36.5,0,0,0
ni300,2,rest_idle,NPU,1,112,472.323,0,,1.661,37.5,38.5,38.5,36.5,0,0,0
ni300,2,rest_idle,NPU,1,113,473.323,0,,1.6214,37.5,38.5,38.5,36.5,0,0,0
ni300,2,rest_idle,NPU,1,114,474.323,0,,1.8225,37.5,38.5,38.5,36.5,0,0,0
ni300,2,rest_idle,NPU,1,115,475.323,0,,0.9752,37.4,38.5,38.4,36.5,0,0,0
ni300,2,rest_idle,NPU,1,116,476.323,0,,1.4812,37.4,38.5,38.4,36.5,0,0,0
ni300,2,rest_idle,NPU,1,117,477.323,0,,0.8747,37.4,38.5,38.5,36.5,0,0,0
ni300,2,rest_idle,NPU,1,118,478.323,0,,1.1337,37.4,38.5,38.5,36.5,0,0,0
ni300,2,rest_idle,NPU,1,119,479.323,0,,1.8103,37.4,38.5,38.4,36.5,0,0,0
ni300,2,rest_idle,NPU,1,120,480.323,74,0.782499,7.5308,37.4,38.5,38.4,36.5,0,1,0
ni300,2,rest_idle,NPU,1,121,481.323,0,,0.9539,37.3,38.4,38.3,36.4,0,0,0
ni300,2,rest_idle,NPU,1,122,482.323,0,,1.1032,37.3,38.4,38.3,36.4,0,0,0
ni300,2,rest_idle,NPU,1,123,483.323,0,,1.0149,37.4,38.5,38.4,36.4,0,0,0
ni300,2,rest_idle,NPU,1,124,484.323,0,,1.4141,37.4,38.5,38.4,36.4,0,0,0
ni300,2,rest_idle,NPU,1,125,485.323,0,,0.896,37.4,38.4,38.4,36.4,0,0,0
ni300,2,rest_idle,NPU,1,126,486.323,0,,1.7402,37.4,38.4,38.4,36.4,0,0,0
ni300,2,rest_idle,NPU,1,127,487.323,0,,2.0297,37.4,38.4,38.3,36.4,0,0,0
ni300,2,rest_idle,NPU,1,128,488.323,0,,0.8747,37.4,38.4,38.3,36.4,0,0,0
ni300,2,rest_idle,NPU,1,129,489.323,0,,0.9539,37.4,38.4,38.3,36.4,0,0,0
ni300,2,rest_idle,NPU,1,130,490.323,25,3.354336,1.0545,37.4,38.4,38.3,36.4,0,1,0
ni300,2,rest_idle,NPU,1,131,491.323,0,,0.8046,37.3,38.3,38.3,36.4,0,0,0
ni300,2,rest_idle,NPU,1,132,492.323,0,,1.344,37.3,38.3,38.3,36.4,0,0,0
ni300,2,rest_idle,NPU,1,133,493.323,0,,1.792,37.3,38.3,38.2,36.3,0,0,0
ni300,2,rest_idle,NPU,1,134,494.323,0,,1.3745,37.3,38.3,38.2,36.3,0,0,0
ni300,2,rest_idle,NPU,1,135,495.323,0,,0.7954,37.3,38.2,38.0,36.3,0,0,0
ni300,2,rest_idle,NPU,1,136,496.323,0,,0.7954,37.3,38.2,38.0,36.3,0,0,0
ni300,2,rest_idle,NPU,1,137,497.323,0,,0.8472,37.3,38.1,38.0,36.3,0,0,0
ni300,2,rest_idle,NPU,1,138,498.323,0,,0.7771,37.3,38.1,38.0,36.3,0,0,0
ni300,2,rest_idle,NPU,1,139,499.323,0,,0.8747,37.2,38.1,38.0,36.2,0,0,0
ni300,2,rest_idle,NPU,1,140,500.323,44,0.880469,4.0747,37.2,38.1,38.0,36.2,0,1,0
ni300,2,rest_idle,NPU,1,141,501.323,0,,0.8869,37.2,38.1,38.0,36.2,0,0,0
ni300,2,rest_idle,NPU,1,142,502.323,0,,0.8472,37.2,38.1,38.0,36.2,0,0,0
ni300,2,rest_idle,NPU,1,143,503.323,0,,0.9935,37.2,38.1,37.9,36.2,0,0,0
ni300,2,rest_idle,NPU,1,144,504.323,0,,0.8869,37.2,38.1,37.9,36.2,0,0,0
ni300,2,rest_idle,NPU,1,145,505.323,0,,1.1246,37.0,38.0,37.8,36.1,0,0,0
ni300,2,rest_idle,NPU,1,146,506.323,0,,1.472,37.0,38.0,37.8,36.1,0,0,0
ni300,2,rest_idle,NPU,1,147,507.323,0,,1.6823,37.1,38.0,37.7,36.1,0,0,0
ni300,2,rest_idle,NPU,1,148,508.323,0,,0.9448,37.1,38.0,37.7,36.1,0,0,0
ni300,2,rest_idle,NPU,1,149,509.323,0,,0.9265,37.1,38.0,37.7,36.1,0,0,0
ni300,2,rest_idle,NPU,1,150,510.323,45,0.897735,0.9935,37.1,38.0,37.7,36.1,0,1,0
ni300,2,rest_idle,NPU,1,151,511.323,0,,0.9935,37.1,37.9,37.9,36.1,0,0,0
ni300,2,rest_idle,NPU,1,152,512.323,0,,1.1337,37.1,37.9,37.9,36.1,0,0,0
ni300,2,rest_idle,NPU,1,153,513.323,0,,1.0636,37.0,38.0,37.8,36.1,0,0,0
ni300,2,rest_idle,NPU,1,154,514.323,0,,0.9661,37.0,38.0,37.8,36.1,0,0,0
ni300,2,rest_idle,NPU,1,155,515.323,0,,1.1733,37.1,38.0,37.9,36.0,0,0,0
ni300,2,rest_idle,NPU,1,156,516.323,0,,1.0636,37.1,38.0,37.9,36.0,0,0,0
ni300,2,rest_idle,NPU,1,157,517.323,0,,1.2526,37.1,38.0,37.8,36.0,0,0,0
ni300,2,rest_idle,NPU,1,158,518.323,0,,0.9052,37.1,38.0,37.8,36.0,0,0,0
ni300,2,rest_idle,NPU,1,159,519.323,0,,1.024,37.0,37.9,37.9,36.0,0,0,0
ni300,2,rest_idle,NPU,1,160,520.323,18,5.706954,2.4168,37.0,37.9,37.9,36.0,0,1,0
ni300,2,rest_idle,NPU,1,161,521.323,0,,0.9661,37.1,37.9,37.9,36.0,0,0,0
ni300,2,rest_idle,NPU,1,162,522.323,0,,2.429,37.1,37.9,37.9,36.0,0,0,0
ni300,2,rest_idle,NPU,1,163,523.323,0,,1.1124,37.0,38.0,37.8,36.0,0,0,0
ni300,2,rest_idle,NPU,1,164,524.323,0,,0.9356,37.0,38.0,37.8,36.0,0,0,0
ni300,2,rest_idle,NPU,1,165,525.323,0,,1.0362,37.0,37.9,37.7,36.0,0,0,0
ni300,2,rest_idle,NPU,1,166,526.323,0,,1.1154,37.0,37.9,37.7,36.0,0,0,0
ni300,2,rest_idle,NPU,1,167,527.323,0,,0.9234,36.9,37.9,37.7,35.9,0,0,0
ni300,2,rest_idle,NPU,1,168,528.323,0,,0.9752,36.9,37.9,37.7,35.9,0,0,0
ni300,2,rest_idle,NPU,1,169,529.323,0,,1.0156,36.9,37.8,37.6,35.9,0,0,0
ni300,2,rest_idle,NPU,1,170,530.323,17,6.233867,1.0156,36.9,37.8,37.6,35.9,0,1,0
ni300,2,rest_idle,NPU,1,171,531.323,0,,1.0736,36.9,37.9,37.6,35.9,0,0,0
ni300,2,rest_idle,NPU,1,172,532.323,0,,1.0248,36.9,37.9,37.6,35.9,0,0,0
ni300,2,rest_idle,NPU,1,173,533.323,0,,1.0858,36.9,37.9,37.6,35.9,0,0,0
ni300,2,rest_idle,NPU,1,174,534.323,0,,1.3054,36.9,37.9,37.6,35.9,0,0,0
ni300,2,rest_idle,NPU,1,175,535.323,0,,0.8753,36.9,37.9,37.6,35.9,0,0,0
ni300,2,rest_idle,NPU,1,176,536.323,0,,0.9851,36.9,37.9,37.6,35.9,0,0,0
ni300,2,rest_idle,NPU,1,177,537.323,0,,0.9272,36.9,37.8,37.5,35.8,0,0,0
ni300,2,rest_idle,NPU,1,178,538.323,0,,1.0156,36.9,37.8,37.5,35.8,0,0,0
ni300,2,rest_idle,NPU,1,179,539.323,0,,1.0065,36.8,37.8,37.5,35.8,0,0,0
ni300,2,rest_idle,NPU,1,180,540.323,27,3.118399,1.3237,36.8,37.8,37.5,35.8,0,1,0
ni300,2,rest_idle,NPU,1,181,541.323,0,,0.976,36.9,37.8,37.5,35.8,0,0,0
ni300,2,rest_idle,NPU,1,182,542.323,0,,0.8967,36.9,37.8,37.5,35.8,0,0,0
ni300,2,rest_idle,NPU,1,183,543.323,0,,0.8662,36.8,37.8,37.5,35.8,0,0,0
ni300,2,rest_idle,NPU,1,184,544.323,0,,0.976,36.8,37.8,37.5,35.8,0,0,0
ni300,2,rest_idle,NPU,1,185,545.323,0,,7.8202,36.8,38.3,37.6,35.8,0,0,0
ni300,2,rest_idle,NPU,1,186,546.323,0,,0.9668,36.8,38.3,37.6,35.8,0,0,0
ni300,2,rest_idle,NPU,1,187,547.323,0,,0.9272,36.8,38.1,37.8,35.8,0,0,0
ni300,2,rest_idle,NPU,1,188,548.323,0,,1.1651,36.8,38.1,37.8,35.8,0,0,0
ni300,2,rest_idle,NPU,1,189,549.323,0,,0.9546,36.8,37.9,37.6,35.7,0,0,0
ni300,2,rest_idle,NPU,1,190,550.323,19,4.797539,1.4945,36.8,37.9,37.6,35.7,0,1,0
ni300,2,rest_idle,NPU,1,191,551.323,0,,1.0553,36.8,37.8,37.5,35.7,0,0,0
ni300,2,rest_idle,NPU,1,192,552.323,0,,0.9851,36.8,37.8,37.5,35.7,0,0,0
ni300,2,rest_idle,NPU,1,193,553.323,0,,1.0156,36.8,37.8,37.6,35.7,0,0,0
ni300,2,rest_idle,NPU,1,194,554.323,0,,1.1834,36.8,37.8,37.6,35.7,0,0,0
ni300,2,rest_idle,NPU,1,195,555.323,0,,1.2139,36.8,37.8,37.5,35.7,0,0,0
ni300,2,rest_idle,NPU,1,196,556.323,0,,1.2535,36.8,37.8,37.5,35.7,0,0,0
ni300,2,rest_idle,NPU,1,197,557.323,0,,1.2749,36.8,37.8,37.6,35.7,0,0,0
ni300,2,rest_idle,NPU,1,198,558.323,0,,1.8025,36.8,37.8,37.6,35.7,0,0,0
ni300,2,rest_idle,NPU,1,199,559.323,0,,1.342,36.8,37.8,37.6,35.7,0,0,0
ni300,2,rest_idle,NPU,1,200,560.323,44,0.855235,1.6012,36.8,37.8,37.6,35.7,0,1,0
ni300,2,rest_idle,NPU,1,201,561.323,0,,1.2535,36.8,37.7,37.4,35.7,0,0,0
ni300,2,rest_idle,NPU,1,202,562.323,0,,0.9272,36.8,37.7,37.4,35.7,0,0,0
ni300,2,rest_idle,NPU,1,203,563.323,0,,1.0949,36.7,37.7,37.2,35.6,0,0,0
ni300,2,rest_idle,NPU,1,204,564.323,0,,0.8357,36.7,37.7,37.2,35.6,0,0,0
ni300,2,rest_idle,NPU,1,205,565.323,0,,1.403,36.7,37.6,37.2,35.7,0,0,0
ni300,2,rest_idle,NPU,1,206,566.323,0,,0.9058,36.7,37.6,37.2,35.7,0,0,0
ni300,2,rest_idle,NPU,1,207,567.323,0,,1.0553,36.6,37.5,37.3,35.6,0,0,0
ni300,2,rest_idle,NPU,1,208,568.323,0,,1.1468,36.6,37.5,37.3,35.6,0,0,0
ni300,2,rest_idle,NPU,1,209,569.323,0,,1.0766,36.6,37.5,37.2,35.6,0,0,0
ni300,2,rest_idle,NPU,1,210,570.323,20,4.544649,0.9272,36.6,37.5,37.2,35.6,0,1,0
ni300,2,rest_idle,NPU,1,211,571.323,0,,1.1163,36.6,37.5,37.2,35.6,0,0,0
ni300,2,rest_idle,NPU,1,212,572.323,0,,0.9973,36.6,37.5,37.2,35.6,0,0,0
ni300,2,rest_idle,NPU,1,213,573.323,0,,1.223,36.6,37.6,37.3,35.6,0,0,0
ni300,2,rest_idle,NPU,1,214,574.323,0,,1.4945,36.6,37.6,37.3,35.6,0,0,0
ni300,2,rest_idle,NPU,1,215,575.323,0,,1.1559,36.7,37.6,37.4,35.6,0,0,0
ni300,2,rest_idle,NPU,1,216,576.323,0,,1.2444,36.7,37.6,37.4,35.6,0,0,0
ni300,2,rest_idle,NPU,1,217,577.323,0,,1.3237,36.7,37.5,37.4,35.6,0,0,0
ni300,2,rest_idle,NPU,1,218,578.323,0,,1.1132,36.7,37.5,37.4,35.6,0,0,0
ni300,2,rest_idle,NPU,1,219,579.323,0,,1.0248,36.7,37.5,37.5,35.5,0,0,0
ni300,2,rest_idle,NPU,1,220,580.323,19,4.98793,0.8662,36.7,37.5,37.5,35.5,0,1,0
ni300,2,rest_idle,NPU,1,221,581.323,0,,1.3938,36.6,37.5,37.4,35.5,0,0,0
ni300,2,rest_idle,NPU,1,222,582.323,0,,1.2352,36.6,37.5,37.4,35.5,0,0,0
ni300,2,rest_idle,NPU,1,223,583.323,0,,1.2932,36.7,37.5,37.4,35.5,0,0,0
ni300,2,rest_idle,NPU,1,224,584.323,0,,1.2444,36.7,37.5,37.4,35.5,0,0,0
ni300,2,rest_idle,NPU,1,225,585.323,0,,1.6439,36.7,37.5,37.4,35.5,0,0,0
ni300,2,rest_idle,NPU,1,226,586.323,0,,1.1437,36.7,37.5,37.4,35.5,0,0,0
ni300,2,rest_idle,NPU,1,227,587.323,0,,1.6043,36.7,37.5,37.4,35.5,0,0,0
ni300,2,rest_idle,NPU,1,228,588.323,0,,1.2566,36.7,37.5,37.4,35.5,0,0,0
ni300,2,rest_idle,NPU,1,229,589.323,0,,1.1956,36.7,37.5,37.4,35.5,0,0,0
ni300,2,rest_idle,NPU,1,230,590.323,65,0.835468,1.2139,36.7,37.5,37.4,35.5,0,1,0
ni300,2,rest_idle,NPU,1,231,591.323,0,,1.1651,36.7,37.5,37.5,35.5,0,0,0
ni300,2,rest_idle,NPU,1,232,592.323,0,,1.2352,36.7,37.5,37.5,35.5,0,0,0
ni300,2,rest_idle,NPU,1,233,593.323,0,,0.9851,36.5,37.5,37.3,35.4,0,0,0
ni300,2,rest_idle,NPU,1,234,594.323,0,,1.2657,36.5,37.5,37.3,35.4,0,0,0
ni300,2,rest_idle,NPU,1,235,595.323,0,,1.9611,36.5,37.5,37.2,35.4,0,0,0
ni300,2,rest_idle,NPU,1,236,596.323,0,,1.3145,36.5,37.5,37.2,35.4,0,0,0
ni300,2,rest_idle,NPU,1,237,597.323,0,,1.284,36.5,37.5,37.2,35.4,0,0,0
ni300,2,rest_idle,NPU,1,238,598.323,0,,1.2749,36.5,37.5,37.2,35.4,0,0,0
ni300,2,rest_idle,NPU,1,239,599.323,0,,1.5524,36.7,37.5,37.4,35.4,0,0,0
ni300,2,rest_idle,NPU,1,240,600.323,53,0.811914,1.6043,36.7,37.5,37.4,35.4,0,1,0
ni300,2,rest_idle,NPU,1,241,601.323,0,,1.1651,36.6,37.5,37.4,35.4,0,0,0
ni300,2,rest_idle,NPU,1,242,602.323,0,,1.4945,36.6,37.5,37.4,35.4,0,0,0
ni300,2,rest_idle,NPU,1,243,603.323,0,,1.0553,36.4,37.4,37.1,35.4,0,0,0
ni300,2,rest_idle,NPU,1,244,604.323,0,,1.1346,36.4,37.4,37.1,35.4,0,0,0
ni300,2,rest_idle,NPU,1,245,605.323,0,,1.0949,36.6,37.4,37.3,35.4,0,0,0
ni300,2,rest_idle,NPU,1,246,606.323,0,,1.1346,36.6,37.4,37.3,35.4,0,0,0
ni300,2,rest_idle,NPU,1,247,607.323,0,,1.5738,36.4,37.3,37.1,35.3,0,0,0
ni300,2,rest_idle,NPU,1,248,608.323,0,,1.1254,36.4,37.3,37.1,35.3,0,0,0
ni300,2,rest_idle,NPU,1,249,609.323,0,,1.1254,36.5,37.3,37.2,35.3,0,0,0
ni300,2,rest_idle,NPU,1,250,610.323,21,5.106133,1.1346,36.5,37.3,37.2,35.3,0,1,0
ni300,2,rest_idle,NPU,1,251,611.323,0,,1.3237,36.4,37.3,37.1,35.3,0,0,0
ni300,2,rest_idle,NPU,1,252,612.323,0,,1.2352,36.4,37.3,37.1,35.3,0,0,0
ni300,2,rest_idle,NPU,1,253,613.323,0,,1.1437,36.4,37.3,37.0,35.3,0,0,0
ni300,2,rest_idle,NPU,1,254,614.323,0,,1.9611,36.4,37.3,37.0,35.3,0,0,0
ni300,2,rest_idle,NPU,1,255,615.323,0,,1.7537,36.4,37.4,37.1,35.3,0,0,0
ni300,2,rest_idle,NPU,1,256,616.323,0,,1.3755,36.4,37.4,37.1,35.3,0,0,0
ni300,2,rest_idle,NPU,1,257,617.323,0,,1.2261,36.4,37.3,37.1,35.3,0,0,0
ni300,2,rest_idle,NPU,1,258,618.323,0,,1.1559,36.4,37.3,37.1,35.3,0,0,0
ni300,2,rest_idle,NPU,1,259,619.323,0,,1.6043,36.4,37.4,36.9,35.3,0,0,0
ni300,2,rest_idle,NPU,1,260,620.323,16,6.308203,1.8635,36.4,37.4,36.9,35.3,0,1,0
ni300,2,rest_idle,NPU,1,261,621.323,0,,1.8635,36.4,37.4,37.2,35.2,0,0,0
ni300,2,rest_idle,NPU,1,262,622.323,0,,1.6531,36.4,37.4,37.2,35.2,0,0,0
ni300,2,rest_idle,NPU,1,263,623.323,0,,1.1559,36.4,37.5,37.2,35.2,0,0,0
ni300,2,rest_idle,NPU,1,264,624.323,0,,1.2139,36.4,37.5,37.2,35.2,0,0,0
ni300,2,rest_idle,NPU,1,265,625.323,0,,1.1651,36.3,37.4,37.0,35.2,0,0,0
ni300,2,rest_idle,NPU,1,266,626.323,0,,1.3054,36.3,37.4,37.0,35.2,0,0,0
ni300,2,rest_idle,NPU,1,267,627.323,0,,1.9123,36.3,37.3,37.0,35.2,0,0,0
ni300,2,rest_idle,NPU,1,268,628.323,0,,1.4823,36.3,37.3,37.0,35.2,0,0,0
ni300,2,rest_idle,NPU,1,269,629.323,0,,1.8025,36.3,37.3,37.0,35.2,0,0,0
ni300,2,rest_idle,NPU,1,270,630.323,21,5.087851,1.3145,36.3,37.3,37.0,35.2,0,1,0
ni300,2,rest_idle,NPU,1,271,631.323,0,,1.3267,36.3,37.2,37.0,35.2,0,0,0
ni300,2,rest_idle,NPU,1,272,632.323,0,,1.2657,36.3,37.2,37.0,35.2,0,0,0
ni300,2,rest_idle,NPU,1,273,633.323,0,,1.1864,36.3,37.2,36.9,35.2,0,0,0
ni300,2,rest_idle,NPU,1,274,634.323,0,,1.8513,36.3,37.2,36.9,35.2,0,0,0
ni300,2,rest_idle,NPU,1,275,635.323,0,,1.4152,36.3,37.2,36.8,35.2,0,0,0
ni300,2,rest_idle,NPU,1,276,636.323,0,,2.0038,36.3,37.2,36.8,35.2,0,0,0
ni300,2,rest_idle,NPU,1,277,637.323,0,,1.284,36.3,37.2,36.8,35.2,0,0,0
ni300,2,rest_idle,NPU,1,278,638.323,0,,1.3237,36.3,37.2,36.9,35.2,0,0,0
ni300,2,rest_idle,NPU,1,279,639.323,0,,1.4731,36.3,37.2,36.9,35.2,0,0,0
ni300,2,rest_idle,NPU,1,280,640.323,71,0.749922,1.8818,36.3,37.2,36.9,35.2,0,1,0
ni300,2,rest_idle,NPU,1,281,641.323,0,,1.7629,36.3,37.2,37.0,35.1,0,0,0
ni300,2,rest_idle,NPU,1,282,642.323,0,,1.6043,36.3,37.2,37.0,35.1,0,0,0
ni300,2,rest_idle,NPU,1,283,643.323,0,,1.9306,36.3,37.2,36.8,35.1,0,0,0
ni300,2,rest_idle,NPU,1,284,644.323,0,,1.2932,36.3,37.2,36.8,35.1,0,0,0
ni300,2,rest_idle,NPU,1,285,645.323,0,,1.2352,36.3,37.2,36.9,35.1,0,0,0
ni300,2,rest_idle,NPU,1,286,646.323,0,,1.2047,36.3,37.2,36.9,35.1,0,0,0
ni300,2,rest_idle,NPU,1,287,647.323,0,,1.2535,36.3,37.1,36.8,35.1,0,0,0
ni300,2,rest_idle,NPU,1,288,648.323,0,,1.3145,36.3,37.1,36.8,35.1,0,0,0
ni300,2,rest_idle,NPU,1,289,649.323,0,,1.4243,36.2,37.1,36.8,35.0,0,0,0
ni300,2,rest_idle,NPU,1,290,650.323,20,4.601719,1.6134,36.2,37.1,36.8,35.0,0,1,0
ni300,2,rest_idle,NPU,1,291,651.323,0,,1.8513,36.2,37.1,36.7,35.0,0,0,0
ni300,2,rest_idle,NPU,1,292,652.323,0,,1.8422,36.2,37.1,36.7,35.0,0,0,0
ni300,2,rest_idle,NPU,1,293,653.323,0,,1.4548,36.2,37.2,36.7,35.0,0,0,0
ni300,2,rest_idle,NPU,1,294,654.323,0,,1.9916,36.2,37.2,36.9,35.0,0,0,0
ni300,2,rest_idle,NPU,1,295,655.323,0,,2.0221,36.2,37.2,36.8,35.0,0,0,0
ni300,2,rest_idle,NPU,1,296,656.323,0,,2.4705,36.2,37.2,36.8,35.0,0,0,0
ni300,2,rest_idle,NPU,1,297,657.323,0,,1.7049,36.2,37.2,36.8,35.0,0,0,0
ni300,2,rest_idle,NPU,1,298,658.323,0,,2.1502,36.3,37.2,36.8,35.1,0,0,0
ni300,2,rest_idle,NPU,1,299,659.323,0,,1.4152,36.2,37.2,36.8,35.0,0,0,0
ni300,2,rest_idle,NPU,1,300,660.323,0,,1.3542,36.2,37.2,36.8,35.0,0,0,0
ni300,3,reheat_d100,NPU,100,0,660.488,531,2.006133,2.2509,36.2,37.2,36.8,35.0,0,1,0
ni300,3,reheat_d100,NPU,100,1,661.488,540,1.921367,3.8918,36.3,37.5,37.6,35.0,0,1,0
ni300,3,reheat_d100,NPU,100,2,662.488,509,1.997227,5.2948,36.3,37.5,37.6,35.0,0,1,0
ni300,3,reheat_d100,NPU,100,3,663.488,425,2.531406,4.2395,36.3,37.8,38.2,35.0,0,1,0
ni300,3,reheat_d100,NPU,100,4,664.488,587,1.727735,4.8647,36.3,37.8,38.2,35.0,0,1,0
ni300,3,reheat_d100,NPU,100,5,665.488,561,1.864961,2.5986,36.3,38.1,38.5,35.1,0,1,0
ni300,3,reheat_d100,NPU,100,6,666.488,500,2.411445,3.5868,36.5,38.1,38.5,35.1,0,1,0
ni300,3,reheat_d100,NPU,100,7,667.488,494,2.176836,2.5772,36.6,38.3,38.6,35.1,0,1,0
ni300,3,reheat_d100,NPU,100,8,668.488,501,2.328399,2.7114,36.6,38.3,38.6,35.1,0,1,0
ni300,3,reheat_d100,NPU,100,9,669.488,492,2.372618,2.1655,36.6,38.4,38.9,35.1,0,1,0
ni300,3,reheat_d100,NPU,100,10,670.488,471,2.432305,4.1937,36.6,38.4,38.9,35.1,0,1,0
ni300,3,reheat_d100,NPU,100,11,671.488,506,2.208028,3.599,36.7,38.5,39.0,35.2,0,1,0
ni300,3,reheat_d100,NPU,100,12,672.488,480,2.322539,4.7122,36.7,38.5,39.0,35.2,0,1,0
ni300,3,reheat_d100,NPU,100,13,673.488,463,2.44836,3.175,36.7,38.5,39.0,35.2,0,1,0
ni300,3,reheat_d100,NPU,100,14,674.488,437,2.534297,4.3127,36.7,38.6,39.2,35.2,0,1,0
ni300,3,reheat_d100,NPU,100,15,675.488,476,2.269258,3.2513,36.7,38.6,39.2,35.2,0,1,0
ni300,3,reheat_d100,NPU,100,16,676.488,529,2.001719,4.6634,36.8,38.8,39.3,35.2,0,1,0
ni300,3,reheat_d100,NPU,100,17,677.488,485,2.404961,5.9078,36.8,38.8,39.3,35.3,0,1,0
ni300,3,reheat_d100,NPU,100,18,678.488,464,2.468144,2.7358,36.8,38.8,39.3,35.3,0,1,0
ni300,3,reheat_d100,NPU,100,19,679.488,483,2.422148,1.8361,36.8,38.8,39.3,35.3,0,1,0
ni300,3,reheat_d100,NPU,100,20,680.488,495,2.232031,1.6409,36.9,38.9,39.3,35.4,0,1,0
ni300,3,reheat_d100,NPU,100,21,681.488,517,1.903516,2.4451,36.9,38.9,39.3,35.4,0,1,0
ni300,3,reheat_d100,NPU,100,22,682.488,558,1.818399,3.7859,37.0,39.0,39.5,35.4,0,1,0
ni300,3,reheat_d100,NPU,100,23,683.488,750,0.82795,5.0085,37.0,39.1,39.8,35.5,0,1,0
ni300,3,reheat_d100,NPU,100,24,684.488,1310,0.73459,5.3816,37.0,39.1,39.8,35.5,0,1,0
ni300,3,reheat_d100,NPU,100,25,685.488,1285,0.743437,7.8722,37.1,39.4,40.8,35.5,0,1,0
ni300,3,reheat_d100,NPU,100,26,686.488,1268,0.728106,8.3758,37.1,39.4,40.8,35.5,0,1,0
ni300,3,reheat_d100,NPU,100,27,687.488,1295,0.734414,7.8388,37.1,39.4,40.8,35.5,0,1,0
ni300,3,reheat_d100,NPU,100,28,688.488,1190,0.732383,2.2054,37.3,39.9,41.6,35.6,0,1,0
ni300,3,reheat_d100,NPU,100,29,689.488,1148,0.748613,2.3268,37.3,39.9,41.6,35.6,0,1,0
ni300,3,reheat_d100,NPU,100,30,690.488,1073,0.750273,3.1428,37.4,40.2,41.9,35.7,0,1,0
ni300,3,reheat_d100,NPU,100,31,691.488,1295,0.741094,6.2856,37.4,40.2,41.9,35.7,0,1,0
ni300,3,reheat_d100,NPU,100,32,692.488,1229,0.736211,5.3331,37.6,40.4,42.0,35.8,0,1,0
ni300,3,reheat_d100,NPU,100,33,693.488,1205,0.730196,6.6496,37.6,40.4,42.0,35.8,0,1,0
ni300,3,reheat_d100,NPU,100,34,694.488,1286,0.745097,7.0501,37.7,40.7,42.5,35.8,0,1,0
ni300,3,reheat_d100,NPU,100,35,695.488,1269,0.744141,4.332,37.7,40.7,42.5,35.8,0,1,0
ni300,3,reheat_d100,NPU,100,36,696.488,1227,0.752656,2.4906,37.8,41.0,42.6,35.9,0,1,0
ni300,3,reheat_d100,NPU,100,37,697.488,1297,0.736406,4.423,37.8,41.0,42.6,35.9,0,1,0
ni300,3,reheat_d100,NPU,100,38,698.488,1301,0.73586,4.0862,37.8,41.1,42.9,36.0,0,1,0
ni300,3,reheat_d100,NPU,100,39,699.488,1273,0.755742,5.1571,37.8,41.1,42.9,36.0,0,1,0
ni300,3,reheat_d100,NPU,100,40,700.488,1127,0.800039,3.7768,38.1,41.3,43.4,36.1,0,1,0
ni300,3,reheat_d100,NPU,100,41,701.488,1170,0.78998,5.7032,38.1,41.3,43.4,36.1,0,1,0
ni300,3,reheat_d100,NPU,100,42,702.488,1149,0.82832,3.2641,38.2,41.5,43.4,36.2,0,1,0
ni300,3,reheat_d100,NPU,100,43,703.488,1170,0.82043,5.4514,38.2,41.5,43.4,36.2,0,1,0
ni300,3,reheat_d100,NPU,100,44,704.488,1162,0.819531,4.4836,38.2,41.5,43.2,36.3,0,1,0
ni300,3,reheat_d100,NPU,100,45,705.488,1173,0.814805,5.0449,38.2,41.5,43.2,36.3,0,1,0
ni300,3,reheat_d100,NPU,100,46,706.488,1147,0.81957,5.1237,38.3,41.6,43.2,36.4,0,1,0
ni300,3,reheat_d100,NPU,100,47,707.488,1160,0.825371,3.3248,38.3,41.6,43.2,36.4,0,1,0
ni300,3,reheat_d100,NPU,100,48,708.488,1150,0.824668,4.875,38.4,41.7,43.3,36.5,0,1,0
ni300,3,reheat_d100,NPU,100,49,709.488,1162,0.81875,5.603,38.4,41.7,43.3,36.5,0,1,0
ni300,3,reheat_d100,NPU,100,50,710.488,1209,0.789727,5.1541,38.3,41.8,43.5,36.5,0,1,0
ni300,3,reheat_d100,NPU,100,51,711.488,1205,0.792383,4.0286,38.3,41.8,43.5,36.5,0,1,0
ni300,3,reheat_d100,NPU,100,52,712.488,1156,0.821446,4.7851,38.5,41.8,43.6,36.6,0,1,0
ni300,3,reheat_d100,NPU,100,53,713.488,1150,0.822558,3.8299,38.5,41.8,43.6,36.6,0,1,0
ni300,3,reheat_d100,NPU,100,54,714.488,1110,0.821309,3.7756,38.6,42.0,43.8,36.7,0,1,0
ni300,3,reheat_d100,NPU,100,55,715.488,1115,0.820625,4.8333,38.6,42.0,43.8,36.7,0,1,0
ni300,3,reheat_d100,NPU,100,56,716.488,1152,0.823652,5.3094,38.6,42.0,43.9,36.8,0,1,0
ni300,3,reheat_d100,NPU,100,57,717.488,1179,0.813047,4.7911,38.6,42.0,43.9,36.8,0,1,0
ni300,3,reheat_d100,NPU,100,58,718.488,1160,0.818438,4.5892,38.6,42.2,43.6,36.9,0,1,0
ni300,3,reheat_d100,NPU,100,59,719.488,1146,0.822167,5.3697,38.6,42.2,43.6,36.9,0,1,0
ni300,3,reheat_d100,NPU,100,60,720.488,1179,0.813398,5.0231,38.7,42.2,43.9,37.0,0,1,0
ni300,3,reheat_d100,NPU,100,61,721.488,1071,0.836055,4.4566,38.7,42.2,43.9,37.0,0,1,0
ni300,3,reheat_d100,NPU,100,62,722.488,1156,0.823398,5.8849,38.8,42.3,43.9,37.0,0,1,0
ni300,3,reheat_d100,NPU,100,63,723.488,1164,0.815684,4.7399,38.8,42.3,43.9,37.0,0,1,0
ni300,3,reheat_d100,NPU,100,64,724.488,1148,0.828418,4.8875,38.8,42.5,44.1,37.1,0,1,0
ni300,3,reheat_d100,NPU,100,65,725.488,1148,0.824981,4.1523,38.8,42.5,44.1,37.1,0,1,0
ni300,3,reheat_d100,NPU,100,66,726.488,1146,0.817813,5.3124,38.9,42.5,43.9,37.1,0,1,0
ni300,3,reheat_d100,NPU,100,67,727.488,1163,0.819218,4.529,38.9,42.5,43.9,37.1,0,1,0
ni300,3,reheat_d100,NPU,100,68,728.488,1153,0.820781,3.7636,38.9,42.5,44.1,37.2,0,1,0
ni300,3,reheat_d100,NPU,100,69,729.488,1129,0.827226,5.0593,38.9,42.5,44.1,37.2,0,1,0
ni300,3,reheat_d100,NPU,100,70,730.488,1153,0.829024,4.0046,39.0,42.6,44.4,37.3,0,1,0
ni300,3,reheat_d100,NPU,100,71,731.488,1158,0.82252,5.3727,39.0,42.6,44.4,37.3,0,1,0
ni300,3,reheat_d100,NPU,100,72,732.488,1167,0.819062,4.4566,39.0,42.7,44.4,37.3,0,1,0
ni300,3,reheat_d100,NPU,100,73,733.488,1168,0.817891,5.2732,39.0,42.7,44.4,37.3,0,1,0
ni300,3,reheat_d100,NPU,100,74,734.488,1145,0.828437,4.6133,39.1,42.8,44.4,37.4,0,1,0
ni300,3,reheat_d100,NPU,100,75,735.488,1160,0.821114,4.6133,39.1,42.8,44.4,37.4,0,1,0
ni300,3,reheat_d100,NPU,100,76,736.488,1148,0.823496,4.4868,39.1,42.8,44.5,37.4,0,1,0
ni300,3,reheat_d100,NPU,100,77,737.488,1183,0.811016,4.7941,39.1,42.8,44.5,37.4,0,1,0
ni300,3,reheat_d100,NPU,100,78,738.488,1160,0.820156,5.6529,39.2,42.9,44.6,37.5,0,1,0
ni300,3,reheat_d100,NPU,100,79,739.488,1156,0.824062,5.2009,39.2,42.9,44.6,37.5,0,1,0
ni300,3,reheat_d100,NPU,100,80,740.488,1151,0.82543,6.4514,39.3,43.0,44.6,37.6,0,1,0
ni300,3,reheat_d100,NPU,100,81,741.488,1168,0.817657,5.1678,39.3,43.0,44.6,37.6,0,1,0
ni300,3,reheat_d100,NPU,100,82,742.488,1151,0.828359,4.309,39.2,43.1,44.7,37.7,0,1,0
ni300,3,reheat_d100,NPU,100,83,743.488,1160,0.824863,5.3395,39.2,43.1,44.7,37.7,0,1,0
ni300,3,reheat_d100,NPU,100,84,744.488,1149,0.821797,4.5501,39.4,43.2,45.0,37.7,0,1,0
ni300,3,reheat_d100,NPU,100,85,745.488,1168,0.824356,4.2457,39.4,43.2,45.0,37.7,0,1,0
ni300,3,reheat_d100,NPU,100,86,746.488,1138,0.829278,5.5294,39.4,43.2,45.0,37.8,0,1,0
ni300,3,reheat_d100,NPU,100,87,747.488,1158,0.822383,4.5862,39.4,43.2,45.0,37.8,0,1,0
ni300,3,reheat_d100,NPU,100,88,748.488,1162,0.81957,6.0868,39.5,43.4,45.1,37.8,0,1,0
ni300,3,reheat_d100,NPU,100,89,749.488,1182,0.813692,4.9388,39.5,43.4,45.1,37.8,0,1,0
ni300,3,reheat_d100,NPU,100,90,750.488,1148,0.828653,4.7188,39.6,43.4,45.2,37.9,0,1,0
ni300,3,reheat_d100,NPU,100,91,751.488,1169,0.816563,4.993,39.6,43.4,45.2,37.9,0,1,0
ni300,3,reheat_d100,NPU,100,92,752.488,1155,0.829297,4.4717,39.6,43.6,45.4,37.9,0,1,0
ni300,3,reheat_d100,NPU,100,93,753.488,1167,0.822188,5.436,39.6,43.6,45.4,37.9,0,1,0
ni300,3,reheat_d100,NPU,100,94,754.488,961,0.833086,6.126,39.7,43.6,45.5,38.0,0,1,0
ni300,3,reheat_d100,NPU,100,95,755.488,1168,0.822442,5.1889,39.7,43.6,45.5,38.0,0,1,0
ni300,3,reheat_d100,NPU,100,96,756.488,1135,0.824766,6.2887,39.7,43.6,45.4,38.1,0,1,0
ni300,3,reheat_d100,NPU,100,97,757.488,1161,0.818282,4.8574,39.7,43.6,45.4,38.1,0,1,0
ni300,3,reheat_d100,NPU,100,98,758.488,1160,0.819707,3.8178,39.8,43.7,45.3,38.1,0,1,0
ni300,3,reheat_d100,NPU,100,99,759.488,1171,0.819375,2.947,39.8,43.7,45.3,38.1,0,1,0
ni300,3,reheat_d100,NPU,100,100,760.488,1163,0.815078,4.2397,39.9,43.8,45.4,38.2,0,1,0
ni300,3,reheat_d100,NPU,100,101,761.488,1154,0.821406,5.7584,39.9,43.8,45.4,38.2,0,1,0
ni300,3,reheat_d100,NPU,100,102,762.488,1145,0.826445,6.9366,39.9,43.8,45.6,38.2,0,1,0
ni300,3,reheat_d100,NPU,100,103,763.488,1162,0.821972,4.996,39.9,43.8,45.6,38.2,0,1,0
ni300,3,reheat_d100,NPU,100,104,764.488,1146,0.822207,3.4894,39.8,43.8,45.6,38.2,0,1,0
ni300,3,reheat_d100,NPU,100,105,765.488,1163,0.822304,5.5203,39.8,43.8,45.6,38.2,0,1,0
ni300,3,reheat_d100,NPU,100,106,766.488,1167,0.818594,6.361,39.9,43.9,45.6,38.3,0,1,0
ni300,3,reheat_d100,NPU,100,107,767.488,1142,0.829824,5.222,39.9,43.9,45.6,38.3,0,1,0
ni300,3,reheat_d100,NPU,100,108,768.488,1159,0.818125,5.7041,39.9,44.0,45.8,38.3,0,1,0
ni300,3,reheat_d100,NPU,100,109,769.488,1152,0.825098,5.7825,39.9,44.0,45.8,38.3,0,1,0
ni300,3,reheat_d100,NPU,100,110,770.488,1130,0.83459,5.0623,40.0,44.0,45.6,38.4,1,1,0
ni300,3,reheat_d100,NPU,100,111,771.488,1137,0.842109,4.4958,40.0,44.0,45.6,38.4,1,1,0
ni300,3,reheat_d100,NPU,100,112,772.488,1122,0.85125,4.8152,40.0,44.0,45.9,38.4,1,1,0
ni300,3,reheat_d100,NPU,100,113,773.488,1123,0.847383,4.8611,40.0,44.0,45.9,38.4,1,1,0
ni300,3,reheat_d100,NPU,100,114,774.488,1103,0.850195,4.6356,40.0,44.0,45.5,38.5,1,1,0
ni300,3,reheat_d100,NPU,100,115,775.488,1135,0.837812,4.5785,40.0,44.0,45.5,38.5,1,1,0
ni300,3,reheat_d100,NPU,100,116,776.488,1100,0.849746,4.9844,40.0,44.1,45.8,38.5,1,1,0
ni300,3,reheat_d100,NPU,100,117,777.488,1129,0.844454,5.3,40.0,44.1,45.8,38.5,1,1,0
ni300,3,reheat_d100,NPU,100,118,778.488,1114,0.841543,6.1388,40.1,44.2,45.9,38.6,1,1,0
ni300,3,reheat_d100,NPU,100,119,779.488,1124,0.848067,5.1888,40.1,44.2,45.9,38.6,1,1,0
ni300,3,reheat_d100,NPU,100,120,780.488,1139,0.841797,4.1156,40.1,44.2,45.7,38.6,1,1,0
ni300,3,reheat_d100,NPU,100,121,781.488,1117,0.849063,3.4632,40.1,44.2,45.7,38.6,1,1,0
ni300,3,reheat_d100,NPU,100,122,782.488,1132,0.839512,6.4664,40.0,44.2,45.6,38.6,1,1,0
ni300,3,reheat_d100,NPU,100,123,783.488,1176,0.817754,4.4132,40.0,44.2,45.6,38.6,1,1,0
ni300,3,reheat_d100,NPU,100,124,784.488,1127,0.84375,4.1727,40.1,44.3,45.9,38.7,1,1,0
ni300,3,reheat_d100,NPU,100,125,785.488,1095,0.844258,5.4022,40.1,44.3,45.9,38.7,1,1,0
ni300,3,reheat_d100,NPU,100,126,786.488,1101,0.854648,5.5405,40.3,44.3,46.0,38.7,1,1,0
ni300,3,reheat_d100,NPU,100,127,787.488,1104,0.84584,4.9603,40.3,44.3,46.0,38.7,1,1,0
ni300,3,reheat_d100,NPU,100,128,788.488,1091,0.849805,5.6337,40.3,44.4,46.2,38.8,1,1,0
ni300,3,reheat_d100,NPU,100,129,789.488,1126,0.846699,5.3331,40.3,44.4,46.2,38.8,1,1,0
ni300,3,reheat_d100,NPU,100,130,790.488,1111,0.853086,4.4102,40.4,44.3,46.1,38.9,1,1,0
ni300,3,reheat_d100,NPU,100,131,791.488,1086,0.853575,6.3041,40.4,44.3,46.1,38.9,1,1,0
ni300,3,reheat_d100,NPU,100,132,792.488,1119,0.848555,4.795,40.4,44.4,46.1,38.9,1,1,0
ni300,3,reheat_d100,NPU,100,133,793.488,1134,0.84461,5.6788,40.4,44.4,46.1,38.9,1,1,0
ni300,3,reheat_d100,NPU,100,134,794.488,1103,0.851133,3.9171,40.4,44.4,46.2,38.9,1,1,0
ni300,3,reheat_d100,NPU,100,135,795.488,1115,0.845625,4.9543,40.4,44.4,46.2,38.9,1,1,0
ni300,3,reheat_d100,NPU,100,136,796.488,1106,0.84709,4.4282,40.5,44.4,46.2,39.0,1,1,0
ni300,3,reheat_d100,NPU,100,137,797.488,1108,0.84961,5.0204,40.5,44.4,46.2,39.0,1,1,0
ni300,3,reheat_d100,NPU,100,138,798.488,1111,0.85,5.2158,40.5,44.4,46.3,39.0,1,1,0
ni300,3,reheat_d100,NPU,100,139,799.488,1122,0.842539,3.9652,40.5,44.4,46.3,39.0,1,1,0
ni300,3,reheat_d100,NPU,100,140,800.488,1114,0.846583,4.6326,40.5,44.5,46.3,39.0,1,1,0
ni300,3,reheat_d100,NPU,100,141,801.488,1128,0.845254,5.3271,40.5,44.5,46.3,39.0,1,1,0
ni300,3,reheat_d100,NPU,100,142,802.488,1123,0.84375,6.5837,40.6,44.5,46.4,39.1,1,1,0
ni300,3,reheat_d100,NPU,100,143,803.488,1100,0.84875,6.2109,40.6,44.5,46.4,39.1,1,1,0
ni300,3,reheat_d100,NPU,100,144,804.488,1116,0.845468,4.9264,40.6,44.7,46.4,39.1,1,1,0
ni300,3,reheat_d100,NPU,100,145,805.488,1126,0.848887,7.1012,40.6,44.7,46.4,39.1,1,1,0
ni300,3,reheat_d100,NPU,100,146,806.488,1127,0.846133,4.626,40.5,44.6,46.4,39.1,1,1,0
ni300,3,reheat_d100,NPU,100,147,807.488,1113,0.843633,3.4515,40.5,44.6,46.4,39.1,1,1,0
ni300,3,reheat_d100,NPU,100,148,808.488,1128,0.843946,6.4284,40.7,44.6,46.4,39.2,1,1,0
ni300,3,reheat_d100,NPU,100,149,809.488,1114,0.847656,6.176,40.7,44.6,46.4,39.2,1,1,0
ni300,3,reheat_d100,NPU,100,150,810.488,1130,0.841954,7.0502,40.6,44.6,46.5,39.2,1,1,0
ni300,3,reheat_d100,NPU,100,151,811.488,1155,0.818867,5.7945,40.6,44.6,46.5,39.2,1,1,0
ni300,3,reheat_d100,NPU,100,152,812.488,1135,0.831407,4.8843,40.7,44.7,46.5,39.3,1,1,0
ni300,3,reheat_d100,NPU,100,153,813.488,1102,0.8475,5.4581,40.7,44.7,46.5,39.3,1,1,0
ni300,3,reheat_d100,NPU,100,154,814.488,1105,0.848359,5.416,40.7,44.7,46.5,39.3,1,1,0
ni300,3,reheat_d100,NPU,100,155,815.488,1120,0.845489,5.8276,40.7,44.7,46.5,39.3,1,1,0
ni300,3,reheat_d100,NPU,100,156,816.488,1113,0.846328,4.9504,40.6,44.7,46.3,39.3,1,1,0
ni300,3,reheat_d100,NPU,100,157,817.488,1118,0.846406,4.7822,40.6,44.7,46.3,39.3,1,1,0
ni300,3,reheat_d100,NPU,100,158,818.488,1114,0.84625,6.5065,40.8,44.8,46.6,39.4,1,1,0
ni300,3,reheat_d100,NPU,100,159,819.488,896,0.85627,5.9087,40.8,44.8,46.6,39.4,1,1,0
ni300,3,reheat_d100,NPU,100,160,820.488,1108,0.851094,5.4641,40.8,44.8,46.5,39.4,1,1,0
ni300,3,reheat_d100,NPU,100,161,821.488,1113,0.851093,5.4641,40.8,44.8,46.5,39.4,1,1,0
ni300,3,reheat_d100,NPU,100,162,822.488,1127,0.842344,3.9892,40.8,44.7,46.5,39.4,1,1,0
ni300,3,reheat_d100,NPU,100,163,823.488,1134,0.841192,4.6801,40.8,44.7,46.5,39.4,1,1,0
ni300,3,reheat_d100,NPU,100,164,824.488,1118,0.845957,5.5332,40.8,44.8,46.6,39.5,1,1,0
ni300,3,reheat_d100,NPU,100,165,825.488,1131,0.845274,6.1009,40.8,44.8,46.6,39.5,1,1,0
ni300,3,reheat_d100,NPU,100,166,826.488,1108,0.848691,3.7999,40.9,44.8,46.8,39.5,1,1,0
ni300,3,reheat_d100,NPU,100,167,827.488,1116,0.847969,4.7191,40.9,44.8,46.8,39.5,1,1,0
ni300,3,reheat_d100,NPU,100,168,828.488,1129,0.841719,5.2749,40.8,44.8,46.3,39.5,1,1,0
ni300,3,reheat_d100,NPU,100,169,829.488,1145,0.824179,3.7939,40.8,44.8,46.3,39.5,1,1,0
ni300,3,reheat_d100,NPU,100,170,830.488,1137,0.841055,4.6591,40.9,44.9,46.9,39.6,1,1,0
ni300,3,reheat_d100,NPU,100,171,831.488,1125,0.838516,5.1277,40.9,44.9,46.9,39.6,1,1,0
ni300,3,reheat_d100,NPU,100,172,832.488,1122,0.84455,4.4037,40.9,45.0,46.9,39.6,1,1,0
ni300,3,reheat_d100,NPU,100,173,833.488,1115,0.852852,4.0312,40.9,45.0,46.9,39.6,1,1,0
ni300,3,reheat_d100,NPU,100,174,834.488,1118,0.851602,5.416,40.9,45.0,46.6,39.6,1,1,0
ni300,3,reheat_d100,NPU,100,175,835.488,1123,0.848984,4.7221,40.9,45.0,46.6,39.6,1,1,0
ni300,3,reheat_d100,NPU,100,176,836.488,1114,0.847754,5.4641,40.9,45.1,47.0,39.6,1,1,0
ni300,3,reheat_d100,NPU,100,177,837.488,1069,0.853125,4.581,40.9,45.1,47.0,39.6,1,1,0
ni300,3,reheat_d100,NPU,100,178,838.488,1141,0.838594,3.7218,40.9,45.1,46.7,39.6,1,1,0
ni300,3,reheat_d100,NPU,100,179,839.488,1109,0.848125,7.0892,40.9,45.1,46.7,39.6,1,1,0
ni300,3,reheat_d100,NPU,100,180,840.488,0,,2.4512,40.9,45.7,46.5,39.7,1,0,0
