t_s,n_inf,lat_med_ms,power_w,SKIN,AP,BAT,PA,status,headroom_now,headroom_60s
0,272,3.63885,7.0205,31.6,30.9,29.9,30.2,0,0.55333334,0.54495716
1,270,3.66315,6.4869,31.7,32.7,29.9,32.0,0,0.55333334,0.54495716
2,271,3.6632,7.1539,31.7,32.7,29.9,32.0,0,0.55333334,0.54868925
3,269,3.66352,6.1934,31.7,32.7,29.9,32.0,0,0.5566667,0.54868925
4,272,3.64764,6.4669,31.7,32.7,29.9,32.0,0,0.5566667,0.5504625
5,272,3.64707,7.5675,31.7,32.7,29.9,32.0,0,0.5566667,0.5504625
6,271,3.65352,6.647,31.7,32.7,29.9,32.0,0,0.5566667,0.55223566
7,271,3.65969,5.9766,32.9,35.6,30.1,35.6,0,0.5566667,0.55223566
8,270,3.66703,7.1072,32.9,35.6,30.1,35.6,0,0.5566667,0.60943085
9,274,3.63506,6.0833,33.3,36.2,30.3,36.3,0,0.5966667,0.60943085
10,272,3.65074,7.2806,33.3,36.2,30.3,36.3,0,0.5966667,0.6573321
11,271,3.64652,7.2973,33.5,36.9,30.5,37.1,0,0.60999995,0.6573321
12,272,3.65906,7.4977,33.5,36.9,30.5,37.1,0,0.60999995,0.7009603
13,272,3.64971,6.1919,33.8,37.3,30.7,37.6,0,0.6166667,0.7009603
14,271,3.66234,6.5649,33.8,37.3,30.7,37.6,0,0.6166667,0.7481473
15,272,3.65824,7.0722,34.0,37.8,30.8,38.0,0,0.62666667,0.7481473
16,274,3.65187,6.7449,34.0,37.8,30.8,38.0,0,0.62666667,0.7912426
17,272,3.64967,7.9166,34.2,38.2,31.0,38.4,0,0.6333333,0.7912426
18,271,3.64879,7.5107,34.2,38.2,31.0,38.4,0,0.6333333,0.8314945
19,273,3.65527,7.0264,34.5,38.5,31.2,38.8,0,0.64000005,0.8314945
20,272,3.66353,6.3784,34.5,38.5,31.2,38.8,0,0.64000005,0.8728291
21,272,3.64975,7.7398,34.6,38.8,31.4,39.2,0,0.65,0.8728291
22,272,3.66385,6.8595,34.6,38.8,31.4,39.2,0,0.65,0.90160483
23,271,3.65785,6.8857,34.6,38.8,31.4,39.2,0,0.6533333,0.90160483
24,271,3.67348,6.578,34.7,39.1,31.5,39.3,0,0.6533333,0.9211263
25,271,3.66578,5.9988,34.7,39.1,31.5,39.3,0,0.6566667,0.9211263
26,272,3.65045,6.7286,35.0,39.3,31.7,39.9,0,0.6566667,0.94155324
27,273,3.64644,6.4602,35.0,39.3,31.7,39.9,0,0.6666667,0.94155324
28,270,3.6701,7.3177,35.2,39.6,31.9,40.0,0,0.6666667,0.9532787
29,275,3.6466,5.7631,35.2,39.6,31.9,40.0,0,0.67333335,0.9532787
30,269,3.69055,6.1951,35.3,39.9,32.0,40.3,0,0.67333335,0.9529181
31,272,3.64201,6.7089,35.3,39.9,32.0,40.3,0,0.6766666,0.9529181
32,269,3.65527,5.8646,35.4,40.1,32.2,40.5,0,0.6766666,0.943478
33,271,3.64488,5.4555,35.4,40.1,32.2,40.5,0,0.68000007,0.943478
34,271,3.65254,7.2653,35.6,40.4,32.4,40.8,0,0.68000007,0.9294844
35,272,3.6648,6.7679,35.6,40.4,32.4,40.8,0,0.6866666,0.9294844
36,273,3.65539,6.9609,35.8,40.6,32.5,41.0,0,0.6866666,0.9069851
37,273,3.66055,7.6711,35.8,40.6,32.5,41.0,0,0.6933333,0.9069851
38,271,3.66426,6.8562,35.9,40.8,32.7,41.3,0,0.6933333,0.8871404
39,269,3.68289,5.9824,35.9,40.8,32.7,41.3,0,0.6966667,0.8871404
40,273,3.66676,6.578,36.0,41.0,32.8,41.4,0,0.6966667,0.8802368
41,270,3.64945,6.0282,36.0,41.0,32.8,41.4,0,0.7,0.8802368
42,268,3.67652,6.7744,36.1,41.1,32.9,41.6,0,0.7,0.87430876
43,270,3.68936,6.7402,36.1,41.1,32.9,41.6,0,0.70333326,0.87430876
44,267,3.71687,6.1035,36.3,41.4,33.1,42.0,0,0.70333326,0.87313104
45,267,3.71816,6.9884,36.3,41.4,33.1,42.0,0,0.71,0.87313104
46,265,3.75285,6.848,36.4,41.5,33.2,42.0,0,0.71,0.8703921
47,265,3.75121,6.7076,36.4,41.5,33.2,42.0,0,0.71333337,0.8703921
48,265,3.72445,6.0349,36.6,41.6,33.4,42.2,0,0.71333337,0.8717398
49,265,3.74406,5.7083,36.6,41.6,33.4,42.2,0,0.71999997,0.8717398
50,266,3.73217,5.9859,36.6,41.7,33.5,42.1,0,0.71999997,0.8673532
51,266,3.71455,6.9982,36.6,41.7,33.5,42.1,0,0.71999997,0.8673532
52,267,3.73492,6.8872,36.6,41.8,33.6,42.2,0,0.71999997,0.86074984
53,266,3.74393,6.1035,36.6,41.8,33.6,42.2,0,0.71999997,0.86074984
54,263,3.79008,5.5646,36.8,41.9,33.7,42.5,0,0.71999997,0.8589509
55,264,3.77738,5.6332,36.8,41.9,33.7,42.5,0,0.7266666,0.8589509
56,264,3.76725,6.7239,36.9,42.0,33.8,42.5,0,0.7266666,0.8558142
57,252,3.88088,5.8716,36.9,42.0,33.8,42.5,0,0.7300001,0.8558142
58,235,4.23801,5.4111,37.0,42.0,33.9,42.4,0,0.7300001,0.85520375
59,236,4.21387,5.3524,37.0,42.0,33.9,42.4,0,0.73333335,0.85520375
60,237,4.19465,5.3491,37.1,42.0,34.0,42.5,0,0.73333335,0.8548125
61,236,4.19887,5.7279,37.1,42.0,34.0,42.5,0,0.7366666,0.8548125
62,236,4.21352,5.5581,37.1,42.1,34.1,42.5,0,0.7366666,0.8487405
63,236,4.20418,6.0479,37.1,42.1,34.1,42.5,0,0.7366666,0.8487405
64,236,4.20838,5.2217,37.2,42.1,34.2,42.5,0,0.7366666,0.84529394
65,236,4.22934,5.4797,37.2,42.1,34.2,42.5,0,0.74,0.84529394
66,234,4.23346,5.7671,37.2,42.1,34.3,42.6,0,0.74,0.83953387
67,220,4.27303,5.2119,37.2,42.1,34.3,42.6,0,0.74,0.83953387
68,179,5.39313,3.9873,37.3,42.2,34.4,42.5,0,0.74,0.83737296
69,199,4.78652,3.393,37.3,42.2,34.4,42.5,0,0.7433333,0.83737296
70,236,4.2125,5.3883,37.3,41.9,34.5,42.1,0,0.7433333,0.83094734
71,237,4.20398,5.7802,37.3,41.9,34.5,42.1,0,0.7433333,0.83094734
72,235,4.21773,5.9892,37.3,42.0,34.5,42.3,0,0.7433333,0.8225717
73,218,4.29272,5.5534,37.3,42.0,34.5,42.3,0,0.7433333,0.8225717
74,183,5.36836,3.949,37.4,42.2,34.6,42.6,0,0.7433333,0.8185932
75,196,5.00338,3.662,37.4,42.2,34.6,42.6,0,0.7466667,0.8185932
76,234,4.24129,5.4523,37.4,41.9,34.6,42.1,0,0.7466667,0.8126994
77,236,4.21455,4.5881,37.4,41.9,34.6,42.1,0,0.7466667,0.8126994
78,235,4.20832,5.5175,37.4,42.0,34.7,42.3,0,0.7466667,0.8072928
79,221,4.26301,5.9708,37.4,42.0,34.7,42.3,0,0.7466667,0.8072928
80,182,5.34176,3.6588,37.5,42.2,34.8,42.6,0,0.7466667,0.8062392
81,180,5.37697,3.6946,37.5,42.2,34.8,42.6,0,0.75,0.8062392
82,183,5.39754,3.7794,37.6,42.0,34.8,42.1,0,0.75,0.80465317
83,194,5.02617,3.5903,37.6,41.8,34.9,42.1,0,0.7533333,0.80465317
84,237,4.20543,5.4066,37.5,41.8,34.9,41.8,0,0.7533333,0.7956911
85,236,4.21316,5.6153,37.5,41.8,34.9,41.8,0,0.75,0.7956911
86,236,4.20225,6.1599,37.5,42.1,35.0,42.0,0,0.75,0.7901527
87,224,4.23131,5.524,37.5,42.1,35.0,42.0,0,0.75,0.7901527
88,180,5.46789,4.0664,37.6,42.2,35.0,42.6,0,0.75,0.78976464
89,181,5.41266,3.8381,37.6,42.1,35.1,42.0,0,0.7533333,0.78976464
90,181,5.44973,3.7272,37.6,42.1,35.1,42.0,0,0.7533333,0.78794885
91,179,5.51902,4.461,37.6,42.1,35.1,42.0,0,0.7533333,0.78794885
92,182,5.37953,3.1533,37.6,41.8,35.1,41.8,0,0.7533333,0.78564453
93,182,5.3943,3.7794,37.6,41.8,35.1,41.8,0,0.7533333,0.78564453
94,183,5.25137,3.8479,37.6,41.7,35.1,41.6,0,0.7533333,0.78294104
95,181,5.40242,3.8512,37.6,41.6,35.2,41.6,0,0.7533333,0.78294104
96,180,5.46268,3.7566,37.6,41.6,35.2,41.5,0,0.7533333,0.7801057
97,195,4.90254,3.2185,37.6,41.6,35.2,41.5,0,0.7533333,0.7801057
98,236,4.22299,5.9447,37.6,41.7,35.1,41.4,0,0.7533333,0.7772247
99,230,4.22029,5.1621,37.6,41.7,35.1,41.4,0,0.7533333,0.7772247
100,180,5.44301,3.8838,37.7,41.9,35.2,42.0,0,0.7533333,0.7791842
101,181,5.43984,4.2783,37.7,41.9,35.2,42.0,0,0.7566667,0.7791842
102,181,5.43137,4.2979,37.7,41.9,35.2,41.9,0,0.7566667,0.77776563
103,183,5.34371,3.7729,37.7,41.9,35.2,41.9,0,0.7566667,0.77776563
104,179,5.5284,4.8523,37.7,41.8,35.3,41.6,0,0.7566667,0.7763026
105,178,5.59611,3.6946,37.7,41.8,35.3,41.6,0,0.7566667,0.7763026
106,182,5.36736,4.3338,37.7,41.7,35.3,41.5,0,0.7566667,0.7750613
107,180,5.46387,4.0142,37.7,41.6,35.3,41.4,0,0.7566667,0.7750613
108,180,5.3949,4.3077,37.7,41.6,35.3,41.4,0,0.7566667,0.7727553
109,184,5.26467,4.1838,37.7,41.6,35.4,41.4,0,0.7566667,0.7727553
110,185,5.29238,4.6012,37.7,41.6,35.4,41.4,0,0.7566667,0.7707598
111,184,5.33121,4.249,37.7,41.6,35.4,41.4,0,0.7566667,0.7707598
112,180,5.43064,4.2262,37.7,41.6,35.4,41.4,0,0.7566667,0.77071416
113,184,5.3585,4.311,37.7,41.6,35.4,41.3,0,0.7566667,0.77071416
114,237,4.19609,5.436,37.7,41.6,35.4,41.3,0,0.7566667,0.77022517
115,238,4.20158,6.1697,37.7,41.9,35.4,42.0,0,0.7566667,0.77022517
116,235,4.2316,6.6295,37.7,41.9,35.4,42.0,0,0.7566667,0.7677432
117,232,4.21264,6.124,37.7,41.9,35.4,42.0,0,0.7566667,0.7677432
118,177,5.61125,5.1653,37.9,42.3,35.4,42.3,0,0.7566667,0.7751631
119,177,5.52027,4.2164,37.9,42.3,35.4,42.3,0,0.7633334,0.7751631
120,179,5.49281,4.3794,38.0,42.0,35.5,42.3,0,0.7633334,0.78350246
121,177,5.53805,4.0273,38.0,42.0,35.5,42.3,0,0.76666665,0.78350246
122,182,5.35074,4.4088,37.9,41.9,35.5,41.8,0,0.76666665,0.78384614
123,178,5.43938,4.1675,37.9,41.9,35.5,41.8,0,0.7633334,0.78384614
124,178,5.54154,3.874,37.9,41.8,35.6,41.6,0,0.7633334,0.7850866
125,183,5.37594,3.7762,37.9,41.8,35.6,41.6,0,0.7633334,0.7850866
126,179,5.48672,4.5686,38.0,41.8,35.6,41.8,0,0.7633334,0.78526485
127,176,5.66322,4.9305,38.0,41.8,35.6,41.8,0,0.76666665,0.78526485
128,180,5.44344,4.9697,38.0,41.7,35.7,41.8,0,0.76666665,0.79019356
129,180,5.4008,3.7892,38.0,41.7,35.7,41.8,0,0.76666665,0.79019356
130,181,5.44969,3.6294,37.9,41.7,35.7,41.5,0,0.76666665,0.7917455
131,183,5.43891,3.2675,37.9,41.7,35.7,41.5,0,0.7633334,0.7917455
132,176,5.6215,4.6501,38.0,41.7,35.7,41.6,0,0.7633334,0.78770435
133,180,5.49387,3.8936,38.0,41.7,35.7,41.6,0,0.76666665,0.78770435
134,180,5.47133,3.9849,38.0,41.6,35.7,41.6,0,0.76666665,0.79210144
135,176,5.53404,3.5707,38.0,41.6,35.7,41.6,0,0.76666665,0.79210144
136,178,5.48016,4.3436,38.0,41.6,35.8,41.6,0,0.76666665,0.7921026
137,179,5.46856,3.8381,38.0,41.6,35.8,41.6,0,0.76666665,0.7921026
138,179,5.5034,3.4012,38.0,41.6,35.8,41.5,0,0.76666665,0.7910394
139,183,5.34938,4.8001,38.0,41.6,35.8,41.5,0,0.76666665,0.7910394
140,179,5.47828,3.7468,38.0,41.6,35.8,41.6,0,0.76666665,0.78891295
141,177,5.58848,3.9946,38.0,41.6,35.8,41.6,0,0.76666665,0.78891295
142,179,5.41738,3.7142,38.0,41.5,35.8,41.4,0,0.76666665,0.7857226
143,179,5.50633,4.2033,38.0,41.5,35.8,41.4,0,0.76666665,0.7857226
144,177,5.50399,3.6294,38.0,41.6,35.8,41.5,0,0.76666665,0.7814682
145,182,5.38666,4.474,38.0,41.6,35.8,41.5,0,0.76666665,0.7814682
146,167,5.85808,3.2577,38.1,41.6,35.8,41.5,0,0.76666665,0.7761505
147,169,5.73715,4.0338,38.1,41.6,35.8,41.5,0,0.7699999,0.7761505
148,178,5.57086,3.3751,38.0,41.6,35.9,41.5,0,0.7699999,0.7783315
149,178,5.55057,4.1414,38.0,41.6,35.9,41.5,0,0.76666665,0.7783315
150,168,5.74406,3.4175,38.1,41.6,35.9,41.5,0,0.76666665,0.7745993
151,165,5.88914,3.5903,38.1,41.6,35.9,41.5,0,0.7699999,0.7745993
152,177,5.56777,2.9479,38.0,41.5,35.9,41.4,0,0.7699999,0.77992684
153,179,5.50469,3.3294,38.0,41.5,35.9,41.4,0,0.76666665,0.77992684
154,170,5.72387,2.3185,38.1,41.6,35.9,41.4,0,0.76666665,0.7741119
155,167,5.79672,3.0457,38.1,41.6,35.9,41.4,0,0.7699999,0.7741119
156,167,5.81047,3.8446,38.1,41.5,35.9,41.4,0,0.7699999,0.7770907
157,171,5.63523,3.7599,38.1,41.5,35.9,41.4,0,0.7699999,0.7770907
158,166,5.92752,3.3979,38.1,41.5,35.9,41.4,0,0.7699999,0.77886367
159,167,5.78363,3.4566,38.1,41.5,35.9,41.4,0,0.7699999,0.77886367
160,178,5.49805,3.799,37.9,41.4,35.9,41.2,0,0.7699999,0.7802821
161,184,5.36383,3.6001,37.9,41.4,35.9,41.2,0,0.7633334,0.7802821
162,176,5.53311,3.887,38.1,41.6,35.9,41.5,0,0.7633334,0.7668785
163,170,5.80932,4.3273,38.1,41.6,35.9,41.5,0,0.7699999,0.7668785
164,166,5.89717,3.3946,38.2,41.6,36.0,41.5,0,0.7699999,0.7746085
165,168,5.73008,2.9838,38.2,41.6,36.0,41.5,0,0.7733334,0.7746085
166,175,5.54172,3.0439,38.0,41.5,36.0,41.3,0,0.7733334,0.78113276
167,181,5.42305,3.4543,38.0,41.5,36.0,41.3,0,0.76666665,0.78113276
168,169,5.69797,3.5627,38.2,41.6,36.0,41.5,0,0.76666665,0.77198434
169,168,5.74418,3.034,38.2,41.6,36.0,41.5,0,0.7733334,0.77198434
170,165,5.85492,3.1752,38.2,41.5,36.1,41.5,0,0.7733334,0.78113276
171,169,5.70844,3.2179,38.2,41.5,36.1,41.5,0,0.7733334,0.78113276
172,169,5.76145,3.6415,38.1,41.5,36.0,41.1,0,0.7733334,0.78290546
173,168,5.64777,3.0045,38.1,41.5,36.0,41.1,0,0.7699999,0.78290546
174,166,5.76469,3.4609,38.2,41.5,36.1,41.2,0,0.7699999,0.77815413
175,164,5.96217,3.9666,38.2,41.5,36.1,41.2,0,0.7733334,0.77815413
176,168,5.69639,3.8484,38.1,41.4,36.0,41.1,0,0.7733334,0.7821967
177,168,5.72607,3.7531,38.1,41.4,36.0,41.1,0,0.7699999,0.7821967
178,169,5.76414,3.1424,38.1,41.5,36.0,41.3,0,0.7699999,0.77921844
179,167,5.7984,3.5266,38.1,41.5,36.0,41.3,0,0.7699999,0.77921844
180,168,5.74024,3.5824,38.1,41.5,36.1,41.2,0,0.7699999,0.77673733
181,167,5.87082,3.5594,38.1,41.5,36.1,41.2,0,0.7699999,0.77673733
182,163,5.96488,3.8418,38.2,41.4,36.1,41.1,0,0.7699999,0.77673787
183,166,5.83861,2.9224,38.2,41.4,36.1,41.1,0,0.7733334,0.77673787
184,167,5.77434,3.1424,38.1,41.4,36.1,41.2,0,0.7733334,0.77971673
185,171,5.71379,3.3788,38.1,41.4,36.1,41.2,0,0.7699999,0.77971673
186,166,5.80969,3.6021,38.2,41.4,36.1,41.2,0,0.7699999,0.77567446
187,165,5.88727,3.369,38.2,41.4,36.1,41.2,0,0.7733334,0.77567446
188,165,5.8475,3.1654,38.1,41.4,36.1,41.1,0,0.7733334,0.78078103
189,167,5.80582,3.6743,38.1,41.4,36.1,41.1,0,0.7699999,0.78078103
190,167,5.80613,3.2573,38.2,41.5,36.2,41.0,0,0.7699999,0.7763838
191,166,5.79375,3.6317,38.2,41.5,36.2,41.0,0,0.7733334,0.7763838
192,165,5.92774,3.3361,38.2,41.5,36.2,41.2,0,0.7733334,0.77546185
193,166,5.86203,4.5248,38.2,41.5,36.2,41.2,0,0.7733334,0.77546185
194,166,5.83953,4.272,38.2,41.4,36.2,41.2,0,0.7733334,0.7758165
195,165,5.81141,4.1308,38.2,41.4,36.2,41.2,0,0.7733334,0.7758165
196,167,5.80895,3.6743,38.2,41.5,36.2,41.0,0,0.7733334,0.7772349
197,164,5.85935,4.0717,38.2,41.5,36.2,41.0,0,0.7733334,0.7772349
198,165,5.85523,3.2376,38.2,41.4,36.2,41.2,0,0.7733334,0.77732366
199,168,5.83289,3.3657,38.2,41.4,36.2,41.2,0,0.7733334,0.77732366
200,165,5.7934,3.0472,38.2,41.4,36.2,41.1,0,0.7733334,0.77688015
201,164,5.92064,2.906,38.2,41.4,36.2,41.1,0,0.7733334,0.77688015
202,167,5.83344,3.2475,38.2,41.4,36.2,41.1,0,0.7733334,0.7790075
203,165,5.84324,4.4066,38.2,41.4,36.2,41.1,0,0.7733334,0.7790075
204,161,6.00215,3.6579,38.3,41.4,36.2,41.1,0,0.7733334,0.77976036
205,157,6.06543,3.8287,38.3,41.4,36.2,41.1,0,0.7733334,0.77976036
206,164,5.88609,3.9534,38.3,41.4,36.2,41.1,0,0.7733334,0.7848658
207,159,6.01453,3.6021,38.3,41.3,36.3,41.2,0,0.77666664,0.7848658
208,155,6.22965,3.2146,38.3,41.3,36.3,41.3,0,0.77666664,0.7875685
209,158,6.08682,3.3131,38.3,41.3,36.3,41.3,0,0.77666664,0.7875685
210,158,6.14051,3.4642,38.3,41.3,36.3,41.3,0,0.77666664,0.78827757
211,156,6.23826,3.5922,38.4,41.3,36.3,41.2,0,0.77666664,0.78827757
212,155,6.3882,4.226,38.4,41.3,36.3,41.2,0,0.77666664,0.7928963
213,159,6.00781,4.1406,38.4,41.3,36.4,41.2,0,0.78000003,0.7928963
214,155,6.15242,3.8155,38.4,41.3,36.4,41.2,0,0.78000003,0.79586536
215,155,6.34,4.2884,38.3,41.3,36.3,41.3,0,0.78000003,0.79586536
216,159,6.03957,2.7746,38.3,41.3,36.3,41.3,0,0.78000003,0.79341835
217,159,6.1518,2.8534,38.3,41.3,36.3,41.2,0,0.77666664,0.79341835
218,160,6.11689,4.4263,38.3,41.3,36.3,41.2,0,0.77666664,0.79231036
219,164,5.92432,3.1719,38.2,41.3,36.4,41.1,0,0.77666664,0.79231036
220,161,6.01098,3.7958,38.2,41.3,36.4,41.1,0,0.77666664,0.78614044
221,156,6.23164,3.7761,38.4,41.3,36.4,41.2,0,0.7733334,0.78614044
222,155,6.22465,3.1654,38.4,41.3,36.4,41.2,0,0.7733334,0.7909014
223,154,6.16039,3.1719,38.3,41.3,36.4,41.1,0,0.78000003,0.7909014
224,159,6.03965,2.594,38.3,41.3,36.4,41.1,0,0.78000003,0.78770167
225,159,6.09391,3.0964,38.3,41.2,36.4,41.1,0,0.77666664,0.78770167
226,162,5.92922,3.2048,38.3,41.2,36.4,41.1,0,0.77666664,0.786107
227,159,6.06223,3.6242,38.3,41.2,36.4,41.1,0,0.77666664,0.786107
228,159,5.99484,4.005,38.3,41.2,36.4,41.1,0,0.77666664,0.7841576
229,157,6.24691,2.5409,38.4,41.4,36.4,41.2,0,0.77666664,0.7841576
230,157,6.17863,2.6821,38.4,41.4,36.4,41.2,0,0.77666664,0.78647196
231,160,6.00689,3.053,38.3,41.2,36.4,41.1,0,0.78000003,0.78647196
232,157,6.10363,3.2565,38.3,41.2,36.4,41.1,0,0.78000003,0.7814985
233,153,6.2284,3.0103,38.4,41.3,36.4,41.2,0,0.77666664,0.7814985
234,155,6.27172,3.2467,38.4,41.3,36.4,41.2,0,0.77666664,0.78274804
235,156,6.26766,3.053,38.3,41.2,36.4,40.9,0,0.78000003,0.78274804
236,157,6.09152,2.4785,38.3,41.2,36.4,40.9,0,0.78000003,0.77808446
237,154,6.26871,2.925,38.3,41.2,36.4,41.1,0,0.77666664,0.77808446
238,153,6.22586,3.5487,38.3,41.2,36.4,41.1,0,0.77666664,0.7766656
239,152,6.36328,3.0235,38.4,41.2,36.4,41.1,0,0.77666664,0.7766656
240,153,6.25773,3.5356,38.4,41.2,36.4,41.1,0,0.77666664,0.77986604
241,155,6.19445,3.0333,38.3,41.1,36.4,40.9,0,0.78000003,0.77986604
242,154,6.27723,2.8692,38.3,41.1,36.4,40.9,0,0.78000003,0.777508
243,156,6.24379,2.8593,38.3,41.2,36.5,41.0,0,0.77666664,0.777508
244,153,6.34098,3.3977,38.3,41.2,36.5,41.0,0,0.77666664,0.7787492
245,157,6.06473,3.0497,38.3,41.1,36.5,40.8,0,0.77666664,0.7787492
246,154,6.22711,2.9677,38.3,41.1,36.5,40.8,0,0.77666664,0.7789706
247,155,6.23168,3.3977,38.3,41.2,36.5,41.0,0,0.77666664,0.7789706
248,159,6.12711,2.9677,38.3,41.2,36.5,41.0,0,0.77666664,0.7779064
249,157,6.06855,2.7411,38.2,41.1,36.5,40.9,0,0.77666664,0.7779064
250,156,6.33305,3.8278,38.2,41.1,36.5,40.9,0,0.77666664,0.77085024
251,153,6.31727,2.4227,38.3,41.2,36.5,40.9,0,0.7733334,0.77085024
252,154,6.17555,2.6689,38.3,41.2,36.5,40.9,0,0.7733334,0.7718351
253,152,6.33805,3.0465,38.3,41.2,36.5,40.8,0,0.77666664,0.7718351
254,156,6.16516,2.6985,38.3,41.2,36.5,40.8,0,0.77666664,0.77241135
255,155,6.29211,3.1843,38.3,41.2,36.5,40.9,0,0.77666664,0.77241135
256,152,6.36268,3.378,38.3,41.2,36.5,40.9,0,0.77666664,0.77170247
257,151,6.41637,2.7018,38.4,41.2,36.5,40.9,0,0.77666664,0.77170247
258,151,6.45484,2.5114,38.4,41.2,36.5,40.9,0,0.77666664,0.7756119
259,157,6.10043,2.8298,38.3,41.1,36.5,40.8,0,0.78000003,0.7756119
260,154,6.23018,3.7982,38.3,41.1,36.5,40.8,0,0.78000003,0.77396256
261,153,6.4866,3.03,38.3,41.2,36.5,40.9,0,0.77666664,0.77396256
262,153,6.32098,3.2369,38.3,41.2,36.5,40.9,0,0.77666664,0.7745387
263,152,6.50035,3.4568,38.4,41.2,36.5,41.1,0,0.77666664,0.7745387
264,150,6.55074,2.5278,38.4,41.2,36.5,41.1,0,0.77666664,0.7798223
265,156,6.23117,3.6308,38.3,41.2,36.5,40.9,0,0.78000003,0.7798223
266,155,6.30766,2.7083,38.3,41.2,36.5,40.9,0,0.78000003,0.7784389
267,148,6.634,2.9644,38.4,41.2,36.6,41.0,0,0.77666664,0.7784389
268,148,6.62934,2.38,38.4,41.2,36.6,41.0,0,0.77666664,0.78234863
269,152,6.28311,2.4752,38.4,41.1,36.6,40.9,0,0.78000003,0.78234863
270,151,6.48617,2.3472,38.4,41.1,36.6,40.9,0,0.78000003,0.78531826
271,154,6.27564,2.5212,38.3,41.1,36.6,40.9,0,0.78000003,0.78531826
272,152,6.4098,3.0563,38.3,41.1,36.6,40.9,0,0.78000003,0.78358024
273,154,6.25129,3.0629,38.3,41.2,36.6,40.9,0,0.77666664,0.78358024
274,154,6.31734,2.9053,38.3,41.2,36.6,40.9,0,0.77666664,0.78251636
275,152,6.5451,2.8298,38.4,41.2,36.6,40.9,0,0.77666664,0.78251636
276,150,6.5441,3.2139,38.4,41.2,36.6,40.9,0,0.77666664,0.7860711
277,152,6.48707,3.3124,38.4,41.2,36.6,40.9,0,0.78000003,0.7860711
278,149,6.47582,2.6263,38.4,41.2,36.6,40.9,0,0.78000003,0.7873118
279,152,6.46281,3.5126,38.4,41.2,36.6,40.9,0,0.78000003,0.7873118
280,150,6.35361,2.9578,38.4,41.2,36.6,40.9,0,0.78000003,0.7868244
281,151,6.48801,2.8922,38.4,41.1,36.6,40.9,0,0.78000003,0.7868244
282,151,6.3384,2.8101,38.4,41.1,36.6,40.9,0,0.78000003,0.78571665
283,149,6.48109,2.774,38.4,41.2,36.6,40.9,0,0.78000003,0.78571665
284,151,6.46785,3.378,38.4,41.2,36.6,40.9,0,0.78000003,0.7855394
285,150,6.36326,2.9348,38.4,41.1,36.7,40.9,0,0.78000003,0.7855394
286,151,6.24965,3.1088,38.4,41.1,36.7,40.9,0,0.78000003,0.7850076
287,144,6.72408,3.4732,38.4,41.1,36.6,40.8,0,0.78000003,0.7850076
288,144,6.78883,2.7444,38.4,41.1,36.6,40.8,0,0.78000003,0.7854954
289,151,6.32543,3.6341,38.4,41.1,36.7,40.7,0,0.78000003,0.7854954
290,148,6.62373,2.7247,38.4,41.1,36.7,40.7,0,0.78000003,0.7858945
291,146,6.57889,2.4326,38.4,41.1,36.7,40.9,0,0.78000003,0.7858945
292,147,6.62684,2.8856,38.4,41.1,36.7,40.9,0,0.78000003,0.78465396
293,145,6.74191,2.5934,38.4,41.1,36.7,40.9,0,0.78000003,0.78465396
294,148,6.60594,3.3452,38.4,41.1,36.7,40.9,0,0.78000003,0.7844326
295,148,6.61344,2.9874,38.4,41.1,36.7,40.7,0,0.78000003,0.7844326
296,146,6.6684,3.8278,38.4,41.1,36.7,40.7,0,0.78000003,0.7841226
297,153,6.28633,3.9558,38.3,41.0,36.7,40.8,0,0.78000003,0.7841226
298,151,6.48848,3.1876,38.3,41.0,36.7,40.8,0,0.78000003,0.778928
299,148,6.64863,2.6886,38.3,41.0,36.7,40.8,0,0.77666664,0.778928
300,149,6.44395,2.4129,38.4,41.1,36.7,40.8,0,0.77666664,0.78195155
301,148,6.55121,2.1338,38.4,41.1,36.7,40.8,0,0.78000003,0.78195155
302,148,6.4891,3.1942,38.4,41.0,36.7,40.9,0,0.78000003,0.78164124
303,148,6.53049,3.1646,38.4,41.0,36.7,40.9,0,0.78000003,0.78164124
304,145,6.6848,2.9381,38.4,41.0,36.7,40.8,0,0.78000003,0.7796903
305,145,6.59988,3.7588,38.4,41.0,36.7,40.8,0,0.78000003,0.7796903
306,144,6.79025,3.506,38.4,41.0,36.8,40.7,0,0.78000003,0.778759
307,145,6.46574,3.4831,38.4,41.0,36.8,40.7,0,0.78000003,0.778759
308,147,6.61082,3.0038,38.4,40.9,36.8,40.8,0,0.78000003,0.77911365
309,146,6.69432,3.355,38.4,40.9,36.8,40.8,0,0.78000003,0.77911365
310,149,6.55789,2.6263,38.4,40.9,36.7,40.8,0,0.78000003,0.7794684
311,144,6.74033,3.6768,38.4,40.9,36.7,40.8,0,0.78000003,0.7794684
312,147,6.86562,3.2664,38.4,41.0,36.7,40.7,0,0.78000003,0.7798232
313,144,6.67734,3.4043,38.4,41.0,36.7,40.7,0,0.78000003,0.7798232
314,146,6.61232,3.076,38.3,41.0,36.8,40.7,0,0.78000003,0.7755585
315,140,6.83096,2.948,38.3,41.0,36.8,40.7,0,0.77666664,0.7755585
316,138,7.06988,2.3997,38.4,40.9,36.8,40.8,0,0.77666664,0.778227
317,145,6.90313,3.1942,38.4,40.9,36.8,40.8,0,0.78000003,0.778227
318,144,6.88889,3.3025,38.3,40.9,36.8,40.7,0,0.78000003,0.7743173
319,150,6.47219,3.7161,38.3,40.9,36.8,40.7,0,0.77666664,0.7743173
320,151,6.39539,4.5565,38.3,40.8,36.7,40.6,0,0.77666664,0.7727217
321,149,6.52961,3.4732,38.3,40.8,36.7,40.6,0,0.77666664,0.7727217
322,145,6.76965,3.2664,38.3,40.9,36.8,40.7,0,0.77666664,0.7714808
323,139,7.065,2.7773,38.4,41.0,36.8,40.8,0,0.77666664,0.7714808
324,138,7.08709,2.252,38.4,41.0,36.8,40.8,0,0.77666664,0.77521324
325,141,6.82524,3.0563,38.4,41.0,36.8,40.8,0,0.78000003,0.77521324
326,138,6.99525,3.1417,38.4,40.8,36.8,40.7,0,0.78000003,0.7769863
327,147,6.56695,3.122,38.4,40.8,36.8,40.7,0,0.78000003,0.7769863
328,144,6.69148,2.6459,38.3,40.8,36.8,40.6,0,0.78000003,0.77276677
329,146,6.59107,2.7871,38.3,40.8,36.8,40.5,0,0.77666664,0.77276677
330,148,6.54049,2.8528,38.3,40.8,36.8,40.5,0,0.77666664,0.7705949
331,145,6.63027,2.6689,38.3,40.8,36.8,40.5,0,0.77666664,0.7705949
332,144,6.81537,2.9381,38.3,40.8,36.8,40.7,0,0.77666664,0.77006286
333,140,7.00234,2.4555,38.3,40.8,36.8,40.7,0,0.77666664,0.77006286
334,140,6.93119,3.0891,38.4,40.8,36.7,40.7,0,0.77666664,0.77450395
335,139,7.03109,2.7773,38.4,40.8,36.7,40.7,0,0.78000003,0.77450395
336,137,7.2648,2.3275,38.4,40.8,36.8,40.6,0,0.78000003,0.77698594
337,142,6.86531,2.1962,38.3,40.7,36.7,40.6,0,0.78000003,0.77698594
338,140,6.86764,2.3899,38.3,40.7,36.7,40.6,0,0.78000003,0.7748493
339,143,6.70168,3.0005,38.3,40.7,36.8,40.6,0,0.77666664,0.7748493
340,140,6.92668,3.1417,38.3,40.7,36.8,40.6,0,0.77666664,0.77502656
341,141,6.92504,2.4654,38.3,40.8,36.8,40.6,0,0.77666664,0.77502656
342,139,6.96797,2.5081,38.3,40.8,36.7,40.5,0,0.77666664,0.7755586
343,139,7.00082,2.0386,38.3,40.7,36.7,40.5,0,0.77666664,0.7755586
344,138,6.99939,2.7215,38.3,40.7,36.7,40.7,0,0.77666664,0.7750711
345,141,6.89809,2.8396,38.2,40.7,36.7,40.5,0,0.77666664,0.7750711
346,147,6.76574,2.3374,38.2,40.7,36.7,40.5,0,0.77666664,0.7700532
347,141,6.94305,2.38,38.2,40.8,36.8,40.5,0,0.7733334,0.7700532
348,140,6.77904,2.4227,38.3,40.8,36.8,40.7,0,0.7733334,0.77223396
349,140,6.82078,3.355,38.3,40.7,36.8,40.5,0,0.77666664,0.77223396
350,138,7.06326,2.4949,38.3,40.7,36.8,40.5,0,0.77666664,0.7711703
351,142,6.72836,2.6722,38.3,40.8,36.8,40.5,0,0.77666664,0.7711703
352,141,6.79766,2.403,38.3,40.8,36.8,40.5,0,0.77666664,0.77010703
353,139,6.83148,2.3144,38.3,40.8,36.7,40.6,0,0.77666664,0.77010703
354,139,7.0332,2.3144,38.3,40.8,36.7,40.6,0,0.77666664,0.77041763
355,140,6.93969,2.6033,38.3,40.7,36.8,40.5,0,0.77666664,0.77041763
356,142,6.73711,2.9545,38.3,40.7,36.8,40.5,0,0.77666664,0.7723677
357,143,6.82184,2.3242,38.3,40.8,36.8,40.5,0,0.77666664,0.7723677
358,138,7.16855,2.1765,38.3,40.8,36.8,40.5,0,0.77666664,0.77329826
359,142,6.756,2.3275,38.3,40.7,36.8,40.5,0,0.77666664,0.77329826
360,143,6.74848,2.5212,38.3,40.7,36.8,40.5,0,0.77666664,0.7729436
361,139,6.94594,3.0333,38.3,40.7,36.8,40.5,0,0.77666664,0.7729436
362,141,6.84258,2.8593,38.3,40.7,36.8,40.5,0,0.77666664,0.77258897
363,140,6.92154,2.7116,38.3,40.8,36.8,40.5,0,0.77666664,0.77258897
364,142,6.8268,3.3419,38.3,40.8,36.8,40.5,0,0.77666664,0.77360827
365,134,7.19361,2.3275,38.4,40.8,36.8,40.7,0,0.77666664,0.77360827
366,126,7.65434,2.0912,38.4,40.8,36.8,40.7,0,0.77666664,0.78088605
367,126,7.65152,2.3045,38.4,40.7,36.8,40.6,0,0.78000003,0.78088605
368,125,7.67836,2.38,38.4,40.7,36.8,40.6,0,0.78000003,0.78483045
369,130,7.56613,2.5376,38.3,40.7,36.8,40.5,0,0.78000003,0.78483045
370,139,6.9693,3.2139,38.3,40.7,36.8,40.5,0,0.78000003,0.78251624
371,133,7.3643,2.4227,38.4,40.7,36.8,40.6,0,0.77666664,0.78251624
372,125,7.70664,2.4326,38.4,40.7,36.8,40.6,0,0.77666664,0.7867802
373,131,7.35082,2.5409,38.3,40.6,36.8,40.5,0,0.78000003,0.7867802
374,143,6.70176,2.2947,38.3,40.6,36.8,40.5,0,0.78000003,0.7841114
375,136,7.09916,3.4962,38.4,40.7,36.8,40.6,0,0.77666664,0.7841114
376,126,7.79664,2.3242,38.4,40.7,36.8,40.6,0,0.77666664,0.78664714
377,126,7.7458,2.4982,38.4,40.6,36.8,40.5,0,0.78000003,0.78664714
378,124,7.70621,2.5179,38.4,40.6,36.8,40.5,0,0.78000003,0.7866029
379,132,7.40832,2.1141,38.3,40.6,36.8,40.5,0,0.78000003,0.7866029
380,138,6.97367,2.6689,38.3,40.6,36.8,40.5,0,0.78000003,0.7828709
381,136,7.07535,2.7083,38.3,40.6,36.7,40.5,0,0.77666664,0.7828709
382,129,7.53641,3.053,38.3,40.6,36.7,40.5,0,0.77666664,0.7810984
383,125,7.6743,2.6361,38.3,40.6,36.7,40.5,0,0.77666664,0.7810984
384,126,7.67283,2.1765,38.3,40.6,36.7,40.5,0,0.77666664,0.77932584
385,124,7.70986,2.2093,38.3,40.5,36.8,40.4,0,0.77666664,0.77932584
386,127,7.66481,2.4457,38.3,40.5,36.8,40.4,0,0.77666664,0.7775532
387,131,7.26414,2.3144,38.2,40.5,36.8,40.2,0,0.77666664,0.7775532
388,142,6.75787,3.6144,38.2,40.5,36.8,40.2,0,0.77666664,0.7711619
389,135,7.16262,2.9086,38.2,40.5,36.8,40.2,0,0.7733334,0.7711619
390,125,7.62246,2.9972,38.3,40.6,36.8,40.5,0,0.7733334,0.77170306
391,126,7.64102,2.3899,38.3,40.4,36.7,40.4,0,0.77666664,0.77170306
392,126,7.69082,2.2816,38.3,40.4,36.7,40.4,0,0.77666664,0.77028465
393,131,7.26629,2.3275,38.3,40.4,36.7,40.4,0,0.77666664,0.77028465
394,137,7.0975,2.9545,38.2,40.5,36.7,40.3,0,0.77666664,0.76424766
395,135,7.18121,3.5159,38.2,40.5,36.7,40.3,0,0.7733334,0.76424766
396,132,7.35859,3.4929,38.2,40.5,36.7,40.4,0,0.7733334,0.7618987
397,125,7.67441,2.7543,38.2,40.5,36.7,40.4,0,0.7733334,0.7618987
398,126,7.65496,2.9381,38.3,40.5,36.7,40.5,0,0.7733334,0.76616275
399,128,7.59828,2.8265,38.3,40.5,36.7,40.5,0,0.77666664,0.76616275
400,139,7.11746,2.6459,38.2,40.4,36.7,40.4,0,0.77666664,0.7628296
401,135,7.38613,2.8856,38.2,40.4,36.7,40.4,0,0.7733334,0.7628296
402,125,7.59965,2.1962,38.2,40.5,36.7,40.2,0,0.7733334,0.7618992
403,125,7.82121,3.099,38.2,40.5,36.7,40.2,0,0.7733334,0.7618992
404,126,7.69684,2.5278,38.2,40.5,36.7,40.3,0,0.7733334,0.76158917
405,125,7.69457,2.8626,38.2,40.5,36.7,40.3,0,0.7733334,0.76158917
406,123,7.81773,2.6459,38.3,40.5,36.8,40.3,0,0.7733334,0.76634115
407,129,7.40113,2.7773,38.3,40.5,36.8,40.3,0,0.77666664,0.76634115
408,137,7.26984,2.3374,38.2,40.4,36.8,40.2,0,0.77666664,0.766155
409,139,6.93629,3.3846,38.2,40.4,36.8,40.2,0,0.7733334,0.766155
410,134,6.9907,2.38,38.3,40.4,36.8,40.4,0,0.7733334,0.77188164
411,132,7.37041,2.7904,38.3,40.4,36.8,40.4,0,0.77666664,0.77188164
412,140,6.91647,3.0858,38.2,40.5,36.8,40.4,0,0.77666664,0.76974475
413,139,6.99742,3.6209,38.2,40.5,36.8,40.4,0,0.7733334,0.76974475
414,124,7.70754,2.4752,38.2,40.4,36.7,40.2,0,0.7733334,0.769922
415,127,7.66109,2.1108,38.2,40.4,36.7,40.2,0,0.7733334,0.769922
416,126,7.65449,2.4096,38.3,40.4,36.7,40.4,0,0.7733334,0.775072
417,125,7.71281,2.0485,38.3,40.4,36.7,40.4,0,0.77666664,0.775072
418,125,7.63934,2.5737,38.3,40.4,36.8,40.3,0,0.77666664,0.7768888
419,127,7.63648,2.2389,38.3,40.4,36.8,40.3,0,0.77666664,0.7768888
420,142,6.93662,3.2762,38.2,40.3,36.8,40.2,0,0.77666664,0.7738214
421,136,7.23459,2.8725,38.2,40.3,36.8,40.2,0,0.7733334,0.7738214
422,126,7.66838,2.1108,38.2,40.4,36.8,40.3,0,0.7733334,0.77435327
423,128,7.39709,2.3997,38.2,40.4,36.8,40.3,0,0.7733334,0.77435327
424,138,7.01184,2.6591,38.1,40.3,36.7,40.3,0,0.7733334,0.7692472
425,138,6.90311,2.3571,38.1,40.3,36.7,40.3,0,0.7699999,0.7692472
426,127,7.57184,2.6066,38.2,40.4,36.7,40.4,0,0.7699999,0.7697886
427,124,7.7048,1.9828,38.2,40.4,36.7,40.4,0,0.7733334,0.7697886
428,129,7.59203,2.3374,38.3,40.4,36.8,40.3,0,0.7733334,0.7743627
429,125,7.57238,2.3045,38.3,40.4,36.8,40.3,0,0.77666664,0.7743627
430,140,7.02873,2.5212,38.2,40.3,36.7,40.3,0,0.77666664,0.77227044
431,137,7.16133,2.2389,38.2,40.3,36.7,40.3,0,0.7733334,0.77227044
432,125,7.68434,2.4654,38.2,40.4,36.7,40.3,0,0.7733334,0.77085215
433,126,7.71668,2.1634,38.2,40.4,36.7,40.3,0,0.7733334,0.77085215
434,130,7.36541,2.4884,38.2,40.3,36.7,40.2,0,0.7733334,0.76943374
435,126,7.57289,2.2717,38.2,40.3,36.7,40.2,0,0.7733334,0.76943374
436,126,7.54801,2.2093,38.2,40.3,36.7,40.2,0,0.7733334,0.76938945
437,125,7.74906,1.8975,38.2,40.3,36.7,40.2,0,0.7733334,0.76938945
438,125,7.74543,2.3997,38.2,40.3,36.8,40.2,0,0.7733334,0.7696115
439,129,7.38586,2.229,38.2,40.3,36.8,40.2,0,0.7733334,0.7696115
440,143,6.89969,3.1712,38.1,40.2,36.7,40.2,0,0.7733334,0.7653033
441,141,6.78184,3.1417,38.1,40.2,36.7,40.2,0,0.7699999,0.7653033
442,127,7.58016,2.4851,38.2,40.4,36.8,40.3,0,0.7699999,0.76819354
443,127,7.58676,2.1108,38.2,40.4,36.8,40.3,0,0.7733334,0.76819354
444,128,7.53637,2.6459,38.2,40.4,36.7,40.3,0,0.7733334,0.7678392
445,124,7.75459,2.3702,38.2,40.4,36.7,40.3,0,0.7733334,0.7678392
446,127,7.60695,2.2487,38.2,40.3,36.7,40.2,0,0.7733334,0.7688582
447,125,7.69383,2.5934,38.2,40.3,36.7,40.2,0,0.7733334,0.7688582
448,126,7.60531,2.1437,38.2,40.3,36.8,40.2,0,0.7733334,0.77151644
449,124,7.72441,2.7018,38.2,40.3,36.8,40.2,0,0.7733334,0.77151644
450,124,7.67078,2.1634,38.3,40.3,36.8,40.2,0,0.7733334,0.7729786
451,127,7.54012,2.0255,38.3,40.3,36.8,40.2,0,0.77666664,0.7729786
452,137,7.04199,2.7641,38.2,40.3,36.8,40.2,0,0.77666664,0.77914757
453,141,6.92399,2.6821,38.2,40.3,36.8,40.2,0,0.7733334,0.77914757
454,125,7.71293,2.5212,38.2,40.4,36.7,40.3,0,0.7733334,0.7758144
455,127,7.52352,2.1338,38.2,40.4,36.7,40.3,0,0.7733334,0.7758144
456,125,7.69676,2.4523,38.2,40.4,36.7,40.3,0,0.7733334,0.7729786
457,125,7.62594,2.5278,38.2,40.4,36.7,40.3,0,0.7733334,0.7729786
458,127,7.66863,2.101,38.2,40.4,36.7,40.2,0,0.7733334,0.7726242
459,125,7.55328,1.9828,38.2,40.4,36.7,40.2,0,0.7733334,0.7726242
460,137,7.14469,2.1864,38.1,40.3,36.7,40.1,0,0.7733334,0.77510554
461,137,7.2434,2.8396,38.1,40.3,36.7,40.1,0,0.7699999,0.77510554
462,139,6.99715,1.9598,38.1,40.4,36.7,40.1,0,0.7699999,0.76929057
463,137,7.13,2.4654,38.1,40.4,36.7,40.1,0,0.7699999,0.76929057
464,128,7.51687,2.5606,38.2,40.4,36.7,40.2,0,0.7699999,0.7671637
465,126,7.61131,2.4227,38.2,40.4,36.7,40.2,0,0.7733334,0.7671637
466,127,7.65059,2.7444,38.2,40.4,36.7,40.2,0,0.7733334,0.771206
467,126,7.63133,2.9086,38.2,40.4,36.7,40.2,0,0.7733334,0.771206
468,135,7.27414,2.8429,38.1,40.4,36.7,40.1,0,0.7733334,0.7719149
469,141,6.9434,2.4752,38.1,40.4,36.7,40.1,0,0.7699999,0.7719149
470,129,7.55242,3.1843,38.2,40.5,36.8,40.2,0,0.7699999,0.76680946
471,124,7.69182,2.7543,38.2,40.5,36.8,40.2,0,0.7733334,0.76680946
472,135,7.26586,2.7247,38.1,40.4,36.7,40.1,0,0.7733334,0.7683702
473,143,6.78719,2.8922,38.1,40.4,36.7,40.1,0,0.7699999,0.7683702
474,140,6.85361,3.5783,38.1,40.4,36.7,40.3,0,0.7699999,0.76326394
475,141,6.76324,3.1187,38.1,40.4,36.7,40.3,0,0.7699999,0.76326394
476,142,6.77408,3.4076,38.1,40.5,36.7,40.3,0,0.7699999,0.7618454
477,140,6.92129,2.6131,38.1,40.5,36.7,40.3,0,0.7699999,0.7618454
478,131,7.48941,2.797,38.3,40.6,36.8,40.5,0,0.7699999,0.7607811
479,126,7.73168,2.6131,38.3,40.6,36.8,40.5,0,0.77666664,0.7607811
480,134,7.30385,2.9808,38.2,40.5,36.8,40.3,0,0.77666664,0.77170247
481,141,6.8548,3.0103,38.2,40.5,36.8,40.3,0,0.7733334,0.77170247
482,141,7.00609,3.1942,38.2,40.5,36.8,40.3,0,0.7733334,0.7726243
483,140,6.93121,3.053,38.2,40.5,36.8,40.2,0,0.7733334,0.7726243
484,138,6.94443,2.7444,38.2,40.5,36.8,40.3,0,0.7733334,0.7743977
485,141,6.92664,2.206,38.2,40.5,36.8,40.3,0,0.7733334,0.7743977
486,140,6.84102,3.1417,38.2,40.6,36.8,40.3,0,0.7733334,0.77617085
487,142,6.95109,2.7543,38.2,40.6,36.8,40.3,0,0.7733334,0.77617085
488,142,6.78332,2.948,38.2,40.6,36.8,40.4,0,0.7733334,0.77794355
489,140,6.84264,3.1187,38.2,40.6,36.8,40.4,0,0.7733334,0.77794355
490,129,7.49703,2.4457,38.2,40.6,36.8,40.4,0,0.7733334,0.7797157
491,125,7.6652,2.7346,38.2,40.7,36.8,40.4,0,0.7733334,0.7797157
492,129,7.57352,2.7641,38.2,40.7,36.8,40.4,0,0.7733334,0.77865195
493,124,7.76539,2.2717,38.2,40.6,36.8,40.4,0,0.7733334,0.77865195
494,127,7.61871,2.3374,38.2,40.6,36.8,40.4,0,0.7733334,0.7772339
495,124,7.70717,2.9151,38.2,40.5,36.8,40.3,0,0.7733334,0.7772339
496,128,7.41627,3.2369,38.2,40.5,36.8,40.3,0,0.7733334,0.7782969
497,125,7.84715,3.181,38.2,40.5,36.8,40.2,0,0.7733334,0.7782969
498,131,7.32285,3.5257,38.2,40.5,36.8,40.2,0,0.7733334,0.7793597
499,131,7.2398,3.4863,38.2,40.4,36.8,40.3,0,0.7733334,0.7793597
500,125,7.81473,3.4338,38.2,40.4,36.8,40.3,0,0.7733334,0.77758735
501,127,7.75734,1.9828,38.2,40.4,36.8,40.2,0,0.7733334,0.77758735
502,134,7.35545,2.2717,38.2,40.4,36.8,40.2,0,0.7733334,0.77829653
503,141,6.89641,2.1437,38.1,40.3,36.8,40.1,0,0.7699999,0.77829653
504,131,7.37035,3.7194,38.1,40.3,36.8,40.1,0,0.7699999,0.7703551
505,126,7.65711,2.9151,38.2,40.4,36.8,40.2,0,0.7733334,0.7703551
506,129,7.4934,3.4765,38.2,40.4,36.8,40.2,0,0.7733334,0.7715613
507,126,7.77584,2.2389,38.2,40.4,36.8,40.1,0,0.7733334,0.7715613
508,123,7.71586,2.1437,38.2,40.4,36.8,40.1,0,0.7733334,0.7690791
509,126,7.64803,2.7346,38.2,40.4,36.8,40.0,0,0.7733334,0.7690791
510,129,7.51301,2.1207,38.2,40.4,36.8,40.0,0,0.7733334,0.7719152
511,126,7.6709,2.2619,38.2,40.3,36.8,40.1,0,0.7733334,0.7719152
512,135,7.34469,2.3275,38.2,40.3,36.8,40.1,0,0.7733334,0.77226967
513,140,7.11895,2.4555,38.1,40.3,36.8,40.1,0,0.7699999,0.77226967
514,142,6.85656,2.5934,38.1,40.3,36.8,40.1,0,0.7699999,0.7668091
515,140,7.02514,2.925,38.1,40.4,36.8,40.2,0,0.7699999,0.7668091
516,141,6.83809,2.0583,38.1,40.4,36.8,40.2,0,0.7699999,0.7650363
517,139,6.93988,2.3571,38.1,40.4,36.8,40.2,0,0.7699999,0.7650363
518,133,7.41,2.6689,38.1,40.4,36.8,40.2,0,0.7699999,0.7636181
519,127,7.54965,1.9927,38.2,40.5,36.8,40.2,0,0.7733334,0.7636181
520,134,7.24184,2.6361,38.2,40.5,36.8,40.2,0,0.7733334,0.7683697
521,139,7.02336,2.3144,38.1,40.4,36.8,40.1,0,0.7699999,0.7683697
522,133,7.1916,2.5278,38.1,40.4,36.8,40.1,0,0.7699999,0.7639726
523,126,7.64951,2.1535,38.2,40.4,36.8,40.2,0,0.7733334,0.7639726
524,134,7.23195,2.1667,38.2,40.4,36.8,40.2,0,0.7733334,0.7690787
525,139,6.87203,2.252,38.1,40.4,36.8,40.1,0,0.7699999,0.7690787
526,133,7.36359,2.4326,38.1,40.4,36.8,40.1,0,0.7699999,0.7650363
527,128,7.56965,2.3571,38.2,40.4,36.8,40.2,0,0.7733334,0.7650363
528,131,7.36875,2.9775,38.2,40.4,36.8,40.2,0,0.7733334,0.77049714
529,145,6.64824,3.3419,38.1,40.4,36.8,40.2,0,0.7699999,0.77049714
530,133,7.29609,2.0025,38.1,40.4,36.8,40.2,0,0.7699999,0.7668092
531,144,6.40072,2.2192,38.2,40.5,36.8,40.2,0,0.7733334,0.7668092
532,159,6.06734,4.724,38.2,40.5,36.8,40.2,0,0.7733334,0.7726243
533,162,5.94385,4.1298,38.1,41.2,36.8,40.7,0,0.7699999,0.7726243
534,156,6.06699,5.0588,38.3,41.8,36.8,41.1,0,0.7699999,0.7664548
535,153,6.1075,4.3858,38.3,41.8,36.8,41.1,0,0.77666664,0.7664548
536,153,6.25106,4.074,38.3,41.8,36.8,41.1,0,0.77666664,0.7780847
537,169,5.86414,3.2894,38.5,42.1,36.9,41.4,0,0.78333336,0.7780847
538,149,6.57422,3.5586,38.5,42.1,36.9,41.4,0,0.78333336,0.7943231
539,150,6.35102,3.4732,38.5,42.1,36.9,41.7,0,0.78333336,0.7943231
540,142,6.86936,3.9558,38.5,42.1,36.9,41.7,0,0.78333336,0.8028311
541,145,6.73649,3.5454,38.6,42.1,37.0,41.7,0,0.78333336,0.8028311
542,144,6.61451,4.0411,38.6,42.1,37.0,41.7,0,0.78333336,0.8148953
543,135,7.16172,3.2992,38.6,41.9,37.0,41.6,0,0.78666663,0.8148953
544,143,6.71188,3.5815,38.6,41.9,37.0,41.6,0,0.78666663,0.8207461
545,146,6.60039,3.2992,38.7,42.0,37.1,41.7,0,0.78666663,0.8207461
546,131,7.3184,3.5619,38.7,42.0,37.1,41.7,0,0.78666663,0.8294432
547,124,7.71037,2.5179,38.7,42.0,37.1,41.8,0,0.79,0.8294432
548,126,7.72645,2.1535,38.7,42.0,37.1,41.8,0,0.79,0.83405316
549,125,7.74875,2.554,38.8,41.7,37.2,41.4,0,0.79,0.83405316
550,129,7.6134,2.4424,38.8,41.7,37.2,41.4,0,0.79,0.84398997
551,136,7.00857,2.4752,38.7,41.4,37.2,41.2,0,0.7933333,0.84398997
552,135,7.21609,2.2947,38.7,41.3,37.2,41.1,0,0.7933333,0.8423823
553,126,7.61029,2.4982,38.7,41.3,37.2,41.1,0,0.79,0.8423823
554,124,7.85984,3.0005,38.7,41.1,37.2,41.0,0,0.79,0.84344226
555,125,7.72058,2.7773,38.7,41.1,37.2,41.0,0,0.79,0.84344226
556,128,7.50496,2.3669,38.6,41.1,37.2,40.9,0,0.79,0.8398941
557,140,6.95439,2.6131,38.6,41.1,37.2,40.9,0,0.79,0.8398941
558,136,7.12875,2.6394,38.7,41.1,37.2,41.0,0,0.79,0.8324402
559,124,7.7224,2.4457,38.7,41.1,37.2,41.0,0,0.78666663,0.8324402
560,132,7.05693,2.1864,38.6,41.0,37.2,40.9,0,0.78666663,0.8273108
561,140,6.99877,3.0727,38.6,41.0,37.2,40.9,0,0.79,0.8273108
562,138,6.98555,2.7773,38.6,40.9,37.2,41.1,0,0.79,0.8163111
563,128,7.52221,2.5836,38.6,40.9,37.2,41.1,0,0.78666663,0.8163111
564,125,7.6927,2.3899,38.7,40.9,37.2,40.9,0,0.78666663,0.80301833
565,128,7.58453,2.3669,38.7,40.9,37.2,40.9,0,0.78666663,0.80301833
566,128,7.46555,3.6669,38.5,40.9,37.2,40.7,0,0.78666663,0.7982436
567,140,6.9527,2.4129,38.5,40.9,37.2,40.7,0,0.79,0.7982436
568,137,7.0907,2.9578,38.5,40.9,37.2,40.7,0,0.79,0.78652596
569,139,6.96059,3.5487,38.5,40.9,37.2,40.7,0,0.78333336,0.78652596
570,141,6.87691,2.7576,38.4,40.9,37.1,40.8,0,0.78333336,0.7787271
571,137,6.97391,2.7313,38.4,40.9,37.1,40.8,0,0.78333336,0.7787271
572,142,6.89889,2.774,38.5,40.9,37.1,40.7,0,0.78333336,0.7676819
573,139,7.01984,2.8725,38.5,40.9,37.1,40.7,0,0.78000003,0.7676819
574,140,6.95123,3.2664,38.5,40.9,37.1,40.7,0,0.78000003,0.7652084
575,140,6.79174,3.1187,38.5,40.9,37.1,40.7,0,0.78333336,0.7652084
576,138,7.13387,3.4108,38.5,40.9,37.1,40.7,0,0.78333336,0.76250345
577,134,7.07947,2.2816,38.6,40.9,37.1,40.9,0,0.78333336,0.76250345
578,127,7.51465,2.3669,38.6,40.9,37.1,40.9,0,0.78333336,0.76641196
579,127,7.61676,2.403,38.6,40.9,37.1,40.9,0,0.78666663,0.76641196
580,131,7.24477,2.6689,38.6,40.9,37.1,40.9,0,0.78666663,0.77009046
581,141,6.80836,2.9578,38.4,40.9,37.1,40.7,0,0.78666663,0.77009046
582,138,7.10437,2.5507,38.4,40.9,37.1,40.7,0,0.78666663,0.7651529
583,125,7.6793,3.204,38.6,40.9,37.1,40.8,0,0.78000003,0.7651529
584,126,7.73133,2.5606,38.6,40.9,37.1,40.8,0,0.78000003,0.7731495
585,141,6.87219,2.7215,38.5,40.8,37.1,40.7,0,0.78666663,0.7731495
586,142,6.69125,2.6689,38.5,40.8,37.1,40.7,0,0.78666663,0.7729631
587,141,6.84148,2.2192,38.5,40.8,37.1,40.7,0,0.78333336,0.7729631
588,142,6.82258,4.2217,38.5,40.8,37.1,40.7,0,0.78333336,0.774071
589,129,7.35348,3.2598,38.5,40.8,37.1,40.6,0,0.78333336,0.774071
590,129,7.30164,2.8856,38.5,40.8,37.1,40.6,0,0.78333336,0.77562207
591,125,7.7634,2.9808,38.6,40.9,37.1,40.8,0,0.78333336,0.77562207
592,125,7.68617,1.8417,38.6,40.9,37.1,40.8,0,0.78333336,0.78241247
593,141,6.87551,1.8843,38.5,40.7,37.1,40.7,0,0.78666663,0.78241247
594,140,7.01623,2.6263,38.5,40.7,37.1,40.7,0,0.78666663,0.7813395
595,127,7.71723,2.6591,38.5,40.8,37.1,40.8,0,0.78333336,0.7813395
596,126,7.49795,3.227,38.5,40.8,37.1,40.8,0,0.78333336,0.7839536
597,127,7.49957,2.8396,38.5,40.7,37.0,40.7,0,0.78333336,0.7839536
598,125,7.72742,2.9381,38.5,40.7,37.0,40.7,0,0.78333336,0.7858144
599,129,7.45824,1.9927,38.5,40.7,37.1,40.6,0,0.78333336,0.7858144
