tag,seg,seg_label,accelerator,duty,t_s,n_inf,lat_med_ms,power_w,SKIN,AP,PA,BAT,status,SOC
m1n_b,0,cold_ref_d10,NPU,10,-1,3253,0.762656,1.2026,,,,,,
m1n_b,0,cold_ref_d10,NPU,10,0,1229,0.758594,1.2076,30.7,29.7,29.2,28.8,0,74
m1n_b,0,cold_ref_d10,NPU,10,10,824,0.788672,1.0397,30.9,30.3,30.0,28.8,0,74
m1n_b,0,cold_ref_d10,NPU,10,20,1200,0.754961,1.3605,31.1,30.5,30.3,28.9,0,74
m1n_b,0,cold_ref_d10,NPU,10,30,838,0.758067,1.1552,31.2,30.9,30.6,29.1,0,74
m1n_b,0,cold_ref_d10,NPU,10,40,1164,0.7508,1.5381,31.3,31.0,30.9,29.1,0,74
m1n_b,0,cold_ref_d10,NPU,10,50,1192,0.755372,1.7176,31.4,31.2,31.1,29.2,0,74
m1n_b,1,heat_d100,NPU,100,-1,37647,0.750117,5.6103,,,,,,
m1n_b,1,heat_d100,NPU,100,0,12605,0.750508,5.8644,31.5,31.4,31.4,29.3,0,74
m1n_b,1,heat_d100,NPU,100,10,12661,0.750977,4.8595,32.2,33.4,34.8,29.6,0,74
m1n_b,1,heat_d100,NPU,100,20,12381,0.748711,6.1071,33.1,35.1,36.8,30.2,0,74
m1n_b,1,heat_d100,NPU,100,30,12557,0.75375,5.1425,33.7,36.1,37.9,30.8,0,74
m1n_b,1,heat_d100,NPU,100,40,12169,0.752305,6.0127,34.1,37.1,39.0,31.4,0,74
m1n_b,1,heat_d100,NPU,100,50,12501,0.74664,5.2569,34.6,37.6,39.4,32.0,0,74
m1n_b,1,heat_d100,NPU,100,60,12533,0.744219,5.2144,35.0,38.2,40.0,32.4,0,74
m1n_b,1,heat_d100,NPU,100,70,12395,0.744414,5.3747,35.4,38.7,40.6,32.8,0,74
m1n_b,1,heat_d100,NPU,100,80,12557,0.743477,5.0305,35.7,39.0,41.1,33.2,0,74
m1n_b,1,heat_d100,NPU,100,90,12555,0.740079,5.2645,36.0,39.4,41.6,33.6,0,74
m1n_b,1,heat_d100,NPU,100,100,12886,0.740644,6.2546,36.3,39.9,41.8,33.9,0,73
m1n_b,1,heat_d100,NPU,100,110,12888,0.736171,5.6231,36.6,40.3,42.3,34.2,0,73
m1n_b,1,heat_d100,NPU,100,120,12792,0.740235,5.4195,36.8,40.7,42.8,34.6,0,73
m1n_b,1,heat_d100,NPU,100,130,12741,0.747227,5.0004,37.2,41.0,43.3,34.9,0,73
m1n_b,1,heat_d100,NPU,100,140,12434,0.761211,4.9073,37.4,41.4,43.5,35.2,0,73
m1n_b,1,heat_d100,NPU,100,150,12100,0.785215,4.8871,37.6,41.7,43.6,35.5,0,73
m1n_b,1,heat_d100,NPU,100,160,11564,0.814688,4.3892,37.8,41.7,43.6,35.8,0,73
m1n_b,1,heat_d100,NPU,100,170,11330,0.822813,4.8324,37.9,41.8,43.6,36.0,0,73
m1n_b,1,heat_d100,NPU,100,180,11412,0.821152,4.9973,38.0,41.9,43.7,36.1,0,73
m1n_b,1,heat_d100,NPU,100,190,11441,0.820429,4.7018,38.2,42.1,44.0,36.3,0,73
m1n_b,1,heat_d100,NPU,100,200,11637,0.818789,5.3815,38.4,42.2,44.0,36.6,0,73
m1n_b,1,heat_d100,NPU,100,210,11547,0.815546,5.7601,38.5,42.4,44.3,36.8,0,73
m1n_b,1,heat_d100,NPU,100,220,11422,0.822383,4.7312,38.7,42.6,44.4,37.0,0,72
m1n_b,1,heat_d100,NPU,100,230,11679,0.815429,4.5819,38.9,42.7,44.5,37.2,0,72
m1n_b,1,heat_d100,NPU,100,240,11556,0.823379,4.8004,39.1,43.0,44.8,37.4,0,72
m1n_b,1,heat_d100,NPU,100,250,11249,0.82125,4.2852,39.2,43.1,44.9,37.6,0,72
m1n_b,1,heat_d100,NPU,100,260,11532,0.819414,4.7216,39.3,43.3,45.0,37.8,0,72
m1n_b,1,heat_d100,NPU,100,270,11581,0.820195,4.9312,39.4,43.5,45.2,37.9,0,72
m1n_b,1,heat_d100,NPU,100,280,11475,0.823906,5.528,39.6,43.7,45.5,38.1,0,72
m1n_b,1,heat_d100,NPU,100,290,11287,0.829296,4.5369,39.9,44.1,45.8,38.3,0,72
m1n_b,1,heat_d100,NPU,100,300,11164,0.846329,4.6485,40.0,44.1,45.8,38.5,1,72
m1n_b,1,heat_d100,NPU,100,310,11137,0.846445,4.7544,40.1,44.1,45.8,38.7,1,72
m1n_b,1,heat_d100,NPU,100,320,11220,0.842598,4.6516,40.2,44.3,45.9,38.8,1,72
m1n_b,1,heat_d100,NPU,100,330,11213,0.845469,4.8229,40.3,44.4,46.1,38.9,1,72
m1n_b,1,heat_d100,NPU,100,340,11198,0.843222,5.3151,40.5,44.5,46.3,39.1,1,71
m1n_b,1,heat_d100,NPU,100,350,11154,0.847168,4.9776,40.6,44.8,46.5,39.3,1,71
m1n_b,1,heat_d100,NPU,100,360,11192,0.847344,4.8814,40.7,44.9,46.6,39.4,1,71
m1n_b,1,heat_d100,NPU,100,370,11199,0.84668,4.7612,40.8,44.9,46.8,39.6,1,71
m1n_b,1,heat_d100,NPU,100,380,11167,0.846328,4.6068,40.9,45.2,47.0,39.7,1,71
m1n_b,1,heat_d100,NPU,100,390,11189,0.84711,4.678,41.0,45.2,47.0,39.8,1,71
m1n_b,1,heat_d100,NPU,100,400,10783,0.84664,5.717,41.1,45.3,47.1,40.0,1,71
m1n_b,1,heat_d100,NPU,100,410,11166,0.84621,4.5395,41.2,45.4,47.1,40.1,1,71
m1n_b,1,heat_d100,NPU,100,420,11140,0.845957,4.6686,41.3,45.5,47.3,40.3,1,71
m1n_b,1,heat_d100,NPU,100,430,11050,0.84625,4.5601,41.5,45.8,47.2,40.4,1,71
m1n_b,1,heat_d100,NPU,100,440,11209,0.844062,4.4265,41.6,45.8,47.6,40.5,1,71
m1n_b,1,heat_d100,NPU,100,450,11130,0.845664,5.3689,41.6,46.0,47.7,40.7,1,71
m1n_b,1,heat_d100,NPU,100,460,11134,0.847247,4.776,41.8,46.2,47.9,40.8,1,71
m1n_b,1,heat_d100,NPU,100,470,10540,0.886719,4.4062,41.8,46.3,47.7,40.9,1,70
m1n_b,1,heat_d100,NPU,100,480,10951,0.864102,4.8692,41.9,46.2,47.6,41.0,2,70
m1n_b,1,heat_d100,NPU,100,490,10610,0.887813,3.772,42.0,46.2,47.6,41.1,2,70
m1n_b,1,heat_d100,NPU,100,500,10739,0.881641,4.3469,42.0,46.2,47.7,41.1,2,70
m1n_b,1,heat_d100,NPU,100,510,10570,0.889492,4.7382,42.0,46.2,47.6,41.1,2,70
m1n_b,1,heat_d100,NPU,100,520,10429,0.908867,4.1192,42.0,46.2,47.5,41.2,2,70
m1n_b,1,heat_d100,NPU,100,530,10402,0.90959,4.7627,42.1,46.2,47.5,41.3,2,70
m1n_b,1,heat_d100,NPU,100,540,10528,0.898828,4.5584,42.2,46.2,47.6,41.4,2,70
m1n_b,1,heat_d100,NPU,100,550,10245,0.908242,4.2788,42.2,46.3,47.6,41.4,2,70
m1n_b,1,heat_d100,NPU,100,560,10404,0.910332,4.5832,42.0,46.3,47.6,41.4,2,70
m1n_b,1,heat_d100,NPU,100,570,10465,0.905586,4.2096,42.2,46.3,47.6,41.5,2,70
m1n_b,1,heat_d100,NPU,100,580,10394,0.90211,4.2816,42.3,46.3,47.7,41.5,2,70
m1n_b,1,heat_d100,NPU,100,590,10357,0.909883,5.0712,42.3,46.3,47.7,41.6,2,69
m1n_b,2,probe_d10,NPU,10,-1,2731,0.800352,1.5344,,,,,,
m1n_b,2,probe_d10,NPU,10,0,414,2.310352,1.4287,42.4,46.3,47.8,41.7,2,69
m1n_b,2,probe_d10,NPU,10,10,1124,0.80916,1.8533,41.8,44.7,44.8,41.5,2,69
m1n_b,2,probe_d10,NPU,10,20,1193,0.757304,1.3211,41.4,43.9,43.9,41.2,2,69
m1n_b,2,probe_d10,NPU,10,30,1227,0.739336,1.4706,41.1,43.3,43.3,40.9,2,69
m1n_b,2,probe_d10,NPU,10,40,1183,0.744844,1.4833,40.8,42.8,42.8,40.6,2,69
m1n_b,2,probe_d10,NPU,10,50,1150,0.745136,1.2532,40.6,42.7,42.6,40.4,2,69
m1n_b,2,probe_d10,NPU,10,60,1197,0.740351,1.6489,40.4,42.4,42.3,40.1,2,69
m1n_b,2,probe_d10,NPU,10,70,1154,0.726112,1.2059,40.3,42.3,42.3,40.0,2,69
m1n_b,2,probe_d10,NPU,10,80,1134,0.734941,1.4616,40.2,42.1,42.1,39.8,2,69
m1n_b,2,probe_d10,NPU,10,90,1205,0.751133,1.245,40.1,41.9,41.9,39.7,2,69
m1n_b,2,probe_d10,NPU,10,100,1204,0.746895,2.0474,39.9,41.8,41.7,39.6,1,69
m1n_b,2,probe_d10,NPU,10,110,1135,0.749297,1.2124,39.8,41.6,41.5,39.4,1,69
m1n_b,2,probe_d10,NPU,10,120,1179,0.737773,1.9026,39.7,41.3,41.3,39.3,1,69
m1n_b,2,probe_d10,NPU,10,130,1117,0.748907,1.3279,39.6,41.3,41.1,39.2,1,69
m1n_b,2,probe_d10,NPU,10,140,1206,0.736719,1.9437,39.5,41.0,40.9,39.1,1,69
m1n_b,2,probe_d10,NPU,10,150,1233,0.729493,1.5676,39.5,40.9,40.9,39.0,1,69
m1n_b,2,probe_d10,NPU,10,160,1239,0.735743,1.6675,39.3,40.8,40.9,38.8,1,69
m1n_b,2,probe_d10,NPU,10,170,1222,0.739218,1.3158,39.2,40.6,40.5,38.7,1,69
m1n_b,2,probe_d10,NPU,10,180,1157,0.741211,1.181,39.1,40.3,40.5,38.6,1,69
m1n_b,2,probe_d10,NPU,10,190,1090,0.741543,1.2474,39.0,40.1,40.1,38.4,1,69
m1n_b,2,probe_d10,NPU,10,200,1119,0.745195,1.5699,38.8,40.1,40.1,38.3,1,69
m1n_b,2,probe_d10,NPU,10,210,1212,0.73002,1.1446,38.7,40.0,40.0,38.2,1,69
m1n_b,2,probe_d10,NPU,10,220,1095,0.74332,1.5727,38.7,40.1,40.0,38.1,1,69
m1n_b,2,probe_d10,NPU,10,230,1149,0.732617,1.05,38.6,40.0,40.0,38.0,1,69
m1n_b,2,probe_d10,NPU,10,240,1157,0.730977,1.6533,38.7,39.9,39.9,38.0,1,69
m1n_b,2,probe_d10,NPU,10,250,1125,0.741797,1.1925,38.6,39.8,39.8,37.9,1,69
m1n_b,2,probe_d10,NPU,10,260,1198,0.732714,1.4682,38.5,39.8,39.9,37.9,1,69
m1n_b,2,probe_d10,NPU,10,270,1136,0.744708,1.3248,38.4,39.6,39.7,37.8,1,69
m1n_b,2,probe_d10,NPU,10,280,1123,0.741914,1.911,38.3,39.6,39.7,37.7,1,69
m1n_b,2,probe_d10,NPU,10,290,1137,0.73414,1.5931,38.2,40.2,39.9,37.6,1,69
m1n_b,2,probe_d10,NPU,10,300,1149,0.725157,2.0677,38.3,39.8,39.6,37.6,1,69
m1n_b,2,probe_d10,NPU,10,310,1133,0.737187,1.8661,38.3,39.4,39.4,37.5,1,69
m1n_b,2,probe_d10,NPU,10,320,1177,0.75125,2.0347,38.2,39.3,39.2,37.4,1,68
m1n_b,2,probe_d10,NPU,10,330,1182,0.730195,1.9501,38.0,39.2,39.3,37.3,1,68
m1n_b,2,probe_d10,NPU,10,340,1119,0.735429,1.8907,38.0,39.1,39.1,37.2,1,68
m1n_b,2,probe_d10,NPU,10,350,1161,0.741875,2.1563,37.9,39.1,39.0,37.2,0,68
m1n_b,2,probe_d10,NPU,10,360,1176,0.749316,1.4055,37.9,39.0,38.8,37.1,0,68
m1n_b,2,probe_d10,NPU,10,370,1139,0.734063,1.7883,37.8,38.9,38.9,37.0,0,68
m1n_b,2,probe_d10,NPU,10,380,1191,0.748984,1.4113,37.7,38.9,38.9,37.0,0,68
m1n_b,2,probe_d10,NPU,10,390,1144,0.736641,1.243,37.7,38.8,38.8,36.9,0,68
m1n_b,2,probe_d10,NPU,10,400,1230,0.731895,1.6504,37.7,38.7,38.7,36.9,0,68
m1n_b,2,probe_d10,NPU,10,410,1237,0.737422,1.8974,37.6,38.7,38.6,36.8,0,68
m1n_b,2,probe_d10,NPU,10,420,1242,0.722461,1.3928,37.6,38.7,38.6,36.8,0,68
m1n_b,2,probe_d10,NPU,10,430,1135,0.742852,1.6615,37.5,38.7,38.6,36.7,0,68
m1n_b,2,probe_d10,NPU,10,440,1240,0.729063,1.2197,37.5,38.6,38.5,36.7,0,68
m1n_b,2,probe_d10,NPU,10,450,1223,0.74,1.6861,37.4,38.6,38.5,36.6,0,68
m1n_b,2,probe_d10,NPU,10,460,1146,0.737617,1.0882,37.4,38.6,38.6,36.6,0,68
m1n_b,2,probe_d10,NPU,10,470,1244,0.734122,1.5757,37.3,38.4,38.1,36.5,0,68
m1n_b,2,probe_d10,NPU,10,480,1146,0.729785,1.5105,37.3,38.4,38.3,36.4,0,68
m1n_b,2,probe_d10,NPU,10,490,1162,0.738457,2.1161,37.3,38.4,38.4,36.4,0,68
m1n_b,2,probe_d10,NPU,10,500,1126,0.737793,1.3998,37.2,38.4,38.3,36.3,0,68
m1n_b,2,probe_d10,NPU,10,510,1143,0.726679,1.6197,37.2,38.2,37.9,36.3,0,68
m1n_b,2,probe_d10,NPU,10,520,1147,0.744102,1.5932,37.1,38.2,38.1,36.2,0,68
m1n_b,2,probe_d10,NPU,10,530,1262,0.731661,1.669,37.2,38.1,38.2,36.2,0,68
m1n_b,2,probe_d10,NPU,10,540,1237,0.734375,1.3241,37.0,37.9,37.8,36.1,0,68
m1n_b,2,probe_d10,NPU,10,550,1126,0.750645,1.4115,37.0,38.0,37.8,36.1,0,68
m1n_b,2,probe_d10,NPU,10,560,1162,0.753926,1.1535,37.0,37.8,37.7,36.0,0,68
m1n_b,2,probe_d10,NPU,10,570,1130,0.74752,1.3136,36.9,37.8,37.7,36.0,0,68
m1n_b,2,probe_d10,NPU,10,580,1182,0.730078,1.0974,36.9,37.8,37.8,35.9,0,68
m1n_b,2,probe_d10,NPU,10,590,1212,0.728965,1.473,36.8,37.7,37.6,35.9,0,68
