pc_ms,phone_ms,call_state,audio_mode,focus,wakefulness,cmd_ms,ok,basic_normal,period_s,err
"1791549408253","1791549408378","0|0","MODE_NORMAL","com.example.d1check.requestrunner/com.example.d1check.requestrunner.SessionActivity","Awake","104","1","1","10",""
"1791549418260","1791549418405","0|0","MODE_NORMAL","com.example.d1check.requestrunner/com.example.d1check.requestrunner.SessionActivity","Awake","132","1","1","10",""
"1791549428254","1791549428384","0|0","MODE_NORMAL","com.example.d1check.requestrunner/com.example.d1check.requestrunner.SessionActivity","Awake","111","1","1","10",""
"1791549438256","1791549438421","0|0","MODE_NORMAL","com.example.d1check.requestrunner/com.example.d1check.requestrunner.SessionActivity","Awake","147","1","1","10",""
"1791549448250","1791549448400","0|0","MODE_NORMAL","com.example.d1check.requestrunner/com.example.d1check.requestrunner.SessionActivity","Awake","130","1","1","10",""
"1791549458252","1791549458403","0|0","MODE_NORMAL","com.example.d1check.requestrunner/com.example.d1check.requestrunner.SessionActivity","Awake","134","1","1","10",""
"1791549468242","1791549468388","0|0","MODE_NORMAL","com.example.d1check.requestrunner/com.example.d1check.requestrunner.SessionActivity","Awake","128","1","1","10",""
"1791549478249","1791549478409","0|0","MODE_NORMAL","com.example.d1check.requestrunner/com.example.d1check.requestrunner.SessionActivity","Awake","170","1","1","10",""
"1791549488255","1791549488375","0|0","MODE_NORMAL","com.example.d1check.requestrunner/com.example.d1check.requestrunner.SessionActivity","Awake","100","1","1","10",""
"1791549498256","1791549498386","0|0","MODE_NORMAL","com.example.d1check.requestrunner/com.example.d1check.requestrunner.SessionActivity","Awake","111","1","1","10",""
"1791549508249","1791549508379","0|0","MODE_NORMAL","com.example.d1check.requestrunner/com.example.d1check.requestrunner.SessionActivity","Awake","114","1","1","10",""
"1791549518254","1791549518404","0|0","MODE_NORMAL","com.example.d1check.requestrunner/com.example.d1check.requestrunner.SessionActivity","Awake","132","1","1","10",""
"1791549528251","1791549528414","0|0","MODE_NORMAL","com.example.d1check.requestrunner/com.example.d1check.requestrunner.SessionActivity","Awake","143","1","1","10",""
"1791549538242","1791549538401","0|0","MODE_NORMAL","com.example.d1check.requestrunner/com.example.d1check.requestrunner.SessionActivity","Awake","142","1","1","10",""
"1791549548251","1791549548412","0|0","MODE_NORMAL","com.example.d1check.requestrunner/com.example.d1check.requestrunner.SessionActivity","Awake","141","1","1","10",""
"1791549558246","1791549558398","0|0","MODE_NORMAL","com.example.d1check.requestrunner/com.example.d1check.requestrunner.SessionActivity","Awake","137","1","1","10",""
"1791549568257","1791549568403","0|0","MODE_NORMAL","com.example.d1check.requestrunner/com.example.d1check.requestrunner.SessionActivity","Awake","129","1","1","10",""
"1791549578247","1791549578390","0|0","MODE_NORMAL","com.example.d1check.requestrunner/com.example.d1check.requestrunner.SessionActivity","Awake","128","1","1","10",""
"1791549588252","1791549588402","0|0","MODE_NORMAL","com.example.d1check.requestrunner/com.example.d1check.requestrunner.SessionActivity","Awake","131","1","1","10",""
"1791549598250","1791549598406","0|0","MODE_NORMAL","com.example.d1check.requestrunner/com.example.d1check.requestrunner.SessionActivity","Awake","134","1","1","10",""
"1791549608245","1791549608402","0|0","MODE_NORMAL","com.example.d1check.requestrunner/com.example.d1check.requestrunner.SessionActivity","Awake","140","1","1","10",""
"1791549618249","1791549618401","0|0","MODE_NORMAL","com.example.d1check.requestrunner/com.example.d1check.requestrunner.SessionActivity","Awake","130","1","1","10",""
"1791549628250","1791549628424","0|0","MODE_NORMAL","com.sec.android.app.launcher/com.sec.android.app.launcher.activities.LauncherActivity","Awake","154","1","1","10",""
"1791549638246","1791549638392","0|0","MODE_NORMAL","com.sec.android.app.launcher/com.sec.android.app.launcher.activities.LauncherActivity","Awake","126","1","1","10",""
