cluster,distance,envelope,method,mode,policy,radius,reason,seed,withheld
4,1.340118706042996,g0.15_c0.25_b1,kmeans,energy,EFT_REFERENCE,1.3395878678497641,outside_training_radius,91002,True
4,1.3380184252805398,g0.15_c0.25_b1,kmeans,energy,EFT_REFERENCE,1.3395878678497641,no_cluster_feasible_policy,91003,True
1,0.43720520866635487,g0.15_c0.25_b4,kmeans,energy,EFT_REFERENCE,0.9706404428093031,no_cluster_feasible_policy,91002,False
1,0.44284992518608146,g0.15_c0.25_b4,kmeans,energy,EFT_REFERENCE,0.9706404428093031,no_cluster_feasible_policy,91003,False
1,0.6703243711468572,g0.15_c0.25_b8,kmeans,energy,EFT_REFERENCE,0.9706404428093031,no_cluster_feasible_policy,91002,False
1,0.6722784340160525,g0.15_c0.25_b8,kmeans,energy,EFT_REFERENCE,0.9706404428093031,no_cluster_feasible_policy,91003,False
4,0.5439835900892179,g0.15_c0.5_b1,kmeans,energy,EFT_REFERENCE,1.3395878678497641,no_cluster_feasible_policy,91002,False
4,0.5387887400365894,g0.15_c0.5_b1,kmeans,energy,EFT_REFERENCE,1.3395878678497641,no_cluster_feasible_policy,91003,False
1,0.9701280299450123,g0.15_c0.5_b4,kmeans,energy,EFT_REFERENCE,0.9706404428093031,no_cluster_feasible_policy,91002,False
1,0.972684972762157,g0.15_c0.5_b4,kmeans,energy,EFT_REFERENCE,0.9706404428093031,outside_training_radius,91003,False
2,1.0491024106558329,g0.15_c0.5_b8,kmeans,energy,EFT_REFERENCE,0.990512091238363,outside_training_radius,91002,True
2,1.047150862715885,g0.15_c0.5_b8,kmeans,energy,EFT_REFERENCE,0.990512091238363,outside_training_radius,91003,True
4,1.340118706042996,g0.15_c0.75_b1,kmeans,energy,EFT_REFERENCE,1.3395878678497641,outside_training_radius,91002,False
4,1.3380184252805398,g0.15_c0.75_b1,kmeans,energy,EFT_REFERENCE,1.3395878678497641,no_cluster_feasible_policy,91003,False
2,1.0357001322769137,g0.15_c0.75_b4,kmeans,energy,EFT_REFERENCE,0.990512091238363,outside_training_radius,91002,True
2,1.043296623585974,g0.15_c0.75_b4,kmeans,energy,EFT_REFERENCE,0.990512091238363,outside_training_radius,91003,True
2,0.5921282530363499,g0.15_c0.75_b8,kmeans,energy,EFT_REFERENCE,0.990512091238363,no_cluster_feasible_policy,91002,False
2,0.5886636809644553,g0.15_c0.75_b8,kmeans,energy,EFT_REFERENCE,0.990512091238363,no_cluster_feasible_policy,91003,False
4,1.337638445657243,g0.45_c0.25_b1,kmeans,energy,EFT_REFERENCE,1.3395878678497641,no_cluster_feasible_policy,91002,False
4,1.344005722890819,g0.45_c0.25_b1,kmeans,energy,EFT_REFERENCE,1.3395878678497641,outside_training_radius,91003,False
1,0.601873264652224,g0.45_c0.25_b4,kmeans,energy,EFT_REFERENCE,0.9706404428093031,no_cluster_feasible_policy,91002,False
1,0.5909751564962192,g0.45_c0.25_b4,kmeans,energy,EFT_REFERENCE,0.9706404428093031,no_cluster_feasible_policy,91003,False
1,1.0809545530242402,g0.45_c0.25_b8,kmeans,energy,EFT_REFERENCE,0.9706404428093031,outside_training_radius,91002,True
1,1.0866471636305817,g0.45_c0.25_b8,kmeans,energy,EFT_REFERENCE,0.9706404428093031,outside_training_radius,91003,True
4,0.5378444117961303,g0.45_c0.5_b1,kmeans,energy,EFT_REFERENCE,1.3395878678497641,no_cluster_feasible_policy,91002,False
4,0.5534901834389419,g0.45_c0.5_b1,kmeans,energy,EFT_REFERENCE,1.3395878678497641,no_cluster_feasible_policy,91003,False
1,1.0546333138599056,g0.45_c0.5_b4,kmeans,energy,EFT_REFERENCE,0.9706404428093031,outside_training_radius,91002,True
1,1.0484520187379731,g0.45_c0.5_b4,kmeans,energy,EFT_REFERENCE,0.9706404428093031,outside_training_radius,91003,True
2,0.9866239806218012,g0.45_c0.5_b8,kmeans,energy,EFT_REFERENCE,0.990512091238363,no_cluster_feasible_policy,91002,False
2,0.9885345912787754,g0.45_c0.5_b8,kmeans,energy,EFT_REFERENCE,0.990512091238363,no_cluster_feasible_policy,91003,False
4,1.337638445657243,g0.45_c0.75_b1,kmeans,energy,EFT_REFERENCE,1.3395878678497641,no_cluster_feasible_policy,91002,True
4,1.344005722890819,g0.45_c0.75_b1,kmeans,energy,EFT_REFERENCE,1.3395878678497641,outside_training_radius,91003,True
2,0.746900791232767,g0.45_c0.75_b4,kmeans,energy,EFT_REFERENCE,0.990512091238363,no_cluster_feasible_policy,91002,False
2,0.7455783845300449,g0.45_c0.75_b4,kmeans,energy,EFT_REFERENCE,0.990512091238363,no_cluster_feasible_policy,91003,False
2,0.47268052544822337,g0.45_c0.75_b8,kmeans,energy,EFT_REFERENCE,0.990512091238363,no_cluster_feasible_policy,91002,False
2,0.4766556809214546,g0.45_c0.75_b8,kmeans,energy,EFT_REFERENCE,0.990512091238363,no_cluster_feasible_policy,91003,False
5,0.014118829843968669,g1.2_c0.25_b1,kmeans,energy,EFT_REFERENCE,0.0018528006633132628,outside_training_radius,91002,False
5,0.037208409993749844,g1.2_c0.25_b1,kmeans,energy,EFT_REFERENCE,0.0018528006633132628,outside_training_radius,91003,False
3,1.333993421881201,g1.2_c0.25_b4,kmeans,energy,RESERVED_BACKFILL_V1,1.3360088408465387,cluster_policy,91002,True
3,1.3322666191686725,g1.2_c0.25_b4,kmeans,energy,RESERVED_BACKFILL_V1,1.3360088408465387,cluster_policy,91003,True
3,1.3393952974079981,g1.2_c0.25_b8,kmeans,energy,EFT_REFERENCE,1.3360088408465387,outside_training_radius,91002,False
3,1.3361990544109366,g1.2_c0.25_b8,kmeans,energy,EFT_REFERENCE,1.3360088408465387,outside_training_radius,91003,False
0,1.2248262494558821,g1.2_c0.5_b1,kmeans,energy,EFT_REFERENCE,0.0018528006633132628,outside_training_radius,91002,True
0,1.2253099468192783,g1.2_c0.5_b1,kmeans,energy,EFT_REFERENCE,0.0018528006633132628,outside_training_radius,91003,True
3,0.5287139582253491,g1.2_c0.5_b4,kmeans,energy,RESERVED_BACKFILL_V1,1.3360088408465387,cluster_policy,91002,False
3,0.5243418203339544,g1.2_c0.5_b4,kmeans,energy,RESERVED_BACKFILL_V1,1.3360088408465387,cluster_policy,91003,False
3,0.5421990065636968,g1.2_c0.5_b8,kmeans,energy,RESERVED_BACKFILL_V1,1.3360088408465387,cluster_policy,91002,False
3,0.5342545395302514,g1.2_c0.5_b8,kmeans,energy,RESERVED_BACKFILL_V1,1.3360088408465387,cluster_policy,91003,False
0,0.014118829843968669,g1.2_c0.75_b1,kmeans,energy,EFT_REFERENCE,0.0018528006633132628,outside_training_radius,91002,False
0,0.037208409993749844,g1.2_c0.75_b1,kmeans,energy,EFT_REFERENCE,0.0018528006633132628,outside_training_radius,91003,False
3,1.333993421881201,g1.2_c0.75_b4,kmeans,energy,RESERVED_BACKFILL_V1,1.3360088408465387,cluster_policy,91002,False
3,1.3322666191686725,g1.2_c0.75_b4,kmeans,energy,RESERVED_BACKFILL_V1,1.3360088408465387,cluster_policy,91003,False
3,1.3393952974079981,g1.2_c0.75_b8,kmeans,energy,EFT_REFERENCE,1.3360088408465387,outside_training_radius,91002,True
3,1.3361990544109366,g1.2_c0.75_b8,kmeans,energy,EFT_REFERENCE,1.3360088408465387,outside_training_radius,91003,True
4,1.340118706042996,g0.15_c0.25_b1,kmeans,thermal,EFT_REFERENCE,1.3395878678497641,outside_training_radius,91002,True
4,1.3380184252805398,g0.15_c0.25_b1,kmeans,thermal,EFT_REFERENCE,1.3395878678497641,no_cluster_feasible_policy,91003,True
1,0.43720520866635487,g0.15_c0.25_b4,kmeans,thermal,EFT_REFERENCE,0.9706404428093031,no_cluster_feasible_policy,91002,False
1,0.44284992518608146,g0.15_c0.25_b4,kmeans,thermal,EFT_REFERENCE,0.9706404428093031,no_cluster_feasible_policy,91003,False
1,0.6703243711468572,g0.15_c0.25_b8,kmeans,thermal,EFT_REFERENCE,0.9706404428093031,no_cluster_feasible_policy,91002,False
1,0.6722784340160525,g0.15_c0.25_b8,kmeans,thermal,EFT_REFERENCE,0.9706404428093031,no_cluster_feasible_policy,91003,False
4,0.5439835900892179,g0.15_c0.5_b1,kmeans,thermal,EFT_REFERENCE,1.3395878678497641,no_cluster_feasible_policy,91002,False
4,0.5387887400365894,g0.15_c0.5_b1,kmeans,thermal,EFT_REFERENCE,1.3395878678497641,no_cluster_feasible_policy,91003,False
1,0.9701280299450123,g0.15_c0.5_b4,kmeans,thermal,EFT_REFERENCE,0.9706404428093031,no_cluster_feasible_policy,91002,False
1,0.972684972762157,g0.15_c0.5_b4,kmeans,thermal,EFT_REFERENCE,0.9706404428093031,outside_training_radius,91003,False
2,1.0491024106558329,g0.15_c0.5_b8,kmeans,thermal,EFT_REFERENCE,0.990512091238363,outside_training_radius,91002,True
2,1.047150862715885,g0.15_c0.5_b8,kmeans,thermal,EFT_REFERENCE,0.990512091238363,outside_training_radius,91003,True
4,1.340118706042996,g0.15_c0.75_b1,kmeans,thermal,EFT_REFERENCE,1.3395878678497641,outside_training_radius,91002,False
4,1.3380184252805398,g0.15_c0.75_b1,kmeans,thermal,EFT_REFERENCE,1.3395878678497641,no_cluster_feasible_policy,91003,False
2,1.0357001322769137,g0.15_c0.75_b4,kmeans,thermal,EFT_REFERENCE,0.990512091238363,outside_training_radius,91002,True
2,1.043296623585974,g0.15_c0.75_b4,kmeans,thermal,EFT_REFERENCE,0.990512091238363,outside_training_radius,91003,True
2,0.5921282530363499,g0.15_c0.75_b8,kmeans,thermal,EFT_REFERENCE,0.990512091238363,no_cluster_feasible_policy,91002,False
2,0.5886636809644553,g0.15_c0.75_b8,kmeans,thermal,EFT_REFERENCE,0.990512091238363,no_cluster_feasible_policy,91003,False
4,1.337638445657243,g0.45_c0.25_b1,kmeans,thermal,EFT_REFERENCE,1.3395878678497641,no_cluster_feasible_policy,91002,False
4,1.344005722890819,g0.45_c0.25_b1,kmeans,thermal,EFT_REFERENCE,1.3395878678497641,outside_training_radius,91003,False
1,0.601873264652224,g0.45_c0.25_b4,kmeans,thermal,EFT_REFERENCE,0.9706404428093031,no_cluster_feasible_policy,91002,False
1,0.5909751564962192,g0.45_c0.25_b4,kmeans,thermal,EFT_REFERENCE,0.9706404428093031,no_cluster_feasible_policy,91003,False
1,1.0809545530242402,g0.45_c0.25_b8,kmeans,thermal,EFT_REFERENCE,0.9706404428093031,outside_training_radius,91002,True
1,1.0866471636305817,g0.45_c0.25_b8,kmeans,thermal,EFT_REFERENCE,0.9706404428093031,outside_training_radius,91003,True
4,0.5378444117961303,g0.45_c0.5_b1,kmeans,thermal,EFT_REFERENCE,1.3395878678497641,no_cluster_feasible_policy,91002,False
4,0.5534901834389419,g0.45_c0.5_b1,kmeans,thermal,EFT_REFERENCE,1.3395878678497641,no_cluster_feasible_policy,91003,False
1,1.0546333138599056,g0.45_c0.5_b4,kmeans,thermal,EFT_REFERENCE,0.9706404428093031,outside_training_radius,91002,True
1,1.0484520187379731,g0.45_c0.5_b4,kmeans,thermal,EFT_REFERENCE,0.9706404428093031,outside_training_radius,91003,True
2,0.9866239806218012,g0.45_c0.5_b8,kmeans,thermal,EFT_REFERENCE,0.990512091238363,no_cluster_feasible_policy,91002,False
2,0.9885345912787754,g0.45_c0.5_b8,kmeans,thermal,EFT_REFERENCE,0.990512091238363,no_cluster_feasible_policy,91003,False
4,1.337638445657243,g0.45_c0.75_b1,kmeans,thermal,EFT_REFERENCE,1.3395878678497641,no_cluster_feasible_policy,91002,True
4,1.344005722890819,g0.45_c0.75_b1,kmeans,thermal,EFT_REFERENCE,1.3395878678497641,outside_training_radius,91003,True
2,0.746900791232767,g0.45_c0.75_b4,kmeans,thermal,EFT_REFERENCE,0.990512091238363,no_cluster_feasible_policy,91002,False
2,0.7455783845300449,g0.45_c0.75_b4,kmeans,thermal,EFT_REFERENCE,0.990512091238363,no_cluster_feasible_policy,91003,False
2,0.47268052544822337,g0.45_c0.75_b8,kmeans,thermal,EFT_REFERENCE,0.990512091238363,no_cluster_feasible_policy,91002,False
2,0.4766556809214546,g0.45_c0.75_b8,kmeans,thermal,EFT_REFERENCE,0.990512091238363,no_cluster_feasible_policy,91003,False
5,0.014118829843968669,g1.2_c0.25_b1,kmeans,thermal,EFT_REFERENCE,0.0018528006633132628,outside_training_radius,91002,False
5,0.037208409993749844,g1.2_c0.25_b1,kmeans,thermal,EFT_REFERENCE,0.0018528006633132628,outside_training_radius,91003,False
3,1.333993421881201,g1.2_c0.25_b4,kmeans,thermal,TOKEN_CPU_V1,1.3360088408465387,cluster_policy,91002,True
3,1.3322666191686725,g1.2_c0.25_b4,kmeans,thermal,TOKEN_CPU_V1,1.3360088408465387,cluster_policy,91003,True
3,1.3393952974079981,g1.2_c0.25_b8,kmeans,thermal,EFT_REFERENCE,1.3360088408465387,outside_training_radius,91002,False
3,1.3361990544109366,g1.2_c0.25_b8,kmeans,thermal,EFT_REFERENCE,1.3360088408465387,outside_training_radius,91003,False
0,1.2248262494558821,g1.2_c0.5_b1,kmeans,thermal,EFT_REFERENCE,0.0018528006633132628,outside_training_radius,91002,True
0,1.2253099468192783,g1.2_c0.5_b1,kmeans,thermal,EFT_REFERENCE,0.0018528006633132628,outside_training_radius,91003,True
3,0.5287139582253491,g1.2_c0.5_b4,kmeans,thermal,TOKEN_CPU_V1,1.3360088408465387,cluster_policy,91002,False
3,0.5243418203339544,g1.2_c0.5_b4,kmeans,thermal,TOKEN_CPU_V1,1.3360088408465387,cluster_policy,91003,False
3,0.5421990065636968,g1.2_c0.5_b8,kmeans,thermal,TOKEN_CPU_V1,1.3360088408465387,cluster_policy,91002,False
3,0.5342545395302514,g1.2_c0.5_b8,kmeans,thermal,TOKEN_CPU_V1,1.3360088408465387,cluster_policy,91003,False
0,0.014118829843968669,g1.2_c0.75_b1,kmeans,thermal,EFT_REFERENCE,0.0018528006633132628,outside_training_radius,91002,False
0,0.037208409993749844,g1.2_c0.75_b1,kmeans,thermal,EFT_REFERENCE,0.0018528006633132628,outside_training_radius,91003,False
3,1.333993421881201,g1.2_c0.75_b4,kmeans,thermal,TOKEN_CPU_V1,1.3360088408465387,cluster_policy,91002,False
3,1.3322666191686725,g1.2_c0.75_b4,kmeans,thermal,TOKEN_CPU_V1,1.3360088408465387,cluster_policy,91003,False
3,1.3393952974079981,g1.2_c0.75_b8,kmeans,thermal,EFT_REFERENCE,1.3360088408465387,outside_training_radius,91002,True
3,1.3361990544109366,g1.2_c0.75_b8,kmeans,thermal,EFT_REFERENCE,1.3360088408465387,outside_training_radius,91003,True
0,1.8371197043568648,g0.15_c0.25_b1,gmm,energy,EFT_REFERENCE,0.6123725063353724,outside_training_radius,91002,True
0,1.8371232011075176,g0.15_c0.25_b1,gmm,energy,EFT_REFERENCE,0.6123725063353724,outside_training_radius,91003,True
1,0.714870570739411,g0.15_c0.25_b4,gmm,energy,EFT_REFERENCE,1.1150039503454465,no_cluster_feasible_policy,91002,False
1,0.7206662714251096,g0.15_c0.25_b4,gmm,energy,EFT_REFERENCE,1.1150039503454465,no_cluster_feasible_policy,91003,False
1,0.6800629355594808,g0.15_c0.25_b8,gmm,energy,EFT_REFERENCE,1.1150039503454465,no_cluster_feasible_policy,91002,False
1,0.6804776836885118,g0.15_c0.25_b8,gmm,energy,EFT_REFERENCE,1.1150039503454465,no_cluster_feasible_policy,91003,False
0,0.6123796274667007,g0.15_c0.5_b1,gmm,energy,EFT_REFERENCE,0.6123725063353724,outside_training_radius,91002,False
0,0.6123901175292863,g0.15_c0.5_b1,gmm,energy,EFT_REFERENCE,0.6123725063353724,outside_training_radius,91003,False
1,0.9003862878573751,g0.15_c0.5_b4,gmm,energy,EFT_REFERENCE,1.1150039503454465,no_cluster_feasible_policy,91002,False
1,0.9049947012121466,g0.15_c0.5_b4,gmm,energy,EFT_REFERENCE,1.1150039503454465,no_cluster_feasible_policy,91003,False
1,0.8730069477238263,g0.15_c0.5_b8,gmm,energy,EFT_REFERENCE,1.1150039503454465,no_cluster_feasible_policy,91002,True
1,0.8733300707352147,g0.15_c0.5_b8,gmm,energy,EFT_REFERENCE,1.1150039503454465,no_cluster_feasible_policy,91003,True
0,0.6123796274667012,g0.15_c0.75_b1,gmm,energy,EFT_REFERENCE,0.6123725063353724,outside_training_radius,91002,False
0,0.6123901175292867,g0.15_c0.75_b1,gmm,energy,EFT_REFERENCE,0.6123725063353724,outside_training_radius,91003,False
5,0.867062272292245,g0.15_c0.75_b4,gmm,energy,EFT_REFERENCE,0.5966648876990323,outside_training_radius,91002,True
5,0.8749926070470061,g0.15_c0.75_b4,gmm,energy,EFT_REFERENCE,0.5966648876990323,outside_training_radius,91003,True
5,0.4627804591128703,g0.15_c0.75_b8,gmm,energy,EFT_REFERENCE,0.5966648876990323,no_cluster_feasible_policy,91002,False
5,0.45963934132101525,g0.15_c0.75_b8,gmm,energy,EFT_REFERENCE,0.5966648876990323,no_cluster_feasible_policy,91003,False
3,0.6123993817944868,g0.45_c0.25_b1,gmm,energy,EFT_REFERENCE,0.6123728532917635,outside_training_radius,91002,False
3,0.6125313961447764,g0.45_c0.25_b1,gmm,energy,EFT_REFERENCE,0.6123728532917635,outside_training_radius,91003,False
1,0.6900165629885352,g0.45_c0.25_b4,gmm,energy,EFT_REFERENCE,1.1150039503454465,no_cluster_feasible_policy,91002,False
1,0.682939356572623,g0.45_c0.25_b4,gmm,energy,EFT_REFERENCE,1.1150039503454465,no_cluster_feasible_policy,91003,False
1,0.9614189742140758,g0.45_c0.25_b8,gmm,energy,EFT_REFERENCE,1.1150039503454465,no_cluster_feasible_policy,91002,True
1,0.966506901406478,g0.45_c0.25_b8,gmm,energy,EFT_REFERENCE,1.1150039503454465,no_cluster_feasible_policy,91003,True
3,0.6123993817944864,g0.45_c0.5_b1,gmm,energy,EFT_REFERENCE,0.6123728532917635,outside_training_radius,91002,False
3,0.6125313961447759,g0.45_c0.5_b1,gmm,energy,EFT_REFERENCE,0.6123728532917635,outside_training_radius,91003,False
1,0.8807828288805385,g0.45_c0.5_b4,gmm,energy,EFT_REFERENCE,1.1150039503454465,no_cluster_feasible_policy,91002,True
1,0.8752495068311213,g0.45_c0.5_b4,gmm,energy,EFT_REFERENCE,1.1150039503454465,no_cluster_feasible_policy,91003,True
1,1.1063371902052008,g0.45_c0.5_b8,gmm,energy,EFT_REFERENCE,1.1150039503454465,no_cluster_feasible_policy,91002,False
1,1.110761506768507,g0.45_c0.5_b8,gmm,energy,EFT_REFERENCE,1.1150039503454465,no_cluster_feasible_policy,91003,False
3,1.8371262892959395,g0.45_c0.75_b1,gmm,energy,EFT_REFERENCE,0.6123728532917635,outside_training_radius,91002,True
3,1.8371703000165953,g0.45_c0.75_b1,gmm,energy,EFT_REFERENCE,0.6123728532917635,outside_training_radius,91003,True
5,0.5930151158578765,g0.45_c0.75_b4,gmm,energy,EFT_REFERENCE,0.5966648876990323,no_cluster_feasible_policy,91002,False
5,0.5898283850445456,g0.45_c0.75_b4,gmm,energy,EFT_REFERENCE,0.5966648876990323,no_cluster_feasible_policy,91003,False
5,0.4833527466885623,g0.45_c0.75_b8,gmm,energy,EFT_REFERENCE,0.5966648876990323,no_cluster_feasible_policy,91002,False
5,0.4886356845090132,g0.45_c0.75_b8,gmm,energy,EFT_REFERENCE,0.5966648876990323,no_cluster_feasible_policy,91003,False
2,1.224826249455882,g1.2_c0.25_b1,gmm,energy,EFT_REFERENCE,1.2247462728542176,outside_training_radius,91002,False
2,1.2253099468192785,g1.2_c0.25_b1,gmm,energy,EFT_REFERENCE,1.2247462728542176,outside_training_radius,91003,False
4,1.3339933577263294,g1.2_c0.25_b4,gmm,energy,RESERVED_BACKFILL_V1,1.3360089343087485,cluster_policy,91002,True
4,1.3322665547565058,g1.2_c0.25_b4,gmm,energy,RESERVED_BACKFILL_V1,1.3360089343087485,cluster_policy,91003,True
4,1.3393952040157524,g1.2_c0.25_b8,gmm,energy,EFT_REFERENCE,1.3360089343087485,outside_training_radius,91002,False
4,1.3361989609554856,g1.2_c0.25_b8,gmm,energy,EFT_REFERENCE,1.3360089343087485,outside_training_radius,91003,False
2,0.014118829843967916,g1.2_c0.5_b1,gmm,energy,CPU_REFERENCE,1.2247462728542176,cluster_policy,91002,True
2,0.0372084099937512,g1.2_c0.5_b1,gmm,energy,CPU_REFERENCE,1.2247462728542176,cluster_policy,91003,True
4,0.528713995204171,g1.2_c0.5_b4,gmm,energy,RESERVED_BACKFILL_V1,1.3360089343087485,cluster_policy,91002,False
4,0.5243418571786532,g1.2_c0.5_b4,gmm,energy,RESERVED_BACKFILL_V1,1.3360089343087485,cluster_policy,91003,False
4,0.5421989697585085,g1.2_c0.5_b8,gmm,energy,RESERVED_BACKFILL_V1,1.3360089343087485,cluster_policy,91002,False
4,0.5342545025784143,g1.2_c0.5_b8,gmm,energy,RESERVED_BACKFILL_V1,1.3360089343087485,cluster_policy,91003,False
2,1.224826249455882,g1.2_c0.75_b1,gmm,energy,EFT_REFERENCE,1.2247462728542176,outside_training_radius,91002,False
2,1.2253099468192785,g1.2_c0.75_b1,gmm,energy,EFT_REFERENCE,1.2247462728542176,outside_training_radius,91003,False
4,1.3339935153483862,g1.2_c0.75_b4,gmm,energy,RESERVED_BACKFILL_V1,1.3360089343087485,cluster_policy,91002,False
4,1.3322667125828627,g1.2_c0.75_b4,gmm,energy,RESERVED_BACKFILL_V1,1.3360089343087485,cluster_policy,91003,False
4,1.3393953610021117,g1.2_c0.75_b8,gmm,energy,EFT_REFERENCE,1.3360089343087485,outside_training_radius,91002,True
4,1.3361991183173627,g1.2_c0.75_b8,gmm,energy,EFT_REFERENCE,1.3360089343087485,outside_training_radius,91003,True
0,1.8371197043568648,g0.15_c0.25_b1,gmm,thermal,EFT_REFERENCE,0.6123725063353724,outside_training_radius,91002,True
0,1.8371232011075176,g0.15_c0.25_b1,gmm,thermal,EFT_REFERENCE,0.6123725063353724,outside_training_radius,91003,True
1,0.714870570739411,g0.15_c0.25_b4,gmm,thermal,EFT_REFERENCE,1.1150039503454465,no_cluster_feasible_policy,91002,False
1,0.7206662714251096,g0.15_c0.25_b4,gmm,thermal,EFT_REFERENCE,1.1150039503454465,no_cluster_feasible_policy,91003,False
1,0.6800629355594808,g0.15_c0.25_b8,gmm,thermal,EFT_REFERENCE,1.1150039503454465,no_cluster_feasible_policy,91002,False
1,0.6804776836885118,g0.15_c0.25_b8,gmm,thermal,EFT_REFERENCE,1.1150039503454465,no_cluster_feasible_policy,91003,False
0,0.6123796274667007,g0.15_c0.5_b1,gmm,thermal,EFT_REFERENCE,0.6123725063353724,outside_training_radius,91002,False
0,0.6123901175292863,g0.15_c0.5_b1,gmm,thermal,EFT_REFERENCE,0.6123725063353724,outside_training_radius,91003,False
1,0.9003862878573751,g0.15_c0.5_b4,gmm,thermal,EFT_REFERENCE,1.1150039503454465,no_cluster_feasible_policy,91002,False
1,0.9049947012121466,g0.15_c0.5_b4,gmm,thermal,EFT_REFERENCE,1.1150039503454465,no_cluster_feasible_policy,91003,False
1,0.8730069477238263,g0.15_c0.5_b8,gmm,thermal,EFT_REFERENCE,1.1150039503454465,no_cluster_feasible_policy,91002,True
1,0.8733300707352147,g0.15_c0.5_b8,gmm,thermal,EFT_REFERENCE,1.1150039503454465,no_cluster_feasible_policy,91003,True
0,0.6123796274667012,g0.15_c0.75_b1,gmm,thermal,EFT_REFERENCE,0.6123725063353724,outside_training_radius,91002,False
0,0.6123901175292867,g0.15_c0.75_b1,gmm,thermal,EFT_REFERENCE,0.6123725063353724,outside_training_radius,91003,False
5,0.867062272292245,g0.15_c0.75_b4,gmm,thermal,EFT_REFERENCE,0.5966648876990323,outside_training_radius,91002,True
5,0.8749926070470061,g0.15_c0.75_b4,gmm,thermal,EFT_REFERENCE,0.5966648876990323,outside_training_radius,91003,True
5,0.4627804591128703,g0.15_c0.75_b8,gmm,thermal,EFT_REFERENCE,0.5966648876990323,no_cluster_feasible_policy,91002,False
5,0.45963934132101525,g0.15_c0.75_b8,gmm,thermal,EFT_REFERENCE,0.5966648876990323,no_cluster_feasible_policy,91003,False
3,0.6123993817944868,g0.45_c0.25_b1,gmm,thermal,EFT_REFERENCE,0.6123728532917635,outside_training_radius,91002,False
3,0.6125313961447764,g0.45_c0.25_b1,gmm,thermal,EFT_REFERENCE,0.6123728532917635,outside_training_radius,91003,False
1,0.6900165629885352,g0.45_c0.25_b4,gmm,thermal,EFT_REFERENCE,1.1150039503454465,no_cluster_feasible_policy,91002,False
1,0.682939356572623,g0.45_c0.25_b4,gmm,thermal,EFT_REFERENCE,1.1150039503454465,no_cluster_feasible_policy,91003,False
1,0.9614189742140758,g0.45_c0.25_b8,gmm,thermal,EFT_REFERENCE,1.1150039503454465,no_cluster_feasible_policy,91002,True
1,0.966506901406478,g0.45_c0.25_b8,gmm,thermal,EFT_REFERENCE,1.1150039503454465,no_cluster_feasible_policy,91003,True
3,0.6123993817944864,g0.45_c0.5_b1,gmm,thermal,EFT_REFERENCE,0.6123728532917635,outside_training_radius,91002,False
3,0.6125313961447759,g0.45_c0.5_b1,gmm,thermal,EFT_REFERENCE,0.6123728532917635,outside_training_radius,91003,False
1,0.8807828288805385,g0.45_c0.5_b4,gmm,thermal,EFT_REFERENCE,1.1150039503454465,no_cluster_feasible_policy,91002,True
1,0.8752495068311213,g0.45_c0.5_b4,gmm,thermal,EFT_REFERENCE,1.1150039503454465,no_cluster_feasible_policy,91003,True
1,1.1063371902052008,g0.45_c0.5_b8,gmm,thermal,EFT_REFERENCE,1.1150039503454465,no_cluster_feasible_policy,91002,False
1,1.110761506768507,g0.45_c0.5_b8,gmm,thermal,EFT_REFERENCE,1.1150039503454465,no_cluster_feasible_policy,91003,False
3,1.8371262892959395,g0.45_c0.75_b1,gmm,thermal,EFT_REFERENCE,0.6123728532917635,outside_training_radius,91002,True
3,1.8371703000165953,g0.45_c0.75_b1,gmm,thermal,EFT_REFERENCE,0.6123728532917635,outside_training_radius,91003,True
5,0.5930151158578765,g0.45_c0.75_b4,gmm,thermal,EFT_REFERENCE,0.5966648876990323,no_cluster_feasible_policy,91002,False
5,0.5898283850445456,g0.45_c0.75_b4,gmm,thermal,EFT_REFERENCE,0.5966648876990323,no_cluster_feasible_policy,91003,False
5,0.4833527466885623,g0.45_c0.75_b8,gmm,thermal,EFT_REFERENCE,0.5966648876990323,no_cluster_feasible_policy,91002,False
5,0.4886356845090132,g0.45_c0.75_b8,gmm,thermal,EFT_REFERENCE,0.5966648876990323,no_cluster_feasible_policy,91003,False
2,1.224826249455882,g1.2_c0.25_b1,gmm,thermal,EFT_REFERENCE,1.2247462728542176,outside_training_radius,91002,False
2,1.2253099468192785,g1.2_c0.25_b1,gmm,thermal,EFT_REFERENCE,1.2247462728542176,outside_training_radius,91003,False
4,1.3339933577263294,g1.2_c0.25_b4,gmm,thermal,TOKEN_CPU_V1,1.3360089343087485,cluster_policy,91002,True
4,1.3322665547565058,g1.2_c0.25_b4,gmm,thermal,TOKEN_CPU_V1,1.3360089343087485,cluster_policy,91003,True
4,1.3393952040157524,g1.2_c0.25_b8,gmm,thermal,EFT_REFERENCE,1.3360089343087485,outside_training_radius,91002,False
4,1.3361989609554856,g1.2_c0.25_b8,gmm,thermal,EFT_REFERENCE,1.3360089343087485,outside_training_radius,91003,False
2,0.014118829843967916,g1.2_c0.5_b1,gmm,thermal,CPU_REFERENCE,1.2247462728542176,cluster_policy,91002,True
2,0.0372084099937512,g1.2_c0.5_b1,gmm,thermal,CPU_REFERENCE,1.2247462728542176,cluster_policy,91003,True
4,0.528713995204171,g1.2_c0.5_b4,gmm,thermal,TOKEN_CPU_V1,1.3360089343087485,cluster_policy,91002,False
4,0.5243418571786532,g1.2_c0.5_b4,gmm,thermal,TOKEN_CPU_V1,1.3360089343087485,cluster_policy,91003,False
4,0.5421989697585085,g1.2_c0.5_b8,gmm,thermal,TOKEN_CPU_V1,1.3360089343087485,cluster_policy,91002,False
4,0.5342545025784143,g1.2_c0.5_b8,gmm,thermal,TOKEN_CPU_V1,1.3360089343087485,cluster_policy,91003,False
2,1.224826249455882,g1.2_c0.75_b1,gmm,thermal,EFT_REFERENCE,1.2247462728542176,outside_training_radius,91002,False
2,1.2253099468192785,g1.2_c0.75_b1,gmm,thermal,EFT_REFERENCE,1.2247462728542176,outside_training_radius,91003,False
4,1.3339935153483862,g1.2_c0.75_b4,gmm,thermal,TOKEN_CPU_V1,1.3360089343087485,cluster_policy,91002,False
4,1.3322667125828627,g1.2_c0.75_b4,gmm,thermal,TOKEN_CPU_V1,1.3360089343087485,cluster_policy,91003,False
4,1.3393953610021117,g1.2_c0.75_b8,gmm,thermal,EFT_REFERENCE,1.3360089343087485,outside_training_radius,91002,True
4,1.3361991183173627,g1.2_c0.75_b8,gmm,thermal,EFT_REFERENCE,1.3360089343087485,outside_training_radius,91003,True
