ordinal,task,backend,start_s,end_s
0,detection,CPU,35.00841531,35.627629156
1,classification,GPU,35.085589541,35.372866156
5,classification,GPU,35.514782772,35.894595003
2,detection,CPU,35.82711408,36.460474464
3,detection,CPU,36.466361772,37.07883408
9,classification,GPU,36.725750695,37.012869541
4,detection,CPU,37.192920003,37.814276541
6,detection,CPU,37.817566464,38.428833234
13,classification,GPU,38.046169233,38.342694157
17,classification,GPU,38.47077131,38.760912003
7,detection,CPU,38.572472541,39.184156234
8,detection,CPU,39.275609234,39.902793849
21,classification,GPU,39.68521108,39.95163508
10,detection,CPU,39.971638772,40.587213157
11,detection,CPU,40.604032849,41.239486464
12,detection,CPU,41.241997234,41.861153849
14,detection,CPU,41.863810695,42.486725465
15,detection,CPU,42.493633157,43.137408849
16,detection,CPU,43.140232618,43.791173542
18,detection,CPU,43.793759003,44.418735695
19,detection,CPU,44.42111108,45.035125234
20,detection,CPU,45.037437234,45.651496311
22,detection,CPU,45.654015311,46.267567311
23,detection,CPU,46.268295696,46.896449849
