stage,policy,seed,conditions,planned,completed,incomplete,urgent_failure,normal_failure,mean_urgent_p95_ms,mean_normal_ms,mean_energy_j,mean_peak_ap_c,cost_valid_conditions
pilot_development,L0,,24,1584,1584,0,0,24,349.240621125,2232.9194841471353,152.30881815476624,30.876956937411975,24
pilot_development,GREEDY,,24,1584,1584,0,0,306,259.585959,4629.035088802952,152.37807833219836,30.872964192184895,24
pilot_development,EDD,,24,1584,1584,0,0,36,318.5592955,2377.006492851707,152.43277190594642,30.814596227849474,24
pilot_development,Band,,24,1584,1584,0,0,24,349.240621125,2232.9201837743058,152.2727882601319,30.874566453091376,24
pilot_development,Triton,,24,1584,1584,0,0,24,397.52220825,2232.9194841471353,152.76103621767354,30.919560723435765,24
pilot_development,ListV2,,24,1584,1584,0,0,44,328.0158065416667,3041.1153864010416,152.24889545883084,30.862330008210705,24
pilot_development,PPO64,11,24,1584,1584,0,171,153,1368.4214780833333,3780.7625236750578,152.0359972724187,30.90505577979616,24
pilot_development,PPO64,23,24,1584,1584,0,8,24,1108.127381,2232.9194841471353,152.5471039113926,30.931285834511954,24
pilot_development,PPO64,37,24,1584,1584,0,4,436,946.4875280416667,4586.545917385995,152.74718575957195,30.888552061510538,24
main_development,L0,,24,1584,1584,0,0,24,349.240621125,2232.9194841471353,152.30881815476624,30.876956937411975,24
main_development,GREEDY,,24,1584,1584,0,0,306,259.585959,4629.035088802952,152.37807833219836,30.872964192184895,24
main_development,EDD,,24,1584,1584,0,0,36,318.5592955,2377.006492851707,152.43277190594642,30.814596227849474,24
main_development,Band,,24,1584,1584,0,0,24,349.240621125,2232.9201837743058,152.2727882601319,30.874566453091376,24
main_development,Triton,,24,1584,1584,0,0,24,397.52220825,2232.9194841471353,152.76103621767354,30.919560723435765,24
main_development,ListV2,,24,1584,1584,0,0,44,328.0158065416667,3041.1153864010416,152.24889545883084,30.862330008210705,24
main_development,PPO128,11,24,1584,1584,0,0,24,705.3079118750001,2241.8828805056423,152.3232208352673,30.8689598814987,24
main_development,PPO128,23,24,1584,1584,0,0,24,397.52220825,2232.9194841471353,152.76103621767354,30.919560723435765,24
main_development,PPO128,37,24,1584,1584,0,0,396,652.0931727083333,4758.685692280816,152.50369947787277,30.887163837373716,24
confirmation,L0,,48,3168,3168,0,0,39,356.4084510625,2204.1766111935763,152.3228260990401,30.868739266017293,48
confirmation,GREEDY,,48,3168,3168,0,0,678,284.987202625,4555.123064726563,152.3772142296203,30.846921753974406,48
confirmation,EDD,,48,3168,3168,0,0,66,305.84617064583335,2335.8332593234954,152.38308330009423,30.82082594203893,48
confirmation,Band,,48,3168,3168,0,0,39,356.4084510625,2204.1766111935763,152.27756477854314,30.859613581497193,48
confirmation,Triton,,48,3168,3168,0,0,39,390.8771270625,2198.9869110859377,152.75679714169368,30.903336617895114,48
confirmation,ListV2,,48,3168,3168,0,0,69,306.588131625,2932.710964667752,152.24207860374918,30.843078064545104,48
confirmation,PPO128,11,48,3168,3168,0,0,39,649.7957453333333,2207.8703803509115,152.27224902221596,30.868700656368336,48
confirmation,PPO128,23,48,3168,3168,0,0,39,390.8771270625,2198.9869110859377,152.75679714169368,30.903336617895114,48
confirmation,PPO128,37,48,3168,3168,0,0,798,621.7083898125,4761.932303228878,152.48574145687766,30.86836887475741,48
