policy,conditions,planned,completed,incomplete,deadline_met,urgent_service_failure,normal_service_failure,normal_n,urgent_n,normal_failure_rate_pct,mean_condition_normal_ms,main_all_deadlines_conditions,main_ap_available_conditions,main_mean_j,main_mean_peak_ap_c,mean_overlap_s,mean_cpu_occupied_s,mean_gpu_occupied_s
TRITON_RATE_OFF_FIXED_REQUEST_ADAPT_V1,192,12672,12672,0,12480,0,192,7200,5472,2.6666666666666665,2236.6925773890157,96,96,163.63608220971432,31.364209775696775,5.132292458249999,23.31465251643229,8.68764003791146
TRITON_RATE_CAP1_EQUAL_REQUEST_ADAPT_V1,192,12672,12216,456,5688,3918,3066,7200,5472,42.583333333333336,4220.461108214191,48,48,164.87794117783025,30.23738690069952,0,22.628516400593746,8.343193168208336
TRITON_RATE_CAP2_EQUAL_REQUEST_ADAPT_V1,192,12672,12672,0,12480,0,192,7200,5472,2.6666666666666665,2236.6925773890157,96,96,163.63608220971432,31.364209775696775,5.132292458249999,23.31465251643229,8.68764003791146
TRITON_RATE_CAP1_CLASS_WEIGHT_REQUEST_ADAPT_V1,192,12672,12327,345,8656,33,3983,7200,5472,55.31944444444444,4992.335264016531,48,48,164.71257806891774,30.23738690069952,0,22.284069525203122,8.68764004359896
TRITON_RATE_CAP2_CLASS_WEIGHT_REQUEST_ADAPT_V1,192,12672,12672,0,12480,0,192,7200,5472,2.6666666666666665,2236.6925773890157,96,96,163.63608220971432,31.364209775696775,5.132292458249999,23.31465251643229,8.68764003791146
BAND_HEFT_WHOLE_REQUEST_ADAPT_V1,192,12672,12672,0,12479,0,193,7200,5472,2.6805555555555554,2240.7654223806244,96,96,162.6789454467923,31.286800810398983,5.010637979921874,25.110519016104163,5.374166924822918
SHARED_EFT,192,12672,12672,0,12468,0,204,7200,5472,2.8333333333333335,2253.3733886146197,96,96,162.7677949049631,31.299095789342847,5.069117014588541,24.884207138374997,5.791719799427084
ENERGY_AP_REQUEST_V1,192,12672,12672,0,11452,703,517,7200,5472,7.180555555555555,3663.341778198622,48,96,162.34933666704563,31.297789629986642,5.47601781831771,25.02446886932812,5.532208211885418
ARRIVED_QUEUE_J_PEAK_AREA_V1,192,12672,12672,0,11924,338,410,7200,5472,5.694444444444445,3217.421198151765,54,96,162.52221481566528,31.27674538295395,4.9070164506927085,25.33424938639583,4.961135656088541
EFT_REFERENCE,192,12672,12672,0,12380,0,292,7200,5472,4.055555555555555,2404.0086728098054,96,96,162.8470094442133,31.235346693423498,4.039090898296875,25.66640294315104,4.348542753489584
RESERVED_THERMAL_REQUEST_V1_NUMERIC_R2,192,12672,12672,0,12380,0,292,7200,5472,4.055555555555555,2403.950687553313,96,96,162.8460686788612,31.23443357344555,4.038979416963541,25.668123947161455,4.345367446458334
