session,block,stored_forecast_schedule,B_energy_prediction,reason
development_30_C0,history,,,stored forecast schedule unrecorded;actual future schedule not substituted
development_30_CPU,history,,,stored forecast schedule unrecorded;actual future schedule not substituted
development_30_PAR,history,,,stored forecast schedule unrecorded;actual future schedule not substituted
development_180_PAR,history,,,stored forecast schedule unrecorded;actual future schedule not substituted
development_180_CPU,history,,,stored forecast schedule unrecorded;actual future schedule not substituted
development_180_C0,history,,,stored forecast schedule unrecorded;actual future schedule not substituted
confirmation_180_C0,history,,,stored forecast schedule unrecorded;actual future schedule not substituted
confirmation_180_CPU,history,,,stored forecast schedule unrecorded;actual future schedule not substituted
confirmation_180_PAR,history,,,stored forecast schedule unrecorded;actual future schedule not substituted
confirmation_30_PAR,history,,,stored forecast schedule unrecorded;actual future schedule not substituted
confirmation_30_CPU,history,,,stored forecast schedule unrecorded;actual future schedule not substituted
confirmation_30_C0,history,,,stored forecast schedule unrecorded;actual future schedule not substituted
